# File generated by ImageToStl.com - Free Image and 3D model conversion tools

mtllib crumpled_paper.mtl

o obj1
v 0.2234554 0.52448602 -0.12864742
v 0.26406574 0.47614129 -0.11762002
v 0.25185266 0.45002195 -0.17254175
v 0.20438762 0.48964486 -0.18161355
v 0.1361323 0.37893688 -0.24260961
v 0.10916302 0.33697598 -0.28339255
v 0.16612306 0.3164999 -0.2937873
v 0.19147797 0.3491223 -0.24822879
v 0.16016932 0.37117361 0.11603799
v 0.1992531 0.37739774 0.06959242
v 0.16484867 0.43109345 0.06295276
v 0.14785588 0.43065862 0.12167347
v 0.13298523 0.09843059 -0.23443997
v 0.09207778 0.0729727 -0.2017161
v 0.07874514 0.10331082 -0.23707545
v 0.11290253 0.07837063 -0.25286254
v 0.07256982 0.24996417 -0.1504063
v 0.11935514 0.21558714 -0.13124791
v 0.08273931 0.17725556 -0.0961858
v 0.03421993 0.19676217 -0.12758145
v 0.28798503 0.44517922 0.07865658
v 0.30747208 0.39138556 0.0842749
v 0.31838363 0.40328112 0.0252157
v 0.28213423 0.43703504 0.01517122
v 0.1712949 0.07696089 -0.03193402
v 0.12322231 0.04026383 -0.04880934
v 0.13636135 0.04972517 -0.10892389
v 0.18377925 0.08585045 -0.09293032
v -0.14779423 0.05298936 0.08160687
v -0.10436888 0.09637184 0.09744348
v -0.14788273 0.13485868 0.11064439
v -0.18729286 0.09371756 0.10221147
v 0.04309939 0.40662906 0.14062349
v 0.05454706 0.34728146 0.14619505
v 0.02988421 0.35154428 0.12908752
v 0.06785829 0.33786663 0.08226631
v 0.08641693 0.08568385 0.11341452
v 0.12338916 0.13399172 0.13394544
v 0.16193961 0.08823805 0.15112524
v 0.12314866 0.04014014 0.13565297
v 0.07485731 0.18076018 -0.30483189
v 0.08812197 0.20964359 -0.34701309
v 0.13841365 0.18738045 -0.32188749
v 0.12329035 0.14679615 -0.30319878
v -0.321583 0.30815157 -0.13161406
v -0.31366864 0.36674363 -0.13840318
v -0.27993625 0.35704392 -0.18992339
v -0.28788954 0.29760312 -0.18026668
v -0.17077564 0.52715652 -0.04686266
v -0.17741178 0.46540977 -0.04322934
v -0.21871652 0.46235801 -0.09053127
v -0.18701224 0.51311849 -0.10426831
v 0.03776643 0.42080337 -0.10824835
v 0.02017583 0.48282592 -0.10016966
v 0.06480496 0.49533525 -0.1420621
v 0.09588107 0.43891476 -0.12096627
v -0.18096608 0.17310426 0.07842549
v -0.12658368 0.19619171 0.05634381
v -0.13184175 0.25383331 0.08278769
v -0.18274342 0.21993114 0.06371063
v 0.16896001 0.39028711 -0.14993416
v 0.23030373 0.39497462 -0.15696599
v 0.22968826 0.44946828 -0.12538888
v 0.16957033 0.4415046 -0.10989566
v -0.05313581 0.32400527 -0.05862833
v -0.00737511 0.35217638 -0.09024055
v 0.00664697 0.38758117 -0.04027776
v -0.04756045 0.36446822 -0.01030022
v -0.02383344 0.13968453 -0.22270784
v -0.01313136 0.1785786 -0.26948288
v -0.01629554 0.22635986 -0.2285704
v -0.04726748 0.18765886 -0.18957154
v 0.14086966 0.23562734 -0.31094027
v 0.192692 0.21408979 -0.30020249
v 0.2064642 0.28388996 -0.29428235
v 0.14650585 0.28161853 -0.28728586
v -0.21286052 0.29989693 0.01323544
v -0.22699717 0.24221463 0.03074512
v -0.22481108 0.22295844 -0.03059648
v -0.21206877 0.28365954 -0.04915275
v -0.02988366 0.3063317 0.07610825
v -0.03388962 0.24734381 0.05267049
v -0.08323673 0.23574743 0.08763542
v -0.07839856 0.29804325 0.10865759
v -0.04890669 0.09545246 -0.01766364
v -0.03974865 0.06186445 -0.05240129
v -0.09075105 0.08252692 -0.04742957
v -0.09384638 0.06809294 0.0141025
v 0.04995288 0.2629165 -0.29326284
v 0.0489915 0.30898105 -0.25916964
v 0.10873609 0.31989057 -0.26008791
v 0.11184172 0.27631337 -0.30520162
v -0.16212524 0.23454203 -0.20940325
v -0.14430565 0.18922342 -0.17015897
v -0.09125184 0.21431993 -0.18776451
v -0.11167791 0.22097935 -0.24599385
v -0.1806463 0.34627824 -0.0719028
v -0.15351322 0.38613401 -0.0233383
v -0.14587702 0.42863044 -0.0689404
v -0.14402393 0.37866042 -0.1084131
v -0.22505689 0.52150531 -0.09523743
v -0.19060633 0.56626925 -0.07475103
v -0.16549064 0.57075268 -0.13306272
v -0.20307261 0.52775034 -0.15646747
v -0.14876032 0.3950866 0.09448829
v -0.10766943 0.44197693 0.1100461
v -0.13431561 0.48069634 0.06956188
v -0.17827678 0.43532464 0.06299166
v 0.01745023 0.54119152 0.09779368
v 0.00789568 0.48257841 0.11602873
v -0.05054161 0.48480774 0.09863357
v -0.03679617 0.54124719 0.06797979
v -0.31280622 0.13723756 -0.02390873
v -0.30722189 0.17482454 -0.07066369
v -0.28547651 0.13474137 -0.1043445
v -0.2846126 0.09753172 -0.06284662
v -0.29999751 0.30848697 0.10092241
v -0.29464281 0.26254348 0.05902383
v -0.34380156 0.28955476 0.07716081
v -0.32409182 0.30609401 0.02784958
v -0.25887907 0.2085439 -0.00477492
v -0.25535336 0.26030002 0.03396044
v -0.25362748 0.29330582 -0.01431511
v -0.24563931 0.24960975 -0.05306731
v 0.07848221 0.0196304 -0.16898304
v 0.06985672 0.03454983 -0.2279247
v 0.12575926 0.04713058 -0.2270553
v 0.13139449 0.01085517 -0.17448455
v -0.13328221 0.1052106 -0.09345929
v -0.13676591 0.13798194 -0.14448594
v -0.09918702 0.09456481 -0.17450383
v -0.09718504 0.05804341 -0.12201698
v -0.15111028 0.24404346 -0.29128426
v -0.13028489 0.30634546 -0.29050997
v -0.07702754 0.28781348 -0.31693894
v -0.09239925 0.22649062 -0.30402339
v 0.02399226 0.16613799 0.14670131
v 0.00358972 0.10696575 0.14412148
v 0.04503843 0.09729978 0.09324136
v 0.05482291 0.15961093 0.0902833
v 0.00323933 0.21941674 0.34801796
v 0.02299233 0.23449016 0.29211584
v 0.00079316 0.19046506 0.26238096
v -0.03253699 0.20411605 0.31333444
v 0.17179853 0.23969255 0.21514533
v 0.14240639 0.28611656 0.21050198
v 0.12081117 0.25284324 0.15850115
v 0.14718278 0.2029767 0.18132783
v -0.18138176 0.45842749 0.09884273
v -0.1247092 0.44676782 0.13127062
v -0.13113022 0.38954763 0.12876038
v -0.20002511 0.3969198 0.11068415
v -0.17317447 0.40411021 0.14051956
v -0.12119932 0.405688 0.17372553
v -0.12925902 0.46898356 0.1804494
v -0.174137 0.47026311 0.13560899
v -0.11056356 0.38966462 0.30475271
v -0.07798538 0.33867729 0.33526564
v -0.04156241 0.35764316 0.30322847
v -0.065159 0.41226423 0.28568497
v -0.17826454 0.17543319 0.25430214
v -0.18590423 0.1178105 0.22605337
v -0.23335099 0.14823976 0.19857846
v -0.21522756 0.20257394 0.22694053
v -0.22947463 0.21144353 0.1166229
v -0.17595181 0.20329158 0.14010598
v -0.2010645 0.18992768 0.16040768
v -0.18664579 0.13904509 0.13697484
v -0.00303908 0.16520514 0.121357
v 0.0267209 0.1597771 0.0657675
v 0.01885064 0.09561995 0.06578635
v -0.02275079 0.10623983 0.11778199
v 0.32671002 0.21059362 0.03621061
v 0.31849426 0.15161346 0.01703606
v 0.32463959 0.17416167 -0.04356788
v 0.33695659 0.23291194 -0.02222976
v 0.16305524 0.16569743 0.2138799
v 0.15410399 0.10688043 0.19374636
v 0.21131773 0.11126412 0.16564064
v 0.21551922 0.17149502 0.18184359
v 0.25487143 0.04267177 0.1426681
v 0.29407087 0.06337766 0.09339585
v 0.26159537 0.03452924 0.04049262
v 0.23126158 0.01128209 0.08202787
v 0.22605754 0.27840767 0.15789188
v 0.24943009 0.33100913 0.13388662
v 0.27907094 0.29837585 0.08762043
v 0.26501679 0.24407275 0.11754678
v 0.06102201 0.43469378 0.15058947
v 0.08877338 0.48344663 0.17597464
v 0.14019147 0.44657619 0.16281867
v 0.10983598 0.40464516 0.13715644
v 0.15069786 0.39814933 0.25340772
v 0.16862191 0.33840908 0.26381281
v 0.22474259 0.34990749 0.23754549
v 0.21040478 0.40985076 0.23894931
v 0.09108289 0.28439171 -0.05080275
v 0.04940945 0.24972733 -0.079597
v 0.01872662 0.29769524 -0.09680191
v 0.06009427 0.33634645 -0.0674598
v 0.26915082 0.16294285 -0.04316578
v 0.25902703 0.21889403 -0.06381261
v 0.20378169 0.20539144 -0.08373322
v 0.21404435 0.14766416 -0.06534857
v 0.21400458 0.39475753 -0.05426828
v 0.23194832 0.42737256 -0.0987598
v 0.19861588 0.38599656 -0.12171934
v 0.15815251 0.38478649 -0.07702585
v 0.12894133 0.22242197 -0.17428473
v 0.08228908 0.2522312 -0.19712104
v 0.04387962 0.22362012 -0.16165726
v 0.07727629 0.18091042 -0.13494602
v 0.29079378 0.30656023 -0.19154149
v 0.26810724 0.25030645 -0.21033795
v 0.22734255 0.27677217 -0.24760664
v 0.25741985 0.33038257 -0.23156528
v 0.17259575 0.10130464 -0.22550197
v 0.1284014 0.07369673 -0.19847801
v 0.12135724 0.11984584 -0.18022452
v 0.15838513 0.15318844 -0.20604728
v 0.00690202 0.24638231 0.06120958
v 0.03127604 0.29978763 0.04312736
v 0.0071568 0.32748278 0.09313779
v -0.02271469 0.27520138 0.10924718
v 0.14996268 0.13419192 -0.0706905
v 0.15792817 0.11743633 -0.02406182
v 0.14840136 0.18420155 -0.0375538
v 0.09222507 0.1568075 -0.06684376
v 0.17250493 0.12563263 0.12070595
v 0.1959549 0.14039589 0.07079474
v 0.22273274 0.19240133 0.09345227
v 0.1732505 0.19176447 0.12443482
v 0.16092491 0.37758756 -0.28522199
v 0.18323322 0.42553002 -0.25063267
v 0.23306544 0.39605417 -0.24079199
v 0.2167739 0.35178003 -0.27862683
v -0.06358882 0.48490861 -0.28315929
v -0.03200329 0.52477521 -0.24942523
v 0.01998856 0.50883564 -0.26447311
v -0.00591064 0.45931792 -0.29110673
v -0.08260813 0.44308978 -0.16795549
v -0.1088927 0.40276571 -0.20836747
v -0.05636146 0.37125197 -0.2084536
v -0.02772877 0.41544193 -0.17129135
v 0.00370382 0.60066471 -0.13602008
v 0.05177645 0.565813 -0.12538107
v 0.05035592 0.54140902 -0.18220225
v 0.02212705 0.58036333 -0.18456389
v -0.02401117 0.48860832 0.07423246
v 0.03667048 0.50934042 0.08299132
v 0.03649536 0.54817823 0.03999762
v -0.01851995 0.5261225 0.01978069
v 0.20732051 0.48233162 0.07748465
v 0.25798026 0.46602532 0.05353866
v 0.26346073 0.50731991 0.05191427
v 0.21651685 0.54250416 0.05926241
v 0.09346708 0.51336461 0.08478002
v 0.15236278 0.50089523 0.08425086
v 0.15891583 0.5559819 0.05682455
v 0.09603009 0.56231767 0.05289758
v 0.06453282 0.45387289 -0.02129078
v 0.12439299 0.45857239 -0.03453797
v 0.14086106 0.46972868 0.02647194
v 0.07940993 0.48721002 0.0311133
v 0.18455607 0.46515787 -0.05067354
v 0.24419451 0.46610977 -0.06403777
v 0.25976923 0.46722424 -0.00576929
v 0.20036504 0.4689478 0.01388654
v -0.12035193 0.426249 0.01409951
v -0.06318258 0.45062722 0.03566947
v -0.07673906 0.50302434 0.00184521
v -0.11991023 0.46970962 -0.02966686
v -0.09492381 0.32266333 0.08178083
v -0.04897022 0.35001227 0.07607336
v -0.06127302 0.40339316 0.0805034
v -0.10683525 0.37497 0.05146003
v -0.01901261 0.39243203 0.04390737
v 0.01352142 0.43081227 0.00605033
v 0.02776518 0.46028133 0.05824011
v -0.01379445 0.43391332 0.08846572
v -0.00263346 0.53868157 -0.12486476
v -0.0411684 0.57296824 -0.14633781
v -0.01698885 0.55187461 -0.20413147
v 0.02422883 0.52550408 -0.18122962
v -0.1143036 0.50904474 -0.07669049
v -0.07333536 0.54559028 -0.04712945
v -0.05792309 0.52547239 -0.0970027
v -0.07268558 0.58608422 -0.0970866
v -0.02303677 0.58020997 -0.01991943
v 0.03969826 0.58814564 -0.01171968
v 0.04671122 0.60061076 -0.07392535
v -0.01501839 0.60348645 -0.07951938
v -0.03993357 0.52385379 -0.20017892
v -0.05653461 0.49665312 -0.1500404
v 5.27E-06 0.46776879 -0.1460236
v 0.01586423 0.48978183 -0.20465504
v -0.09054037 0.57735202 -0.13737465
v -0.10377979 0.51825908 -0.13676523
v -0.08402193 0.528363 -0.19125487
v -0.05783695 0.58183646 -0.18591376
v -0.16062731 0.50327441 -0.15841207
v -0.19038445 0.44625346 -0.14677854
v -0.16173814 0.42742512 -0.19770657
v -0.1220146 0.47746095 -0.19758023
v -0.11067251 0.36786336 -0.29251853
v -0.08812629 0.42719135 -0.28828734
v -0.03257165 0.40730921 -0.31537649
v -0.05915847 0.35027321 -0.32475668
v -0.2122539 0.40330204 -0.22690853
v -0.18550584 0.45930494 -0.21294595
v -0.13742739 0.44431067 -0.25239483
v -0.15917727 0.38385317 -0.25543275
v -0.15821385 0.51416494 -0.19997296
v -0.12842831 0.56358913 -0.18039651
v -0.08051388 0.55120942 -0.22343412
v -0.11116388 0.50376184 -0.24399602
v 0.11368553 0.28602599 -0.34337875
v 0.13730519 0.33747053 -0.32199088
v 0.19021727 0.31447886 -0.31246993
v 0.17026466 0.25294531 -0.33632734
v 0.00011419 0.3260724 -0.33430672
v 0.02457595 0.37811062 -0.30903873
v 0.08289093 0.36264999 -0.33107343
v 0.05527302 0.30786597 -0.34772399
v 0.04831748 0.43010734 -0.28293234
v 0.07492454 0.48529254 -0.2588605
v 0.12998463 0.45703796 -0.2562438
v 0.10563651 0.40796214 -0.29113337
v 0.13564317 0.11972937 0.03330343
v 0.1244549 0.1263862 0.08897054
v 0.12736402 0.18761835 0.08715529
v 0.14750355 0.18379759 0.02889576
v 0.07099911 0.03002414 0.04978515
v 0.11908159 0.00421849 0.07508012
v 0.12512125 0.05735034 0.03610088
v 0.11034644 0.06288484 0.09117492
v 0.16518632 0.0091731 0.10870421
v 0.20105161 0.0611546 0.12338994
v 0.16870357 0.06735638 0.11298232
v 0.20611639 0.08205345 0.0780369
v 0.05645461 0.15732466 0.00855605
v 0.09569103 0.14756191 -0.03668164
v 0.06487026 0.10227157 -0.04903984
v 0.04209934 0.09621903 0.00561762
v 0.08762216 0.26973947 0.02949482
v 0.10323937 0.21099336 0.03760517
v 0.06576429 0.2177796 0.01036773
v 0.10436182 0.19430504 -0.0115332
v 0.09861454 0.1478035 0.04302657
v 0.07058089 0.09052543 0.03602643
v 0.10539949 0.08173656 -0.01601814
v 0.12172405 0.14074399 -0.01509403
v -0.04792307 0.13241228 0.10394377
v -0.02004351 0.18765026 0.08137359
v -0.05510391 0.22467725 0.11639434
v -0.09700006 0.17512112 0.12427338
v -0.01662441 0.08398621 -0.00553973
v 0.0158889 0.13551728 -0.02358386
v -0.01918481 0.16963502 0.01762633
v -0.04826096 0.11688896 0.03547489
v 0.04985685 0.18793473 -0.03500593
v 0.09861438 0.22639401 -0.03137454
v 0.05684312 0.27102805 -0.00881282
v 0.01641696 0.2205784 0.00350028
v 0.2458802 0.19336088 -0.22280081
v 0.218869 0.14043494 -0.23444034
v 0.1837139 0.17331333 -0.25676057
v 0.21652283 0.22288051 -0.26612294
v 0.29552087 0.14195916 -0.12146018
v 0.25808558 0.09585652 -0.12945184
v 0.23858868 0.11415744 -0.18240999
v 0.26874915 0.16789989 -0.17328273
v 0.2118253 0.05654095 -0.13296519
v 0.1776727 0.01029551 -0.13267057
v 0.15943635 0.03533202 -0.18603776
v 0.19714175 0.07000169 -0.18203072
v 0.27915329 0.41140772 -0.13838325
v 0.29699463 0.3608211 -0.16469291
v 0.25277334 0.33789334 -0.18212055
v 0.24953292 0.35863444 -0.1280247
v 0.33440173 0.36898742 -0.04448262
v 0.34133413 0.31062292 -0.0642415
v 0.32169187 0.33632293 -0.11611569
v 0.31590673 0.39251124 -0.09663267
v 0.33236876 0.25384284 -0.08327939
v 0.31055591 0.1998402 -0.10139041
v 0.29911107 0.22335908 -0.16005839
v 0.32415727 0.27955631 -0.1440956
v 0.17544562 0.18311083 -0.11970055
v 0.17623809 0.18006013 -0.16541359
v 0.13633262 0.13302277 -0.14242277
v 0.12946327 0.1413952 -0.1000203
v 0.22709122 0.30226477 -0.11583071
v 0.24857405 0.28063548 -0.16945569
v 0.2162749 0.2280864 -0.16557764
v 0.19875158 0.24708495 -0.11368863
v 0.21620446 0.29993142 -0.21642008
v 0.17966157 0.29568838 -0.25929803
v 0.13033816 0.26913494 -0.23353072
v 0.17096527 0.26785154 -0.18588604
v 0.24386708 0.27841115 -0.07080534
v 0.22636653 0.3376853 -0.07114425
v 0.16404784 0.32187679 -0.06662573
v 0.18205102 0.26139292 -0.07614271
v 0.29628381 0.31906457 0.00272023
v 0.28586206 0.37474351 -0.02293068
v 0.28610775 0.34453537 -0.07796974
v 0.2975471 0.29115359 -0.04906849
v 0.27221552 0.42638019 -0.04462548
v 0.3208698 0.42330526 -0.03061016
v 0.28979355 0.44302937 -0.07634418
v 0.26311263 0.39756467 -0.09144332
v 0.24599656 0.12704393 0.04359576
v 0.25706568 0.11636567 -0.00911027
v 0.22424926 0.16362742 -0.00635
v 0.25292629 0.19196737 0.04098838
v 0.23192811 0.10204279 0.1085578
v 0.2629905 0.15807828 0.08695066
v 0.27963653 0.13329777 0.04096654
v 0.25599992 0.08443594 0.0780149
v 0.28348032 0.21320657 0.0650822
v 0.29027724 0.26625491 0.03316365
v 0.30131391 0.23501633 -0.02090847
v 0.29006812 0.18315701 0.00920201
v 0.17300075 0.35409966 0.01701216
v 0.13117708 0.31754773 -0.01553782
v 0.09782048 0.3703055 -0.02876283
v 0.13169004 0.40174767 0.01521641
v 0.23493217 0.24626499 0.02921563
v 0.21555534 0.22696165 -0.02794543
v 0.1730811 0.2711998 -0.0177753
v 0.21089923 0.30308247 0.02153756
v 0.17474814 0.19159561 -0.05434341
v 0.14356942 0.19316891 -0.09472401
v 0.08985767 0.20349385 -0.08053903
v 0.13258667 0.2360645 -0.05212156
v 0.11529636 0.50946963 0.21990608
v 0.13867693 0.45842728 0.25612897
v 0.19033195 0.45711914 0.22297589
v 0.1638999 0.49127166 0.18990153
v 0.01157681 0.49325024 0.28024754
v 0.03167283 0.43461898 0.29411513
v 0.08597039 0.45353609 0.28512374
v 0.06433401 0.51063156 0.25770572
v 0.05015296 0.37867387 0.31960335
v 0.06952123 0.3200979 0.33471534
v 0.12471897 0.33105849 0.30853716
v 0.10727652 0.39261574 0.29842648
v 0.11789227 0.34097153 0.19034819
v 0.08463433 0.38856065 0.16968572
v 0.09103044 0.36180626 0.11212439
v 0.08566222 0.30956475 0.15157025
v 0.04848856 0.34126075 0.29401368
v 0.02180941 0.39317388 0.27318278
v 0.07000235 0.40197565 0.22960873
v 0.09589915 0.34959199 0.24933897
v 9.041E-05 0.44821994 0.24914606
v -0.0128514 0.50653644 0.23375601
v 0.03616367 0.50690426 0.20017715
v 0.04135267 0.44888289 0.20253347
v 0.15835547 0.1772562 0.16019656
v 0.19443734 0.22669372 0.17394805
v 0.2302587 0.19155747 0.13531408
v 0.19616097 0.14115587 0.15289398
v 0.09351205 0.26450152 0.10565048
v 0.12158654 0.31430632 0.12248302
v 0.15791886 0.27271914 0.1485662
v 0.12521645 0.22120328 0.12381201
v 0.14475648 0.35746201 0.16255501
v 0.17038667 0.40347395 0.19610023
v 0.21052851 0.36589205 0.1677151
v 0.18363854 0.31402337 0.18662766
v 0.15583661 0.04834853 0.18501243
v 0.21492365 0.0343219 0.17794728
v 0.20949166 0.05181241 0.15031406
v 0.19265799 -0.00016552 0.12713592
v 0.1843569 0.14357394 0.25740251
v 0.22800118 0.15587601 0.20997177
v 0.22215386 0.0963645 0.19401108
v 0.17351477 0.08829433 0.22780758
v 0.27082643 0.16520147 0.16711308
v 0.31524503 0.17434782 0.12460493
v 0.30437145 0.11886361 0.10479724
v 0.26388517 0.10591306 0.15377709
v 0.18638773 0.27789399 0.26991558
v 0.18141972 0.21848948 0.24949311
v 0.23308504 0.2272079 0.21149828
v 0.23257537 0.28867199 0.22721882
v 0.08307461 0.25729307 0.33607638
v 0.07968327 0.20203293 0.31439468
v 0.13362075 0.20683741 0.28777248
v 0.13607144 0.26785961 0.30736265
v 0.07671361 0.13591592 0.29588321
v 0.13055938 0.13072936 0.28851739
v 0.11924407 0.15141697 0.2576561
v 0.11560336 0.09575038 0.24164876
v 0.32654542 0.33118627 0.07366006
v 0.33241829 0.26945377 0.05598315
v 0.34610888 0.28868355 -0.00413157
v 0.33203027 0.34927777 0.01376679
v 0.28144658 0.29969004 0.18741986
v 0.2715393 0.24074949 0.16315784
v 0.31025583 0.25275175 0.11490086
v 0.3140173 0.31410937 0.1341738
v 0.25924364 0.18246744 0.13888617
v 0.25795969 0.12705238 0.1245269
v 0.29692468 0.13388006 0.07237427
v 0.30241725 0.19392421 0.09301475
v -0.11515976 0.18692008 0.15538761
v -0.05111092 0.17799727 0.16317333
v -0.06281404 0.1194625 0.16800556
v -0.11966996 0.12584135 0.14059742
v -0.0949366 0.31597958 0.14142533
v -0.02682344 0.30076912 0.16027015
v -0.04073508 0.24174608 0.14370812
v -0.11070409 0.24565981 0.14500907
v 0.02093909 0.28881014 0.12488604
v 0.048841 0.28493626 0.06933574
v 0.03526411 0.22163047 0.06472381
v 0.01430982 0.22609164 0.12237123
v -0.24101096 0.32367765 0.13657466
v -0.24364583 0.26263728 0.13046753
v -0.20537151 0.24762275 0.18151286
v -0.19710022 0.31122286 0.1757092
v -0.30105287 0.35535605 0.03908009
v -0.25052574 0.34321522 0.07081895
v -0.28750536 0.3346269 0.0952375
v -0.2639744 0.28128792 0.07538192
v -0.21083589 0.33562378 0.11731558
v -0.14598522 0.33585737 0.12308834
v -0.16352896 0.26398263 0.14031987
v -0.21610147 0.27277443 0.11427363
v -0.13498285 0.28370902 0.30524194
v -0.16264655 0.22801498 0.28973031
v -0.20366098 0.25678312 0.25950938
v -0.16668636 0.2993741 0.27194476
v -0.14885245 0.3002386 0.21650292
v -0.14421764 0.24122376 0.19151421
v -0.11538617 0.23171327 0.24273244
v -0.09722481 0.29209335 0.25626153
v -0.14740613 0.18201631 0.188017
v -0.14380541 0.1221948 0.17460296
v -0.1244076 0.10594702 0.22950907
v -0.11347326 0.16938174 0.2332366
v -0.06437407 0.41059954 0.19956225
v -0.08502822 0.40477474 0.25227243
v -0.09115518 0.46194586 0.25864279
v -0.07364821 0.46863432 0.20735511
v -0.03733293 0.29108211 0.18614002
v -0.02483841 0.29347033 0.24220335
v -0.05071143 0.35188466 0.25058261
v -0.05284278 0.35055287 0.19368039
v -0.07207031 0.27011058 0.27770326
v -0.1165265 0.23753079 0.30504853
v -0.10937113 0.2897405 0.33535728
v -0.07900216 0.32767868 0.29938471
v -0.23514487 0.43558472 0.19515331
v -0.23031612 0.4080561 0.14248054
v -0.23187985 0.46495749 0.11880016
v -0.26473033 0.4598484 0.15225242
v -0.13728844 0.38801039 0.2437833
v -0.13359918 0.34774658 0.19558647
v -0.18521656 0.3733654 0.16976714
v -0.18562183 0.41241848 0.21813941
v -0.14187452 0.29407773 0.16423121
v -0.08269005 0.2800723 0.16665028
v -0.11010329 0.34786031 0.16533484
v -0.16674672 0.34494501 0.14246939
v -0.26039332 0.46548431 0.00328912
v -0.2147156 0.45961246 0.04404527
v -0.23970607 0.40348246 0.06348764
v -0.27743524 0.40510638 0.01262674
v -0.27144513 0.47971331 0.10072252
v -0.23021598 0.5247474 0.10762883
v -0.21274374 0.51789141 0.05702269
v -0.27109629 0.50060746 0.0450215
v -0.17574261 0.53157362 0.13423488
v -0.1242642 0.53175557 0.17204475
v -0.11218806 0.50486051 0.13151841
v -0.15709063 0.51366949 0.08664489
v 0.05914729 0.23835254 0.25050288
v 0.11275291 0.23384453 0.2264324
v 0.09125943 0.19180702 0.19236965
v 0.03600211 0.19052136 0.21922231
v 0.06199348 0.1074443 0.25110167
v 0.07362961 0.16445084 0.27371109
v 0.06092127 0.17709551 0.24525806
v 0.11735319 0.18051779 0.23426834
v 0.07354195 0.22271884 0.28901666
v 0.05805309 0.27851701 0.2863104
v 0.11850788 0.29298265 0.2694521
v 0.12878792 0.23380886 0.2613517
v -0.05740821 0.29498734 0.3473981
v -0.01835851 0.25280461 0.34375846
v -0.02081501 0.30125783 0.31386888
v -0.0470398 0.2537608 0.30483964
v -0.1297621 0.20300244 0.3143149
v -0.09055112 0.15998453 0.31325442
v -0.05716311 0.20304545 0.34426627
v -0.09467528 0.24623492 0.3356702
v -0.04545234 0.12022699 0.30586806
v 0.00619821 0.11422677 0.27932456
v 0.02374523 0.17294346 0.29129797
v -0.01561318 0.16343185 0.32697582
v 0.04758375 0.28831785 0.14393082
v 0.04041943 0.22759569 0.14727071
v 0.06392821 0.2203353 0.08821201
v 0.07331603 0.28295158 0.08488266
v 0.01701687 0.30118573 0.2644029
v -0.00603977 0.24492462 0.26118642
v 0.01619986 0.23883075 0.2019982
v 0.04397572 0.29374573 0.20903787
v -0.03603734 0.18923684 0.25606158
v -0.01729455 0.13174076 0.26106605
v -0.01559519 0.11696056 0.20421864
v -0.00918515 0.17729864 0.20048696
v -0.15118678 0.15327758 -0.2042459
v -0.1566873 0.19061355 -0.25408596
v -0.09944627 0.17339056 -0.27042103
v -0.09820011 0.1300654 -0.2248891
v -0.25849834 0.1575207 -0.18664242
v -0.2554045 0.21786442 -0.20955479
v -0.19898696 0.22098362 -0.22179744
v -0.20436993 0.17409419 -0.17946732
v -0.25341925 0.28000883 -0.229451
v -0.22987255 0.34074502 -0.22487688
v -0.18381146 0.32434468 -0.2634263
v -0.20518601 0.26479149 -0.26586407
v -0.11412519 0.03085771 0.00703837
v -0.12876552 0.0667665 -0.04272172
v -0.0777021 0.03600706 -0.06552681
v -0.05196463 0.03704382 -0.0033131
v -0.2130131 0.00221494 0.00341618
v -0.23708592 0.0274626 -0.04969508
v -0.18048868 0.04556949 -0.04456003
v -0.15780064 -0.00719902 -0.01944176
v -0.24649088 0.06668584 -0.09952744
v -0.24985576 0.10908973 -0.1466468
v -0.19986343 0.13204697 -0.13368949
v -0.19109267 0.09492692 -0.08514499
v 0.10850313 -0.01217127 -0.05195935
v 0.08965894 -0.017571 -0.11573048
v 0.14964309 -0.00681937 -0.11917613
v 0.16356547 -0.01660192 -0.05727535
v 0.00605988 0.0447982 -0.0243174
v -0.01585647 0.02822426 -0.08537269
v 0.0420153 0.02259651 -0.10229263
v 0.06230298 0.02963445 -0.04226327
v -0.03697519 0.03997892 -0.14038068
v -0.04619968 0.06478226 -0.19684611
v 0.01020233 0.04677972 -0.21520469
v 0.01601764 0.00765443 -0.16064698
v -0.31008822 0.21619789 0.02737386
v -0.29116273 0.17589044 -0.01741192
v -0.2870591 0.22060695 -0.05638744
v -0.30698445 0.2644968 -0.01546521
v -0.26919374 0.13726135 0.11509836
v -0.2630536 0.0975509 0.06830095
v -0.28459311 0.13232878 0.02732643
v -0.29495692 0.17583595 0.06925377
v -0.23815626 0.13343155 0.10853129
v -0.18236241 0.18290149 0.11488461
v -0.23527278 0.22250556 0.08246749
v -0.26029965 0.16077664 0.04446776
v -0.28395766 0.28451743 0.20205212
v -0.31429556 0.31052424 0.15753783
v -0.32316479 0.25863023 0.12658791
v -0.29508159 0.23006028 0.17394648
v -0.2046047 0.34180299 0.23333991
v -0.22299339 0.2901795 0.21033016
v -0.26074997 0.32185189 0.17221615
v -0.2591089 0.33096442 0.22350897
v -0.2494434 0.23670115 0.18638593
v -0.25073582 0.18584849 0.14837651
v -0.29023057 0.22019915 0.10709664
v -0.27665657 0.27117424 0.14331873
v -0.27839771 0.07169175 0.07596197
v -0.30157503 0.10325424 0.02591509
v -0.2611956 0.07186054 -0.01236471
v -0.23198941 0.04618426 0.03592629
v -0.29681736 0.17551038 0.1431423
v -0.32802892 0.20323693 0.09657095
v -0.32064474 0.14943846 0.06359348
v -0.29359338 0.12233132 0.11177233
v -0.34104109 0.23693124 0.04301642
v -0.35438198 0.26813642 -0.00917221
v -0.34164363 0.21916916 -0.0424303
v -0.33053184 0.18397211 0.00864336
v -0.06920108 0.4904947 0.12595788
v -0.02390024 0.53832525 0.13049941
v -0.06082353 0.57728642 0.10332324
v -0.10447605 0.53460355 0.09514219
v 0.01125465 0.40905788 0.12178805
v 0.0637942 0.45074476 0.12865405
v 0.02080718 0.49546508 0.14599054
v -0.02876731 0.45062608 0.1416214
v 0.11103424 0.47846431 0.12162472
v 0.11675259 0.47119105 0.06278197
v 0.07174306 0.46980059 0.09425598
v 0.06887699 0.52390125 0.12420496
v -0.2256155 0.30301194 0.06901462
v -0.19388552 0.35331841 0.09085143
v -0.21974677 0.38730446 0.04567892
v -0.25337109 0.33732173 0.02716982
v -0.14874378 0.21962333 0.13038769
v -0.10077428 0.27054128 0.12674761
v -0.16277021 0.29905554 0.11648555
v -0.19092454 0.2626511 0.10784922
v -0.05992831 0.31804788 0.13670377
v -0.02635498 0.36031111 0.13576269
v -0.0676085 0.4058378 0.13745064
v -0.10700232 0.35689336 0.12618494
v -0.29392961 0.42332308 -0.12978987
v -0.25770119 0.47230592 -0.11261098
v -0.22991192 0.4714487 -0.16944864
v -0.25422573 0.41389005 -0.17903066
v -0.2735976 0.37181573 -0.02142471
v -0.23756026 0.4176493 -0.00715921
v -0.26140994 0.45461394 -0.05138971
v -0.29642406 0.40692883 -0.0678649
v -0.19506586 0.46303438 0.00559843
v -0.17504436 0.51789081 0.03328072
v -0.19638644 0.55139601 -0.01495191
v -0.22639425 0.50221382 -0.03582168
v -0.15567635 0.24066409 -0.13611288
v -0.16638881 0.29243882 -0.10041128
v -0.12893438 0.32351045 -0.13762316
v -0.1050715 0.26808869 -0.15854952
v -0.2019047 0.17070228 -0.05109393
v -0.19277403 0.21529988 -0.00595843
v -0.17832109 0.25611436 -0.05052716
v -0.16265815 0.20433296 -0.08460274
v -0.18302052 0.26791748 0.02635443
v -0.14860331 0.2967355 0.06252296
v -0.15978082 0.34619585 0.0270846
v -0.17858516 0.30868337 -0.01539172
v -0.14222457 0.35481237 -0.23201101
v -0.15732947 0.29375257 -0.22614127
v -0.1068965 0.28110853 -0.26173589
v -0.08713598 0.34146015 -0.25627285
v -0.21042578 0.38765245 -0.14016668
v -0.21034159 0.32596311 -0.12682736
v -0.20293254 0.31035622 -0.18587489
v -0.19277187 0.37195206 -0.19932669
v -0.21132271 0.26409464 -0.11197958
v -0.22866148 0.20773643 -0.092254
v -0.19558986 0.19601946 -0.13678856
v -0.21045703 0.2484093 -0.16929892
v 0.08381666 0.2945932 -0.3209995
v 0.06363443 0.25267304 -0.32570243
v 0.10952215 0.24101605 -0.32617241
v 0.13190013 0.27421194 -0.32023335
v -0.03065651 0.32602011 -0.28032622
v -0.05222295 0.27019201 -0.29618064
v 0.00435023 0.25365618 -0.32127494
v 0.02762792 0.30815416 -0.29956195
v -0.05905327 0.21383209 -0.27388665
v -0.05613056 0.24963401 -0.22837092
v -0.00858019 0.28370726 -0.25026035
v -0.00677326 0.2357096 -0.28404328
v -0.05845559 0.19466382 0.03023953
v -0.08011628 0.14475837 0.0001624
v -0.0963226 0.11578779 0.04909197
v -0.0869775 0.17607792 0.07770672
v -0.05635164 0.25349024 -0.07796039
v -0.0491681 0.19786306 -0.1060964
v -0.06887673 0.17463744 -0.05233209
v -0.06228502 0.22881513 -0.02301657
v -0.00475232 0.15615819 -0.10550092
v 0.04163206 0.13719301 -0.07331798
v 0.00945117 0.08629699 -0.05743462
v -0.01822176 0.1396696 -0.04872163
v -0.00146121 0.42051595 0.10891987
v -0.0173929 0.36463208 0.09677192
v -0.07009806 0.36099294 0.11189847
v -0.06082338 0.4281975 0.10826867
v 0.07915344 0.43884276 0.02574612
v 0.04401443 0.39777096 -0.00679964
v 0.01630061 0.37864155 0.04725663
v 0.05128986 0.41749232 0.07305344
v 0.01084365 0.34946852 -0.03212467
v -0.02158228 0.29894006 -0.05320396
v -0.02038888 0.27030094 -0.00145895
v 0.00137033 0.32260276 0.0250585
v -0.18269145 0.40707345 -0.03031576
v -0.20649293 0.35663895 -0.00241911
v -0.21208206 0.3453729 -0.06204927
v -0.22967975 0.40147918 -0.07885055
v -0.10792014 0.41925786 0.06781667
v -0.12575074 0.36082099 0.08795595
v -0.17452285 0.36188667 0.05386643
v -0.16035779 0.41539825 0.03475109
v -0.13441205 0.29769583 0.10201458
v -0.13838767 0.23384422 0.10720274
v -0.20071793 0.24271234 0.0777835
v -0.18858171 0.30503698 0.0675753
v 0.02621483 0.21499053 -0.30360797
v 0.0837572 0.22467307 -0.31449127
v 0.09223583 0.26817787 -0.26992157
v 0.02919478 0.25586175 -0.24838641
v 0.03612858 0.22411536 -0.18969707
v 0.05326666 0.18839023 -0.23634414
v 0.03664251 0.21695189 -0.24317096
v 0.08443268 0.22876026 -0.26483625
v 0.07995725 0.15431923 -0.26592779
v 0.12968688 0.11786151 -0.27637964
v 0.16977398 0.15907602 -0.28583416
v 0.11494658 0.189808 -0.29031008
v -0.03503678 0.07569438 -0.11648212
v -0.02954772 0.10659128 -0.16974401
v -0.07866386 0.1460453 -0.15190461
v -0.08506432 0.10916413 -0.10202174
v 0.0836844 0.10049605 -0.10434538
v 0.08465133 0.09058627 -0.15866341
v 0.02925579 0.08362834 -0.17341265
v 0.02836462 0.06780636 -0.1133294
v 0.0460688 0.13834654 -0.16400072
v 0.00613555 0.17681106 -0.16751678
v 0.01406635 0.17043844 -0.21866223
v 0.02809613 0.11631016 -0.22447608
v -0.09291044 0.23203149 0.01896038
v -0.07293373 0.27818414 -0.01811432
v -0.04397845 0.30892057 0.02736093
v -0.08427119 0.27538993 0.06111137
v -0.1138925 0.15768421 -0.0688732
v -0.09064734 0.19784906 -0.11253297
v -0.10057963 0.24878774 -0.06846162
v -0.13218148 0.20985907 -0.03035989
v -0.06297369 0.23741043 -0.15240364
v -0.02071339 0.27213315 -0.18561998
v -0.01691978 0.31259594 -0.14055391
v -0.06685236 0.28852057 -0.11187254
v 0.04822102 0.37210323 -0.1164189
v 0.11100493 0.37633039 -0.12833087
v 0.11685703 0.41782248 -0.08305964
v 0.05484218 0.41542718 -0.07143085
v 0.04496754 0.2708991 -0.19518659
v 0.09680438 0.30443805 -0.22331363
v 0.10784116 0.32781834 -0.16990897
v 0.04682025 0.31918065 -0.1528568
v 0.15560274 0.31628849 -0.23854896
v 0.21386565 0.33179512 -0.2546775
v 0.22484633 0.34716946 -0.19578004
v 0.16800877 0.33667707 -0.18281755
v -0.24086758 0.20232663 0.0516071
v -0.22313438 0.16291723 0.08350527
v -0.20918779 0.17817477 0.04024666
v -0.2400329 0.17232382 -0.00697835
v -0.13976379 0.16767696 0.09553379
v -0.14943667 0.10908669 0.07139283
v -0.21194245 0.11529024 0.07352427
v -0.20168777 0.18725712 0.10062049
v -0.15219706 0.07600896 0.01913616
v -0.13601331 0.11828864 -0.02623152
v -0.15158309 0.16558232 0.01066137
v -0.16014172 0.13207376 0.04881221
v 0.05098374 0.32754048 -0.19436766
v 0.03887536 0.38652078 -0.16507487
v 0.10407923 0.38786872 -0.15615523
v 0.10863797 0.35093602 -0.20571798
v -0.06380527 0.2988982 -0.19249466
v -0.07161085 0.34376918 -0.15091677
v -0.01594925 0.36927052 -0.15992755
v -0.01044156 0.32448713 -0.20546854
v -0.08419018 0.39825146 -0.12368642
v -0.09880133 0.45389329 -0.09963517
v -0.03819151 0.46547645 -0.0891542
v -0.02398839 0.40357018 -0.1027402
v -0.14672321 0.59769583 -0.04623228
v -0.1192027 0.56098998 -0.06297515
v -0.12086475 0.60069549 -0.09638947
v -0.14435902 0.55304554 -0.11257104
v -0.13442998 0.56820047 0.04881233
v -0.07944404 0.59223717 0.04580556
v -0.10886817 0.58039463 -0.00654558
v -0.16148002 0.59520778 0.00554789
v -0.08118693 0.5336103 0.02994552
v -0.09531432 0.47521929 0.05302274
v -0.14148244 0.47009493 0.01428906
v -0.13476066 0.52773836 0.00285694
v -0.27649921 0.2115967 -0.10651077
v -0.32611293 0.24718479 -0.12137884
v -0.28964344 0.23620754 -0.16635525
v -0.29444399 0.18155855 -0.14461315
v -0.33448821 0.30008069 -0.05993697
v -0.28231207 0.2860731 -0.06155087
v -0.27009052 0.26546232 -0.11439864
v -0.32246739 0.25062789 -0.08678619
v -0.23790392 0.2909905 -0.09599116
v -0.24888091 0.33516524 -0.05826484
v -0.26416558 0.37237349 -0.10583208
v -0.27074528 0.31968902 -0.13519479
v 0.04377088 0.09019895 -0.23487788
v 0.04570671 0.13774638 -0.27692968
v 0.07650459 0.10901201 -0.29710418
v 0.07900885 0.05559926 -0.2581802
v -0.05352179 0.09875774 -0.25181457
v -0.04889328 0.14802548 -0.2953679
v 0.01012941 0.13343346 -0.3031776
v 0.00340192 0.08058427 -0.26874682
v -0.03830533 0.20629748 -0.32321209
v -0.02727043 0.27071931 -0.34707215
v 0.02923597 0.24352634 -0.35823965
v 0.02212692 0.18936528 -0.32256043
v 0.01268187 0.04613043 0.1576484
v 0.07306939 0.04555756 0.1548322
v 0.07800663 -0.00264385 0.12075096
v 0.03410283 0.03604728 0.09870109
v 0.03443606 0.13382877 0.22909679
v 0.09716298 0.13620901 0.21441266
v 0.07927292 0.09856874 0.17961863
v 0.03017888 0.07734998 0.20752949
v 0.09623896 0.16964854 0.16583815
v 0.07593425 0.21892395 0.14246567
v 0.09179659 0.17527799 0.1041643
v 0.06073713 0.13159214 0.13433135
v -0.07232068 0.4369933 0.16576783
v -0.00632349 0.41724135 0.16411044
v -0.0157076 0.35966433 0.16673701
v -0.07527744 0.37413315 0.15963426
v -0.06876567 0.52661635 0.2034623
v -0.04127843 0.47340962 0.22436941
v -0.00073023 0.47586937 0.17926067
v -0.05612841 0.49829419 0.16040145
v -0.02114304 0.41540912 0.23692606
v 0.00154232 0.36017957 0.25395143
v 0.03087369 0.35536206 0.19874299
v 0.01647085 0.41420355 0.1874174
v -0.18985365 0.06658925 0.18584514
v -0.1756943 0.03697267 0.1322097
v -0.22502452 0.06824812 0.10929374
v -0.23347034 0.10122024 0.15362488
v -0.12842454 0.06810661 0.14929995
v -0.06839984 0.05827363 0.16136542
v -0.13368112 0.04827836 0.20649932
v -0.11797588 0.0245263 0.1506024
v -0.03883329 0.04332967 0.1092122
v -0.02290703 0.05186319 0.04775739
v -0.08000065 0.06409986 0.04911328
v -0.09569544 0.02442065 0.09264523
v 0.29400277 0.09410769 -0.0099127
v 0.23419604 0.07900703 -0.02595683
v 0.24259256 0.10393259 -0.08228503
v 0.29933682 0.12020805 -0.06455559
v 0.25232378 0.06199515 0.11089367
v 0.21065226 0.0315032 0.07826979
v 0.22156148 0.05996186 0.03142152
v 0.29013169 0.07331948 0.04196267
v 0.185581 -0.00567284 0.04310286
v 0.2227246 0.01033738 -0.00394739
v 0.17459965 0.00793874 -0.03783165
v 0.16822779 0.03476894 0.01411104
v 0.25418687 0.38110103 0.09893617
v 0.23115006 0.4265645 0.06863698
v 0.24985938 0.38918588 0.02485627
v 0.28716946 0.35035512 0.05602916
v 0.1781794 0.44870819 0.15568432
v 0.22242378 0.47050294 0.17544739
v 0.22813065 0.46513753 0.118752
v 0.20588557 0.40783593 0.12239031
v 0.24581006 0.41917866 0.19120508
v 0.26423883 0.36244234 0.19023947
v 0.29767275 0.37652878 0.14203656
v 0.27898115 0.43565062 0.13944252
v 0.00698027 0.22470149 -0.11233757
v 0.0115665 0.26996648 -0.15253113
v -0.02025371 0.2676812 -0.12509388
v -0.01869402 0.21914152 -0.15318878
v 0.12139779 0.24901554 -0.09142888
v 0.10456833 0.30466258 -0.08046369
v 0.05156788 0.29380643 -0.11250117
v 0.06552261 0.23860458 -0.11891273
v 0.11806981 0.3505606 -0.11357599
v 0.17387381 0.3298226 -0.13861042
v 0.14822391 0.269271 -0.13842474
v 0.09787109 0.30042563 -0.14761712
v 0.09525119 0.20620539 -0.22986038
v 0.10301626 0.14694719 -0.24363117
v 0.06728549 0.1428071 -0.20325601
v 0.08058613 0.1932658 -0.17834622
v 0.17141317 0.24865 -0.28816557
v 0.16067848 0.22969563 -0.24753901
v 0.12884296 0.23045549 -0.27187204
v 0.1479844 0.18057958 -0.26273417
v 0.13318664 0.20663878 -0.19825743
v 0.110725 0.17639091 -0.16682233
v 0.0902273 0.13106832 -0.1892688
v 0.12022942 0.15528162 -0.22054075
v 0.07100917 0.34604492 0.03739608
v 0.12497258 0.36571819 0.06415548
v 0.09626956 0.41173622 0.09399164
v 0.04661116 0.37632854 0.08142621
v 0.13436161 0.24683996 0.01625648
v 0.1296763 0.25012819 0.08167869
v 0.14428961 0.30688248 0.06403008
v 0.11047413 0.30262041 0.0122283
v 0.18153211 0.251471 0.1173594
v 0.23046303 0.25419861 0.09293484
v 0.22191313 0.31746025 0.08212968
v 0.17406312 0.31220688 0.11596902
v 0.19302011 0.44869401 -0.19397593
v 0.16472638 0.39482114 -0.18793765
v 0.21851033 0.37630978 -0.2057624
v 0.25100785 0.42624657 -0.19275506
v 0.07548461 0.48960578 -0.19391842
v 0.05314521 0.44866584 -0.16041006
v 0.11201232 0.41860692 -0.17031361
v 0.13376968 0.46792404 -0.19210221
v 0.02756537 0.41515078 -0.2059274
v -0.00357651 0.3698369 -0.24272913
v 0.05346043 0.35287949 -0.26286346
v 0.08072533 0.37968754 -0.21230449
v 0.10979583 0.58291659 -0.13672429
v 0.16301234 0.54904148 -0.12991406
v 0.16343556 0.53571209 -0.19063357
v 0.10713495 0.56031564 -0.19536662
v 0.10308412 0.58734465 -0.00667048
v 0.16522579 0.57397029 -0.0046117
v 0.16342746 0.5589858 -0.06798465
v 0.1075732 0.58709171 -0.0718983
v 0.2256805 0.55194828 -0.00426462
v 0.26740709 0.50347297 0.00047277
v 0.27350965 0.50084318 -0.05995946
v 0.20800117 0.51475839 -0.05935656
v -0.26697242 0.15092054 0.18976964
v -0.26023349 0.09821846 0.15634839
v -0.26201868 0.2044398 0.22036935
v -0.24258664 0.04557663 0.11459444
v -0.195457 0.03113317 0.08473645
v -0.20880167 0.35964862 0.27312392
v -0.22690907 0.30628318 0.26433051
v -0.15774542 0.34890424 0.30372602
v -0.24934687 0.2585513 0.24595915
v 0.01918523 0.03778841 0.0353239
v 0.07847594 0.02893844 0.01598333
v -0.03565993 0.00842756 0.04596218
v 0.12102865 -0.01549402 0.00916534
v 0.1796577 -0.0250155 -0.00074099
v -0.18071342 -0.01405531 0.05270098
v -0.13519512 -0.04081374 0.02273956
v -0.09353247 -0.01341116 0.04344922
v -0.12630574 0.12023437 0.284298
v -0.07714794 0.08295327 0.27042368
v -0.01753251 0.06298982 0.25601816
v -0.11677074 0.19267201 0.27108774
v -0.16291299 0.16255447 0.28689498
v 0.03003757 0.14591223 0.31539533
v 0.03521866 0.20488521 0.32058263
v 0.0098221 0.26919146 0.32624197
v 0.02461545 0.08892401 0.29193985
v -0.30226666 0.42939822 0.09037933
v -0.30614808 0.45023718 0.03170657
v -0.29102898 0.40806144 0.15033519
v -0.3048023 0.45357962 -0.02862844
v -0.32991725 0.40962844 0.00482492
v -0.09012695 0.31405938 0.22532865
v -0.10668404 0.26135375 0.20079012
v -0.07667077 0.2316768 0.17261159
v -0.17456537 0.38992538 0.28854641
v -0.22351643 0.38705447 0.24928181
v -0.12937175 0.3719439 0.31535241
v -0.09381331 0.35165042 0.26592565
v -0.26743412 0.38703077 0.20451888
v -0.02742066 0.23668125 0.2183751
v -0.0653586 0.21356396 0.25972748
v -0.01591489 0.23543186 0.16959368
v -0.15779403 0.35692172 0.2404507
v -0.11058024 0.34327718 0.28178579
v -0.20685604 0.36667583 0.20120941
v -0.12186835 0.34099679 0.31834608
v -0.32913625 0.39793057 0.06560677
v -0.30023995 0.38589326 0.11893677
v -0.25052252 0.37959445 0.15843941
v 0.03821499 0.18416881 0.34692687
v 0.08436621 0.17954856 0.33235133
v 0.14367926 0.18565618 0.31358218
v 0.01352112 0.30895003 0.35492131
v 0.0328934 0.25279046 0.35670251
v 0.24515165 0.20824923 0.240767
v 0.28752515 0.21914215 0.19507952
v 0.32236382 0.23274463 0.14499566
v 0.19307038 0.20510973 0.27924341
v -0.03061033 0.38659859 0.30254579
v -0.05242847 0.44255692 0.28346696
v -0.0682162 0.4986034 0.2576308
v -0.00444704 0.33232163 0.31968439
v -0.0236644 0.42367108 0.32264605
v -0.00667389 0.36782642 0.34295121
v -0.03444909 0.47662538 0.29935244
vn 0.58943 0.77044 -0.24291
vn 0.61318 0.72747 -0.30789
vn 0.6652 0.5508 -0.5041
vn 0.61388 0.64368 -0.45698
vn -0.0762 -0.8141 0.5757
vn -0.0278 -0.6931 0.7203
vn -0.1718 -0.6171 0.7679
vn -0.2315 -0.7592 0.6083
vn 0.0409 -0.029 0.99874
vn 0.8962 0.4422 0.0357
vn 0.76621 0.60081 -0.2279
vn 0.47241 0.1628 0.86621
vn 0.95509 -0.2337 -0.1822
vn 0.90448 -0.1787 0.38729
vn 0.88872 0.44031 -0.1277
vn 0.90479 0.1544 0.39689
vn 0.0623 -0.0799 -0.99485
vn 0.0838 -0.33368 -0.93895
vn -0.0555 -0.39331 -0.91773
vn 0.0743 -0.54448 -0.83547
vn 0.49368 0.86276 -0.1092
vn 0.92558 0.33209 0.1817
vn 0.87241 0.47581 0.1118
vn -0.12 0.96912 -0.21541
vn 0.54459 -0.75728 -0.36049
vn 0.82102 -0.49421 -0.28581
vn 0.51837 -0.71516 0.46887
vn 0.4168 -0.8612 0.2909
vn 0.34468 0.36498 0.86486
vn 0.31909 -0.37289 0.87128
vn -0.0074 -0.2535 0.96731
vn 0.0414 0.0012 0.99914
vn 0.56029 0.62129 -0.54779
vn 0.95369 0.2886 0.0848
vn -0.369 0.4024 -0.8378
vn 0.42518 0.65278 -0.62698
vn -0.34591 -0.1203 -0.93052
vn 0.34061 -0.0297 -0.93973
vn -0.035 0.2212 -0.9746
vn -0.116 0.37431 -0.92002
vn -0.0561 -0.51028 -0.85817
vn 0.046 -0.3818 -0.9231
vn 0.0198 -0.42701 -0.90403
vn -0.23359 -0.38219 -0.89407
vn -0.93463 0.0703 0.34861
vn -0.99848 0.0149 0.053
vn -0.7109 0.2126 -0.6704
vn -0.78618 -0.0025 -0.61799
vn 0.78701 -0.52861 -0.3181
vn 0.8236 -0.2651 -0.5014
vn 0.94811 -0.3126 -0.0581
vn 0.77928 -0.60189 0.1745
vn -0.2821 0.39369 -0.87489
vn -0.36069 -0.31049 -0.87948
vn -0.51232 -0.52722 -0.67792
vn -0.3013 0.2924 -0.90759
vn 0.1709 -0.0316 0.98478
vn 0.6803 -0.4841 0.5503
vn 0.0497 -0.0667 0.99653
vn -0.63062 0.27241 0.72672
vn 0.30849 -0.57969 0.75418
vn 0.2076 -0.5608 0.8015
vn 0.18371 -0.79333 0.58042
vn 0.3157 -0.76709 0.55849
vn 0.79893 -0.57842 0.16471
vn 0.54202 -0.69193 0.47692
vn 0.61631 -0.68341 0.3913
vn 0.84866 -0.51287 0.12939
vn 0.50559 0.43619 0.74439
vn 0.3344 0.2503 0.90859
vn 0.74098 -0.44369 0.50408
vn 0.8572 -0.044 0.5131
vn 0.1331 -0.0659 0.98891
vn -0.0234 0.0648 0.99762
vn 0.10201 -0.53863 0.83635
vn 0.1842 -0.6149 0.76679
vn 0.95725 -0.20851 -0.20051
vn 0.94059 -0.2857 -0.1835
vn 0.98786 -0.0813 0.13239
vn 0.992 -0.1228 0.0292
vn -0.71678 0.32699 -0.61588
vn -0.83675 0.41172 -0.36102
vn -0.47331 0.25781 -0.84232
vn -0.21901 0.14661 -0.96465
vn -0.63068 0.29719 -0.71688
vn -0.0821 0.96455 -0.25079
vn 0.45822 0.83603 0.30181
vn -0.24601 0.90563 -0.34541
vn -0.2569 0.79879 -0.544
vn -0.26881 0.75593 -0.59692
vn -0.26 0.78899 -0.55669
vn -0.1497 0.69658 -0.70168
vn 0.53371 0.48961 0.68952
vn -0.128 0.99177 -0.0026
vn -0.5106 0.7682 -0.3862
vn 0.26541 0.73874 0.61953
vn -0.95457 0.20499 -0.21629
vn -0.89161 0.393 0.2249
vn -0.87445 0.40957 -0.25998
vn -0.67993 0.34561 -0.64672
vn -0.80692 0.58561 -0.0771
vn -0.69184 0.71814 -0.0751
vn -0.46218 0.80887 -0.36349
vn -0.65549 0.58969 -0.47179
vn -0.49031 0.27831 0.82592
vn -0.52133 0.18731 0.83255
vn -0.65799 0.2196 0.72029
vn -0.64656 0.35968 0.67275
vn 0.51682 0.70393 -0.48722
vn 0.051 -0.0227 -0.99844
vn 0.4712 -0.3107 -0.82549
vn 0.73939 0.1828 -0.64799
vn -0.89248 -0.42019 -0.1641
vn -0.90433 -0.22741 -0.36121
vn -0.89078 -0.31379 -0.32869
vn -0.83561 -0.5 -0.2275
vn 0.33369 0.91858 -0.2118
vn 0.93578 0.27999 -0.2143
vn -0.82359 0.55759 0.1039
vn 0.0395 0.98861 -0.1452
vn -0.89181 0.3344 0.3047
vn -0.95659 0.0936 0.276
vn -0.99848 -0.0512 -0.0204
vn -0.81335 0.35308 0.46237
vn -0.0872 -0.93148 -0.35319
vn -0.0923 -0.81597 -0.57068
vn -0.0911 -0.86988 -0.48479
vn -0.0047 -0.90076 -0.43428
vn -0.39112 -0.76703 -0.50862
vn -0.46949 -0.77939 -0.41489
vn -0.65729 -0.67409 -0.337
vn -0.59931 -0.74901 -0.2825
vn -0.44939 -0.2221 -0.86529
vn -0.41558 0.1126 -0.90256
vn -0.3932 0.0166 -0.9193
vn -0.4186 -0.2565 -0.8712
vn 0.84741 -0.214 0.4859
vn 0.93217 0.0384 0.35999
vn 0.83729 -0.0997 0.53759
vn 0.81038 -0.171 0.56039
vn 0.6835 0.2296 0.6929
vn 0.25179 0.93607 0.24569
vn -0.47602 0.55983 -0.67823
vn 0.58461 0.65801 -0.47461
vn -0.99037 0.1296 -0.0487
vn -0.92536 -0.36778 0.0919
vn -0.73789 -0.0606 0.67219
vn -0.84266 0.49928 0.20159
vn 0.5922 -0.2507 -0.7658
vn 0.47859 -0.1377 -0.86718
vn 0.38281 -0.0271 -0.92343
vn 0.52647 -0.21389 -0.82285
vn -0.18559 0.17149 0.96755
vn -0.47833 -0.13171 0.86825
vn -0.54452 -0.0034 0.83874
vn -0.45848 0.0887 0.88427
vn -0.88526 0.26649 0.38118
vn -0.23439 0.36659 0.90037
vn 0.54221 0.44131 0.71502
vn 0.16489 0.60617 0.77806
vn 0.23631 0.32441 -0.91592
vn 0.40401 0.38081 -0.83172
vn 0.79821 0.2441 -0.55071
vn 0.78262 0.1457 -0.60521
vn -0.55977 -0.55937 -0.61137
vn 0.0913 -0.1479 -0.98478
vn -0.76519 -0.47489 0.43469
vn -0.67805 -0.51884 -0.52064
vn -0.74499 0.1411 -0.65199
vn -0.86745 0.17151 -0.46703
vn -0.81129 0.47669 -0.33849
vn -0.77143 0.27291 -0.57482
vn 0.95814 -0.19931 0.20551
vn 0.95492 -0.2759 0.1096
vn 0.95817 -0.25939 -0.1209
vn 0.98405 -0.17431 -0.0355
vn 0.60699 -0.42569 0.67109
vn 0.74079 -0.0246 0.67129
vn 0.59447 -0.22579 0.77176
vn 0.61557 -0.38868 0.68557
vn -0.69093 0.56442 -0.45172
vn -0.76301 0.53421 -0.36391
vn -0.54452 0.83823 -0.0294
vn -0.27809 0.95265 -0.12299
vn -0.52338 0.0752 -0.84877
vn -0.76391 -0.179 -0.62
vn -0.9171 -0.0469 -0.3959
vn -0.8227 0.0961 -0.5603
vn -0.6454 0.0611 -0.7614
vn -0.1372 0.66039 -0.73829
vn 0.17919 0.29049 -0.93995
vn 0.15711 0.21651 -0.96356
vn 0.48452 0.23171 0.84353
vn 0.54309 0.18529 0.81898
vn 0.58531 0.1269 0.80082
vn 0.53732 0.26691 0.80003
vn 0.48109 0.2288 -0.84629
vn 0.49549 0.42689 -0.75648
vn 0.0596 0.5105 -0.85781
vn 0.18429 0.45968 -0.86875
vn -0.59753 0.52873 0.60283
vn -0.53018 0.1451 0.83538
vn -0.144 0.2236 0.96399
vn 0.28988 0.81356 0.50407
vn -0.1334 0.44021 0.88793
vn -0.17569 0.97836 -0.1093
vn -0.31511 0.57292 -0.75662
vn -0.59619 0.69079 0.4091
vn 0.0187 0.52439 0.85128
vn -0.71771 0.68901 0.1008
vn -0.45398 0.67547 0.58107
vn -0.092 0.1708 0.981
vn 0.75645 0.17189 -0.63106
vn 0.75523 -0.1306 -0.64232
vn 0.4797 0.3037 -0.8232
vn 0.1689 0.67692 -0.71642
vn -0.1022 -0.37951 -0.91953
vn -0.23831 -0.24011 -0.94104
vn -0.63743 0.071 -0.76723
vn -0.65499 -0.1264 -0.74499
vn 0.81013 -0.31391 0.49512
vn 0.66942 -0.40831 0.62062
vn 0.66268 -0.29679 0.68758
vn 0.5734 -0.2189 0.78949
vn -0.36551 0.23511 0.90063
vn -0.7758 0.289 0.5609
vn -0.76833 -0.41342 0.48862
vn -0.0671 0.0661 0.99555
vn 0.1759 -0.0659 0.9822
vn 0.67297 -0.0769 0.73566
vn 0.74197 -0.12609 0.65847
vn -0.0077 -0.0565 0.99837
vn 0.35329 0.47949 -0.80329
vn 0.3987 0.6613 -0.6354
vn 0.40399 0.63488 -0.65858
vn 0.35828 0.48617 -0.79705
vn -0.22691 0.45871 -0.85912
vn 0.23231 0.83463 -0.49942
vn 0.28311 0.82092 -0.49592
vn 0.1063 0.3799 -0.9189
vn -0.35631 -0.23191 0.90513
vn -0.1202 -0.4545 0.8826
vn 0.0458 -0.70601 0.70671
vn 0.0339 -0.60061 0.79882
vn 0.0786 0.93976 -0.33268
vn 0.1749 0.93809 -0.299
vn 0.1414 0.93678 -0.32009
vn 0.2264 0.89719 -0.3792
vn -0.38601 0.40831 0.82721
vn -0.0235 0.18969 0.98156
vn -0.27849 0.73047 0.62358
vn -0.49131 0.61992 0.61182
vn 0.1149 -0.4932 0.8623
vn 0.115 -0.76012 0.63952
vn 0.60218 0.47459 0.64198
vn 0.41347 0.65665 0.63075
vn -0.0269 -0.1129 0.99324
vn -0.0289 -0.3078 0.95101
vn 0.1621 0.74712 0.64462
vn -0.0448 0.77044 0.63593
vn 0.33972 -0.82174 0.45752
vn 0.1469 -0.91111 0.3851
vn -0.0647 -0.94162 0.33041
vn 0.1711 -0.86739 0.46729
vn 0.152 -0.9648 0.2146
vn 0.0711 -0.98449 0.1604
vn -0.0495 -0.99656 0.0665
vn -0.0387 -0.98828 0.1477
vn -0.71508 0.44319 0.54059
vn -0.6176 0.4391 0.6525
vn -0.64311 0.51831 0.56371
vn -0.8454 0.4585 0.274
vn -0.0212 0.0082 0.99974
vn 0.54358 -0.25819 0.79866
vn -0.2221 0.1449 0.9642
vn -0.55089 0.37299 0.74659
vn 0.78822 -0.50802 0.34731
vn 0.65203 -0.68414 0.32682
vn 0.53172 -0.58002 0.61713
vn 0.21829 -0.19659 0.95588
vn -0.5389 -0.6532 -0.5319
vn -0.76359 0.2132 -0.60949
vn -0.90291 -0.1431 -0.40531
vn -0.59271 -0.77712 -0.21161
vn -0.81039 0.43399 -0.3936
vn -0.73898 0.61228 0.28109
vn -0.51229 -0.1025 -0.85268
vn -0.76009 0.59239 -0.2671
vn -0.3836 0.7677 0.5133
vn -0.1195 0.90701 0.4038
vn 0.0929 0.99485 -0.0405
vn -0.1824 0.98171 0.0546
vn 0.51708 0.77858 0.35559
vn -0.0899 0.30849 0.94697
vn 0.2221 0.1436 0.96439
vn 0.30649 0.88068 0.36119
vn 0.67637 0.63608 0.37139
vn 0.56198 -0.58478 0.58498
vn 0.36899 -0.15049 0.91717
vn 0.54211 0.83302 0.1104
vn 0.56969 -0.57329 0.58889
vn 0.8063 -0.308 0.505
vn 0.42968 -0.36239 0.82707
vn 0.0465 -0.37851 0.92443
vn -0.4658 0.2004 -0.8619
vn -0.40218 0.29079 -0.86816
vn -0.0468 0.29991 -0.95282
vn -0.27239 0.19429 -0.94237
vn -0.54197 0.30509 -0.78306
vn -0.54488 0.39099 -0.74178
vn -0.50931 0.3164 -0.80031
vn -0.48641 0.24521 -0.83862
vn -0.52279 0.51159 -0.68189
vn -0.3544 0.78299 -0.5112
vn -0.0468 0.79815 -0.60064
vn -0.43989 0.48769 -0.75409
vn 0.2155 0.1098 -0.97031
vn 0.3028 0.3814 -0.87341
vn 0.31439 0.39488 -0.86327
vn 0.2448 0.0361 -0.9689
vn -0.1164 0.27271 -0.95503
vn 0.0482 0.3994 -0.91551
vn 0.1029 0.4432 -0.8905
vn 0.0198 0.24301 -0.96982
vn 0.1687 0.40969 -0.89649
vn 0.29919 0.79567 -0.52668
vn 0.3554 0.727 -0.5875
vn 0.2082 0.49341 -0.84451
vn -0.96362 0.2178 -0.1549
vn -0.91912 0.0944 0.38251
vn -0.93571 0.0372 0.3508
vn -0.98831 -0.1178 -0.0968
vn 0.3993 0.64191 0.65461
vn -0.38 0.82601 0.4163
vn -0.7065 0.6164 0.3477
vn -0.80702 0.112 0.57981
vn -0.65637 0.75197 0.061
vn -0.56003 0.73493 -0.38242
vn -0.1315 0.1362 0.98191
vn 0.2462 0.64401 0.72431
vn -0.78978 0.25299 -0.55879
vn -0.2879 0.86929 -0.4018
vn -0.1933 0.76622 0.61282
vn -0.66189 0.74949 0.013
vn 0.45079 0.69889 -0.55529
vn 0.96526 0.21359 0.15049
vn -0.4294 0.4133 -0.803
vn 0.5081 0.5516 -0.6615
vn 0.86269 -0.1389 0.48629
vn 0.78162 0.0128 0.62362
vn 0.24571 0.50182 0.82934
vn 0.88098 0.35089 0.31739
vn 0.61732 -0.41841 0.66622
vn 0.80161 -0.309 0.5118
vn 0.4124 -0.1264 0.90219
vn 0.15271 -0.16991 0.97356
vn 0.3048 0.57321 0.76061
vn 0.55852 0.0712 0.82643
vn 0.8161 -0.3339 0.4717
vn 0.7962 -0.2532 0.5495
vn 0.41169 -0.26619 0.87158
vn -0.2127 -0.4741 0.8544
vn 0.32402 -0.46113 0.82606
vn 0.71617 -0.35639 0.60008
vn 0.72768 -0.23369 -0.64488
vn 0.40741 -0.44241 -0.79893
vn -0.2643 -0.36741 -0.89172
vn 0.40082 -0.12461 -0.90764
vn 0.83271 -0.4496 -0.3232
vn 0.6516 -0.7458 -0.1386
vn 0.68169 -0.51589 -0.51879
vn 0.8107 -0.3088 -0.4974
vn 0.61818 -0.77078 0.1541
vn 0.65842 -0.70042 0.27551
vn 0.45279 -0.58989 -0.66859
vn 0.52179 -0.61559 -0.59059
vn 0.19699 0.65167 -0.73247
vn 0.49369 0.55899 -0.66619
vn -0.607 0.6853 -0.4024
vn -0.45159 0.30389 -0.83888
vn 0.96601 0.2435 -0.0868
vn 0.98799 0.0664 -0.1395
vn 0.92448 0.1916 -0.32959
vn 0.81666 0.45108 -0.35998
vn 0.96483 -0.15221 -0.21431
vn 0.92363 -0.24841 -0.29191
vn 0.85354 -0.23481 -0.46512
vn 0.91602 -0.0601 -0.39661
vn -0.60779 0.2957 -0.73699
vn -0.49089 0.62749 0.60439
vn -0.56172 0.65623 0.50382
vn -0.5849 0.3113 -0.74899
vn -0.42999 0.1248 -0.89417
vn -0.85311 0.51241 0.0982
vn -0.71979 0.595 0.3576
vn -0.32409 0.19039 -0.92667
vn -0.47851 0.86301 0.162
vn -0.20081 0.83894 -0.50582
vn -0.59989 0.79049 -0.1235
vn -0.2619 0.65411 0.70961
vn -0.23691 0.0571 0.96985
vn 0.0325 0.0342 0.99889
vn -0.24011 0.0047 0.97073
vn -0.13441 -0.13311 0.98195
vn -0.98127 -0.17 -0.0906
vn -0.97527 -0.22009 -0.0204
vn -0.6308 -0.034 0.7752
vn -0.8546 0.0453 0.5173
vn -0.79491 0.60101 0.0831
vn 0.7057 0.7082 -0.0213
vn 0.23011 0.97223 -0.0427
vn -0.31391 0.21571 0.92463
vn 0.5993 0.5415 0.5896
vn -0.0847 0.96378 0.25289
vn 0.85425 0.42358 -0.30138
vn 0.99571 0.0177 0.0908
vn -0.699 0.4253 -0.5749
vn -0.84012 0.1714 -0.51461
vn -0.85739 0.512 -0.0523
vn -0.61208 0.78428 0.1013
vn -0.9363 0.1089 -0.3339
vn -0.98147 0.0169 -0.19089
vn -0.95583 0.114 0.27091
vn -0.97458 0.21429 0.0654
vn 0.63502 0.37491 -0.67542
vn 0.50192 0.29421 -0.81333
vn 0.3211 0.4719 -0.8211
vn 0.44472 0.49982 -0.74324
vn 0.9377 0.2422 -0.2491
vn 0.6699 0.3142 -0.6727
vn 0.4564 0.3994 -0.7951
vn 0.7715 0.377 -0.5125
vn 0.53959 0.72109 -0.43459
vn 0.1261 0.73139 0.67019
vn 0.31929 0.93518 -0.1533
vn 0.33911 0.46632 -0.81704
vn 0.3117 0.9489 0.0494
vn 0.4825 0.4554 0.7482
vn 0.5231 0.6213 0.5834
vn 0.30739 0.90708 -0.28759
vn 0.0823 0.75018 0.65609
vn 0.2241 0.3887 0.8937
vn 0.32789 0.40189 0.85497
vn 0.1607 0.87799 0.4509
vn 0.26711 0.34981 0.89793
vn 0.34871 0.20101 0.91542
vn 0.51891 0.21891 0.82632
vn 0.43851 0.30271 0.84622
vn -0.91942 -0.37031 0.1324
vn -0.93163 -0.31941 -0.17331
vn -0.4437 0.1373 -0.8856
vn -0.98651 -0.093 0.1347
vn -0.4776 -0.3274 -0.8153
vn -0.46202 -0.51032 -0.72533
vn -0.71032 -0.57041 -0.41241
vn -0.71218 -0.46939 -0.52199
vn -0.5102 -0.4238 -0.7484
vn -0.57007 0.67467 -0.46888
vn -0.44131 0.70362 -0.55692
vn -0.74157 -0.26649 -0.61568
vn 0.2832 0.0429 -0.9581
vn -0.0676 0.114 -0.99118
vn -0.64548 0.19979 -0.73718
vn -0.34489 0.205 -0.91598
vn -0.47622 0.0562 -0.87753
vn 0.30421 0.1396 -0.94232
vn 0.51158 0.0803 -0.85547
vn 0.36909 -0.0458 -0.92827
vn 0.55781 0.1537 -0.81561
vn -0.0765 -0.1351 -0.98788
vn -0.57541 -0.21121 -0.79012
vn 0.0628 0.13349 -0.98906
vn 0.72876 0.67667 0.10499
vn -0.22191 0.76234 -0.60794
vn 0.81712 -0.1767 0.54871
vn 0.57162 0.80633 -0.15191
vn -0.55779 0.46869 -0.68498
vn -0.67529 0.38889 -0.62669
vn -0.60162 0.34731 -0.71932
vn -0.1639 0.70362 -0.69142
vn -0.72091 0.36111 -0.59151
vn -0.74136 0.34208 -0.57737
vn -0.76291 0.2654 -0.58951
vn -0.7343 0.2508 -0.6308
vn 0.62433 -0.0663 0.77834
vn 0.61578 -0.40779 0.67418
vn 0.66172 -0.38201 0.64512
vn 0.66363 -0.0924 0.74233
vn 0.45579 -0.0843 0.88609
vn 0.65412 -0.1527 0.74082
vn 0.58544 -0.38132 0.71544
vn 0.55738 -0.0832 0.82608
vn 0.84332 0.53711 -0.0178
vn -0.0907 0.72152 -0.68642
vn 0.78828 -0.1836 0.58729
vn 0.75539 0.65409 -0.0393
vn 0.96633 0.128 0.22321
vn 0.97002 -0.0881 0.2265
vn 0.99811 -0.0085 0.0608
vn 0.97445 0.18009 0.13419
vn 0.77829 -0.0815 0.62259
vn 0.75633 -0.33481 0.56202
vn 0.87911 -0.2301 0.4174
vn 0.91172 0.0131 0.41061
vn 0.73877 -0.31069 0.59808
vn 0.75147 -0.22619 0.61978
vn 0.88421 -0.2543 0.3918
vn 0.8541 -0.255 0.4533
vn 0.15609 -0.0441 -0.98676
vn -0.24991 -0.0086 -0.96823
vn -0.2349 0.1064 -0.96618
vn 0.0293 -0.1566 -0.98723
vn 0.24039 0.015 -0.97056
vn -0.1794 0.1574 -0.9711
vn -0.21001 0.0181 -0.97753
vn 0.1132 -0.1177 -0.98658
vn -0.69653 0.21351 -0.68503
vn -0.56792 0.45252 -0.68753
vn -0.85243 0.21001 -0.47882
vn -0.73511 0.1448 -0.66231
vn -0.7363 -0.2605 0.6245
vn -0.88996 -0.37328 0.26199
vn -0.60829 -0.1522 0.77899
vn -0.64688 -0.21149 0.73268
vn -0.34958 -0.71927 -0.60037
vn 0.46251 -0.36361 -0.80862
vn -0.82596 -0.54037 0.16059
vn -0.35349 -0.67187 -0.65087
vn 0.48209 -0.1335 -0.86589
vn 0.2558 -0.0699 -0.9642
vn 0.23809 -0.13399 -0.96196
vn 0.29711 -0.25441 -0.92033
vn -0.1759 0.25249 -0.95148
vn 0.0743 0.2824 -0.95641
vn 0.73908 -0.027 -0.67308
vn 0.68987 0.0633 -0.72116
vn -0.62889 -0.2738 0.72769
vn -0.60662 -0.1304 0.78422
vn -0.97491 0.2146 -0.0591
vn -0.99312 -0.0047 0.117
vn -0.69742 -0.1589 0.69882
vn -0.92774 -0.31531 0.19971
vn -0.72451 0.3001 -0.62051
vn -0.93512 0.22331 -0.27511
vn -0.86738 -0.2628 0.42259
vn -0.97677 -0.0936 -0.19279
vn -0.6001 0.6018 0.527
vn -0.71862 0.1929 0.66812
vn -0.75328 -0.2479 0.60919
vn -0.93529 -0.0978 -0.3401
vn -0.88751 -0.3051 -0.3453
vn -0.78673 -0.31661 0.52992
vn -0.7046 0.2091 -0.6781
vn -0.91631 0.3341 -0.2208
vn -0.88779 0.1869 0.42059
vn -0.89096 -0.0512 -0.45118
vn 0.0644 0.90029 0.4305
vn 0.59881 0.64141 0.47961
vn 0.0026 0.43449 0.90067
vn -0.2892 0.72351 0.62681
vn 0.50172 0.85484 -0.13241
vn 0.70321 0.47301 -0.53081
vn 0.72213 0.68293 -0.1102
vn 0.3033 0.9529 0.0009
vn 0.72979 0.55589 0.39799
vn -0.0318 0.1302 0.99098
vn -0.36019 -0.0832 0.92916
vn 0.38729 0.47848 0.78807
vn 0.25701 0.27271 -0.92713
vn 0.6563 -0.1143 -0.7458
vn 0.68199 -0.35899 -0.63719
vn 0.34348 -0.53257 -0.77356
vn -0.65168 0.65818 0.37699
vn -0.32751 0.84853 0.41561
vn 0.21811 0.75944 -0.61293
vn -0.43952 0.84493 -0.30481
vn -0.20729 0.87386 0.43978
vn -0.21271 0.88604 0.41192
vn 0.52823 0.41792 -0.73914
vn 0.54682 0.47592 -0.68883
vn 0.0638 0.97776 0.19979
vn -0.3796 0.92281 -0.0658
vn -0.49489 0.40769 -0.76738
vn -0.52001 0.27251 -0.80952
vn -0.49521 0.60281 0.62561
vn -0.79844 0.43312 -0.41822
vn 0.32531 0.17091 0.93003
vn -0.6183 0.6857 0.3841
vn -0.57163 0.0637 -0.81804
vn -0.4858 -0.1317 -0.86409
vn -0.65499 -0.2646 -0.70779
vn -0.76948 0.19959 -0.60668
vn 0.27661 0.1649 0.94673
vn 0.80842 0.093 0.58121
vn 0.78969 0.1126 0.60309
vn 0.98285 -0.0809 0.16569
vn -0.82151 0.1019 0.56101
vn -0.2659 -0.3859 0.88339
vn -0.163 -0.2281 0.9599
vn -0.45541 -0.0456 0.88911
vn 0.0622 -0.53252 0.84413
vn 0.31891 -0.23011 0.91943
vn 0.71451 -0.2017 0.66991
vn 0.33979 -0.39449 0.85377
vn 0.95086 -0.0876 0.29699
vn 0.89077 -0.21519 0.40028
vn 0.87314 -0.0604 0.48372
vn 0.97182 0.2088 0.1094
vn 0.8393 -0.0384 0.5423
vn 0.81748 -0.34569 0.46069
vn 0.8517 -0.3499 0.3901
vn 0.93624 -0.0945 0.33841
vn 0.99551 0.0936 0.0138
vn 0.40379 0.56569 -0.71899
vn 0.92078 0.38299 -0.074
vn 0.89686 -0.19211 0.39842
vn -0.51178 -0.72987 -0.45318
vn -0.51701 -0.57651 -0.63272
vn -0.48637 -0.52907 -0.69536
vn -0.59803 -0.65993 -0.45482
vn -0.3585 -0.5431 -0.75929
vn -0.52959 -0.36359 -0.76638
vn -0.44511 -0.54501 -0.71052
vn -0.1113 -0.7065 -0.6989
vn -0.6507 -0.0595 -0.757
vn -0.5794 0.221 -0.78451
vn -0.47601 0.2095 -0.85412
vn -0.5349 -0.1414 -0.833
vn 0.28179 -0.70188 -0.65418
vn -0.0915 -0.81318 -0.57478
vn -0.315 -0.9403 -0.1289
vn 0.0439 -0.95261 -0.301
vn -0.6065 -0.7854 -0.1237
vn -0.438 -0.79651 -0.4168
vn 0.24621 -0.63822 -0.72942
vn 0.1592 -0.72148 -0.67388
vn -0.2654 -0.763 -0.5894
vn -0.21271 -0.71122 -0.67002
vn 0.1729 -0.77251 -0.61101
vn 0.26111 -0.70933 -0.65473
vn -0.3562 -0.93129 0.0763
vn -0.2291 -0.9688 -0.0946
vn 0.0199 -0.97265 -0.23141
vn -0.0491 -0.99707 -0.0587
vn -0.0254 -0.99967 0.003
vn -0.15479 -0.98465 0.0806
vn -0.32301 -0.93612 0.1391
vn -0.4134 -0.8959 0.1627
vn -0.38931 -0.89442 -0.22011
vn -0.49841 -0.76412 -0.40951
vn -0.2125 -0.79881 -0.56281
vn -0.29149 -0.93556 -0.19939
vn 0.9893 0.1445 -0.0202
vn 0.2928 0.7263 0.6219
vn 0.29079 0.60738 0.73928
vn 0.8209 0.5384 0.1904
vn 0.87983 0.31501 -0.35591
vn 0.28989 0.78396 0.54897
vn 0.2412 0.83599 0.49289
vn 0.95238 0.2086 -0.2224
vn -0.51851 0.0577 0.85312
vn -0.3398 -0.0432 0.9395
vn -0.76548 0.1438 0.62718
vn -0.8321 0.2617 0.489
vn -0.82605 0.16799 0.53797
vn -0.68479 0.69929 0.2051
vn -0.93587 0.0214 0.35169
vn -0.85896 -0.15289 0.48868
vn 0.42429 0.70669 -0.56619
vn 0.7552 0.104 -0.6472
vn 0.33041 0.82653 -0.45572
vn -0.54699 0.81548 0.1892
vn 0.85073 0.0785 -0.51972
vn 0.87597 0.16469 -0.45338
vn 0.92324 0.1153 -0.36652
vn 0.84306 0.26309 -0.46908
vn -0.72429 -0.68209 0.1008
vn -0.82621 -0.563 -0.0202
vn -0.76837 -0.63857 -0.0429
vn -0.68982 -0.71822 0.0911
vn -0.86863 -0.26151 0.42082
vn -0.93648 -0.21 0.28089
vn -0.93093 -0.33251 0.15101
vn -0.85518 -0.40159 0.32769
vn -0.99025 -0.086 0.10961
vn -0.93099 0.345 -0.1193
vn -0.92184 -0.23341 -0.30941
vn -0.9536 -0.2992 -0.0335
vn -0.42608 0.16689 0.88916
vn -0.0148 0.64464 0.76434
vn 0.0374 0.88893 0.45652
vn -0.5722 0.3363 0.74799
vn 0.31759 -0.30429 0.89808
vn 0.18139 -0.28709 0.94057
vn 0.0902 0.1933 0.97699
vn -0.0803 -0.0189 0.99659
vn 0.52729 0.56659 0.63319
vn 0.25659 0.85058 -0.45899
vn -0.2169 0.6026 -0.768
vn 0.4615 0.86099 0.2138
vn -0.7663 0.1598 0.6223
vn -0.56691 0.2535 0.78381
vn -0.70548 0.36949 0.60479
vn -0.91379 0.1139 0.3899
vn -0.17451 -0.0251 0.98434
vn -0.0033 -0.0334 0.99944
vn -0.36391 0.1342 0.92172
vn -0.50978 0.1187 0.85207
vn 0.1358 -0.1202 0.98342
vn 0.31611 -0.1541 0.93612
vn -0.1963 0.0516 0.97919
vn -0.29439 0.0969 0.95076
vn -0.91865 0.35172 -0.17991
vn -0.8155 0.5601 -0.1458
vn -0.67493 0.48452 -0.55652
vn -0.65961 0.4021 -0.63501
vn -0.95543 -0.0334 0.29331
vn -0.71292 0.38191 0.58812
vn -0.78596 0.45958 0.41358
vn -0.95234 0.0501 0.30091
vn -0.73601 0.3063 0.60371
vn -0.73929 0.2236 0.63519
vn -0.81803 0.46762 0.33491
vn -0.82734 0.40072 0.39362
vn -0.76817 0.30509 -0.56288
vn -0.88763 0.0465 -0.45821
vn -0.57699 0.256 -0.77559
vn -0.61653 0.27421 -0.73804
vn -0.1412 0.98952 0.0301
vn -0.91567 0.38539 -0.1141
vn -0.9765 0.0634 -0.206
vn -0.81402 0.55391 -0.1748
vn -0.92246 0.25839 0.28689
vn -0.56449 0.26459 0.78188
vn -0.79023 0.36571 0.49172
vn -0.97866 0.17859 0.1016
vn 0.33648 -0.28959 0.89606
vn 0.5928 0.0448 0.8041
vn 0.50731 -0.0082 0.86172
vn 0.25021 -0.50092 0.82854
vn 0.94595 -0.09841 0.30902
vn 0.99374 0.0211 0.1097
vn 0.87008 0.0147 0.49269
vn 0.7353 -0.1986 0.648
vn 0.9928 -0.0408 0.1126
vn 0.87733 0.39452 0.27321
vn 0.3494 0.87291 0.3405
vn 0.85873 0.22311 0.46131
vn 0.0211 -0.42858 0.90326
vn -0.0557 0.68077 0.73037
vn -0.1586 0.64309 0.74919
vn -0.0965 -0.36571 0.92571
vn 0.2211 -0.5585 0.7995
vn 0.3687 0.0213 0.9293
vn 0.1037 0.38879 0.91547
vn 0.1386 -0.5241 0.8403
vn -0.0341 0.92407 0.38069
vn -0.596 0.6027 -0.5306
vn -0.41821 0.63632 -0.64822
vn -0.27589 0.95716 -0.0879
vn -0.90997 0.38159 -0.1623
vn -0.91229 0.0539 -0.40599
vn -0.59821 0.4549 -0.65971
vn -0.62738 0.35089 -0.69518
vn -0.87408 0.44119 -0.2033
vn -0.77429 -0.2942 -0.56029
vn -0.91043 -0.23181 -0.34261
vn -0.92751 0.3639 0.0854
vn -0.22779 -0.68108 -0.69588
vn -0.26671 -0.21351 -0.93983
vn -0.49792 0.48022 -0.72213
vn -0.53591 -0.45181 -0.71321
vn -0.27481 0.25801 -0.92623
vn -0.53032 0.32501 -0.78303
vn 0.0592 -0.0105 -0.99819
vn 0.33879 -0.1361 -0.93097
vn -0.24021 0.77424 -0.58553
vn -0.454 0.73469 -0.5041
vn -0.78479 0.53409 -0.3144
vn -0.62261 0.60061 -0.50161
vn -0.66691 0.6422 -0.3779
vn -0.73302 0.66481 -0.1439
vn -0.88293 0.46291 0.0784
vn -0.90177 0.39729 -0.1702
vn 0.84271 -0.2999 -0.4471
vn 0.92172 -0.25811 -0.28951
vn 0.99613 -0.0312 -0.0822
vn 0.98481 -0.1183 -0.1271
vn 0.57343 -0.33942 -0.74564
vn 0.45922 -0.27391 -0.84504
vn 0.70738 -0.36519 -0.60518
vn 0.72022 -0.40491 -0.56332
vn 0.2879 -0.1092 -0.95141
vn 0.0427 0.0122 -0.99901
vn 0.6219 -0.2582 -0.7393
vn 0.70577 -0.26159 -0.65837
vn 0.21341 0.19091 0.95813
vn 0.35149 0.1464 0.92467
vn 0.3341 -0.75179 0.56849
vn 0.4626 -0.7457 0.4795
vn -0.18749 0.97607 -0.1102
vn 0.89346 0.34248 0.29059
vn -0.2845 0.91851 0.2746
vn 0.3818 0.7581 0.5287
vn 0.6705 0.2061 0.7127
vn 0.35672 0.29431 0.88664
vn 0.1071 0.27541 0.95534
vn 0.3278 0.3247 0.8872
vn 0.31722 0.89915 0.30152
vn 0.51631 0.68701 0.51131
vn 0.83157 0.23259 0.50438
vn 0.73999 0.512 0.4362
vn -0.52661 0.66161 -0.53381
vn -0.63072 0.59142 0.50241
vn -0.18359 0.82847 0.52908
vn -0.2403 0.96531 -0.1021
vn -0.61297 -0.19619 0.76536
vn -0.87734 0.0666 0.47522
vn -0.89417 0.26809 0.35859
vn -0.45149 0.38449 0.80518
vn 0.8047 -0.5856 0.0976
vn 0.86287 -0.50208 -0.0581
vn 0.90238 -0.40209 0.155
vn 0.62689 -0.3968 0.67049
vn 0.88981 0.0868 0.448
vn 0.8896 -0.1029 0.445
vn 0.89466 -0.40818 0.18159
vn 0.90752 -0.39031 0.1551
vn 0.8146 -0.2897 0.5025
vn 0.52439 -0.60299 0.60119
vn 0.46881 -0.66162 0.58522
vn 0.78412 -0.51291 0.34941
vn 0.34049 -0.68368 0.64548
vn 0.3078 -0.63291 0.71041
vn 0.3038 -0.75019 0.5873
vn 0.38598 -0.73547 0.55687
vn 0.36181 -0.78272 0.50641
vn 0.3797 -0.8234 0.4217
vn 0.32971 -0.73093 0.59752
vn 0.30671 -0.68231 0.66361
vn 0.271 -0.8552 0.4418
vn 0.26031 -0.85872 0.44141
vn 0.25261 -0.79353 0.55362
vn 0.27559 -0.78748 0.55129
vn 0.94903 0.0673 -0.30791
vn 0.88858 0.45359 0.0685
vn -0.3796 0.90719 0.1814
vn 0.6624 0.7431 0.095
vn -0.1496 0.2535 -0.9557
vn 0.0904 0.71453 -0.69373
vn 0.92242 0.36801 -0.1171
vn 0.3866 -0.0088 -0.9222
vn 0.60888 0.79258 0.0328
vn 0.83329 0.30919 0.45829
vn 0.92045 -0.29059 0.26139
vn 0.8536 0.0057 0.5209
vn -0.1785 0.75698 -0.62858
vn -0.16001 0.69363 -0.70233
vn -0.13721 0.66894 -0.73054
vn -0.2243 0.77379 -0.5924
vn -0.58138 0.42718 -0.69247
vn -0.36469 0.49859 -0.78639
vn -0.2172 0.68061 -0.69971
vn -0.31221 0.67191 -0.67161
vn -0.1921 0.46371 -0.86491
vn -0.37061 0.32751 -0.86913
vn -0.0804 0.0584 -0.99505
vn -0.0999 0.51939 -0.84868
vn 0.022 0.99343 -0.1123
vn 0.95665 -0.26831 -0.11331
vn 0.45379 0.88848 0.0684
vn 0.65757 -0.58947 0.46918
vn -0.52939 0.62719 0.57129
vn 0.37229 0.91797 -0.1369
vn 0.77379 0.52469 -0.35489
vn -0.41068 0.87157 0.26779
vn 0.70851 -0.1548 -0.68851
vn 0.61801 -0.36191 -0.69791
vn 0.72098 -0.30529 -0.62208
vn 0.73622 -0.36711 -0.56852
vn -0.95364 -0.17701 -0.24341
vn -0.99355 -0.054 0.09971
vn -0.86441 -0.2032 -0.4599
vn -0.91408 -0.25469 -0.31559
vn -0.39691 0.84512 -0.35811
vn 0.1619 0.90237 0.39939
vn -0.5917 0.6931 0.4117
vn -0.79394 0.17741 -0.58153
vn -0.91741 0.236 0.3204
vn -0.9566 -0.2914 -0.0024
vn -0.83737 -0.38099 0.39199
vn -0.5733 0.0435 0.81819
vn -0.097 -0.60929 -0.78699
vn 0.0406 -0.4935 -0.8688
vn -0.5664 -0.2863 -0.7728
vn -0.50708 -0.62777 -0.59057
vn -0.5039 -0.6549 -0.5632
vn -0.40711 -0.46182 -0.78803
vn 0.1115 -0.5272 -0.8424
vn 0.0043 -0.67912 -0.73402
vn -0.34131 -0.32701 -0.88123
vn -0.28771 -0.031 -0.95722
vn -0.0708 -0.18929 -0.97937
vn -0.0244 -0.51302 -0.85803
vn 0.68838 0.69238 -0.21619
vn -0.37801 0.50381 -0.77672
vn 0.1684 0.91872 -0.35721
vn 0.79667 0.53528 0.28069
vn -0.36702 0.31561 -0.87504
vn -0.75842 0.25521 -0.59972
vn -0.85162 0.41051 -0.32591
vn 0.1089 0.73522 -0.66902
vn -0.92216 0.30249 0.24109
vn -0.972 0.1787 0.1526
vn -0.2793 0.003 -0.9602
vn -0.94212 0.048 -0.33181
vn 0.32269 -0.0157 -0.94637
vn 0.1021 0.2778 -0.9552
vn -0.21501 0.1358 -0.96712
vn 0.29649 0.0643 -0.95287
vn 0.0906 0.89561 0.43551
vn 0.43291 0.66652 0.60691
vn 0.77262 0.58101 -0.25591
vn 0.5335 0.5307 -0.65859
vn 0.68189 0.41679 0.60109
vn 0.76388 0.36739 0.53058
vn 0.88851 0.247 0.3867
vn 0.8451 0.468 0.2584
vn 0.5285 0.6576 -0.5369
vn 0.48251 0.86852 0.1134
vn 0.60117 0.68707 0.40808
vn 0.78464 0.47142 -0.40262
vn -0.57628 -0.23319 -0.78328
vn -0.44531 0.37381 -0.81361
vn -0.3145 0.59441 -0.74011
vn -0.0728 0.91794 -0.38998
vn -0.5897 0.7701 -0.2433
vn -0.28319 0.90928 0.30499
vn 0.50509 0.25809 0.82358
vn 0.0559 0.92423 0.37771
vn 0.68911 -0.70351 -0.1738
vn 0.2707 -0.90231 -0.3355
vn 0.3924 -0.91951 -0.0228
vn 0.75723 -0.62103 -0.20231
vn 0.75029 -0.54929 0.36789
vn 0.87239 -0.4561 -0.1758
vn 0.43402 -0.82843 -0.35401
vn 0.7286 -0.6834 0.0459
vn 0.51149 0.81379 -0.2759
vn -0.0185 0.99723 0.0721
vn 0.77422 0.53742 -0.33431
vn 0.85105 -0.0861 -0.51797
vn -0.83906 -0.39718 -0.37178
vn -0.82591 0.35251 -0.44001
vn -0.96445 -0.13779 -0.22549
vn -0.92025 -0.32012 -0.22511
vn -0.50501 0.34371 -0.79172
vn 0.38719 0.91648 0.1007
vn -0.20639 0.91067 -0.35789
vn -0.83074 -0.17171 -0.52952
vn 0.7256 0.4091 0.5533
vn 0.75667 0.17049 0.63118
vn 0.87327 0.24769 0.41958
vn 0.73773 0.62192 0.26261
vn 0.2922 0.92779 -0.232
vn -0.3307 0.6821 -0.6522
vn -0.39042 0.64172 -0.66013
vn -0.39691 -0.0902 -0.91342
vn -0.2298 -0.0757 0.97029
vn -0.562 0.1888 0.8053
vn -0.71388 0.59448 0.37009
vn -0.21711 0.48933 0.84464
vn -0.6077 0.75801 -0.2369
vn 0.035 0.20731 -0.97765
vn 0.20789 -0.0484 -0.97695
vn -0.207 0.47609 -0.85469
vn -0.76767 0.1038 -0.63238
vn -0.27799 -0.0605 -0.95868
vn 0.36221 0.58752 -0.72362
vn -0.47352 0.38941 -0.79003
vn -0.0526 0.1494 -0.98738
vn 0.0832 -0.60838 -0.78927
vn -0.38751 0.1096 -0.91533
vn 0.54698 -0.52498 -0.65208
vn 0.1675 -0.86362 -0.47551
vn 0.30279 -0.74009 -0.60049
vn 0.78031 -0.2232 0.58421
vn 0.91231 -0.3479 0.216
vn 0.173 -0.5874 0.79059
vn -0.46831 -0.49541 0.73161
vn -0.0578 -0.54041 0.83941
vn 0.41369 -0.51599 0.75008
vn -0.88747 -0.29219 0.35639
vn -0.90621 0.0404 0.4209
vn -0.80979 -0.1516 0.56679
vn -0.4462 -0.4451 0.7764
vn -0.0548 0.1253 0.9906
vn 0.82991 0.1458 0.53851
vn 0.89167 0.32169 0.31849
vn -0.1224 0.1267 0.98436
vn 0.49601 0.71732 0.48931
vn 0.0232 -0.4974 0.86721
vn -0.0728 -0.50571 0.85962
vn 0.55269 0.69468 0.46039
vn 0.28729 0.85948 0.42279
vn 0.1088 -0.0094 0.99402
vn 0.0673 -0.30171 0.95102
vn 0.42042 0.76503 0.48782
vn 0.0218 -0.71613 0.69763
vn 0.11579 -0.73956 0.66306
vn 0.0268 -0.7254 0.6878
vn -0.0776 -0.77726 0.62437
vn 0.1532 0.94962 -0.27341
vn 0.5255 0.83331 -0.1716
vn 0.51611 0.78892 -0.33351
vn 0.0828 0.94002 -0.33091
vn 0.1066 0.97018 0.2177
vn 0.33032 0.94366 0.02
vn 0.4824 0.8648 -0.1393
vn 0.23019 0.96717 -0.1077
vn 0.51621 0.85051 -0.1008
vn 0.60072 0.79113 -0.1151
vn 0.50171 0.84122 -0.2016
vn 0.52259 0.83018 -0.19419
vn -0.85598 -0.27069 0.44049
vn -0.82222 -0.42311 0.38071
vn -0.84241 -0.1528 0.51671
vn -0.62572 -0.77002 0.1247
vn -0.63061 -0.76001 0.1572
vn 0.31931 0.88013 -0.35131
vn -0.75889 0.41229 0.50409
vn 0.66221 0.3327 -0.67141
vn -0.79029 0.0064 0.61269
vn 0.0046 -0.98055 -0.19619
vn -0.46342 -0.88363 0.0666
vn 0.1666 -0.83578 -0.52319
vn -0.41581 -0.90882 0.0338
vn -0.1304 -0.9892 -0.067
vn -0.63889 -0.76579 0.0733
vn 0.23869 -0.73637 -0.63308
vn 0.38709 -0.57738 -0.71888
vn -0.2765 -0.42529 0.86179
vn -0.0447 -0.5651 0.82381
vn 0.0784 -0.39879 0.91368
vn -0.67269 0.48719 -0.55689
vn -0.69102 -0.0751 0.71892
vn -0.72722 0.26231 -0.63431
vn -0.65956 0.0023 -0.75165
vn -0.56018 -0.13519 -0.81727
vn -0.70621 0.59031 0.3909
vn -0.84536 0.46908 0.25559
vn -0.69408 0.71688 -0.0659
vn -0.7682 0.4464 0.4589
vn 0.096 -0.0006 -0.99538
vn -0.0975 -0.6281 -0.772
vn 0.73233 0.37191 -0.57042
vn 0.81541 0.57041 0.0987
vn 0.1043 0.1493 0.98328
vn 0.2261 0.94501 0.2363
vn -0.178 0.83229 0.52499
vn 0.4569 0.87739 0.1464
vn 0.6433 0.7383 -0.2027
vn -0.5186 0.5673 0.6397
vn -0.94532 0.0095 -0.32601
vn -0.61369 0.3001 -0.73029
vn -0.7172 -0.1992 0.6678
vn -0.62989 -0.41299 0.65779
vn -0.99057 -0.131 0.0401
vn -0.6605 -0.3903 0.6414
vn -0.19199 0.27539 -0.94197
vn -0.7789 -0.6049 -0.1656
vn -0.76802 -0.45881 0.44681
vn -0.65831 -0.3969 0.63961
vn 0.68211 -0.0327 0.73051
vn 0.55972 0.73433 -0.38402
vn -0.4175 0.4736 -0.7755
vn 0.31559 0.2194 0.92318
vn 0.43538 -0.0294 0.89977
vn -0.6579 0.4739 -0.5853
vn -0.71131 0.45171 -0.53851
vn -0.7445 0.3908 -0.5413
vn -0.61061 0.41851 -0.67231
vn -0.3888 -0.4668 -0.79431
vn -0.40789 -0.43329 -0.80367
vn -0.5807 0.4974 -0.6445
vn -0.44851 -0.29321 -0.84432
vn 0.3063 0.4121 0.85811
vn 0.29809 0.37619 0.87728
vn 0.14779 0.69296 0.70566
vt 0.96875 0.96875
vt 1 0.96875
vt 1 1
vt 0.96875 1
vt 0.46875 0.96875
vt 0.5 0.96875
vt 0.5 1
vt 0.46875 1
vt 0.46875 0.46875
vt 0.5 0.46875
vt 0.5 0.5
vt 0.46875 0.5
vt 0.96875 0.46875
vt 1 0.46875
vt 0.96875 0.5
vt 1 0.5
vt 0.71875 0.46875
vt 0.75 0.46875
vt 0.75 0.5
vt 0.71875 0.5
vt 0.71875 0.21875
vt 0.75 0.21875
vt 0.75 0.25
vt 0.71875 0.25
vt 0.96875 0.21875
vt 1 0.21875
vt 1 0.25
vt 0.96875 0.25
vt 0.21875 0.46875
vt 0.25 0.46875
vt 0.25 0.5
vt 0.21875 0.5
vt 0.21875 0.21875
vt 0.25 0.21875
vt 0.21875 0.25
vt 0.25 0.25
vt 0.46875 0.21875
vt 0.5 0.21875
vt 0.5 0.25
vt 0.46875 0.25
vt 0.21875 0.96875
vt 0.25 0.96875
vt 0.25 1
vt 0.21875 1
vt 0.21875 0.71875
vt 0.25 0.71875
vt 0.25 0.75
vt 0.21875 0.75
vt 0.46875 0.71875
vt 0.5 0.71875
vt 0.5 0.75
vt 0.46875 0.75
vt 0.71875 0.96875
vt 0.75 0.96875
vt 0.75 1
vt 0.71875 1
vt 0.71875 0.71875
vt 0.75 0.71875
vt 0.75 0.75
vt 0.71875 0.75
vt 0.96875 0.71875
vt 1 0.71875
vt 1 0.75
vt 0.96875 0.75
vt 0.84375 0.71875
vt 0.875 0.71875
vt 0.875 0.75
vt 0.84375 0.75
vt 0.84375 0.59375
vt 0.875 0.59375
vt 0.875 0.625
vt 0.84375 0.625
vt 0.96875 0.59375
vt 1 0.59375
vt 1 0.625
vt 0.96875 0.625
vt 0.59375 0.71875
vt 0.625 0.71875
vt 0.625 0.75
vt 0.59375 0.75
vt 0.59375 0.59375
vt 0.625 0.59375
vt 0.625 0.625
vt 0.59375 0.625
vt 0.71875 0.59375
vt 0.75 0.59375
vt 0.75 0.625
vt 0.71875 0.625
vt 0.59375 0.96875
vt 0.625 0.96875
vt 0.625 1
vt 0.59375 1
vt 0.59375 0.84375
vt 0.625 0.84375
vt 0.625 0.875
vt 0.59375 0.875
vt 0.71875 0.84375
vt 0.75 0.84375
vt 0.75 0.875
vt 0.71875 0.875
vt 0.34375 0.71875
vt 0.375 0.71875
vt 0.375 0.75
vt 0.34375 0.75
vt 0.34375 0.59375
vt 0.375 0.59375
vt 0.375 0.625
vt 0.34375 0.625
vt 0.46875 0.59375
vt 0.5 0.59375
vt 0.5 0.625
vt 0.46875 0.625
vt 0.09375 0.71875
vt 0.125 0.71875
vt 0.125 0.75
vt 0.09375 0.75
vt 0.09375 0.59375
vt 0.125 0.59375
vt 0.09375 0.625
vt 0.125 0.625
vt 0.21875 0.59375
vt 0.25 0.59375
vt 0.25 0.625
vt 0.21875 0.625
vt 0.09375 0.96875
vt 0.125 0.96875
vt 0.125 1
vt 0.09375 1
vt 0.09375 0.84375
vt 0.125 0.84375
vt 0.125 0.875
vt 0.09375 0.875
vt 0.21875 0.84375
vt 0.25 0.84375
vt 0.25 0.875
vt 0.21875 0.875
vt 0.34375 0.21875
vt 0.375 0.21875
vt 0.375 0.25
vt 0.34375 0.25
vt 0.34375 0.09375
vt 0.375 0.09375
vt 0.375 0.125
vt 0.34375 0.125
vt 0.46875 0.09375
vt 0.5 0.09375
vt 0.5 0.125
vt 0.46875 0.125
vt 0.09375 0.21875
vt 0.125 0.21875
vt 0.125 0.25
vt 0.09375 0.25
vt 0.09375 0.09375
vt 0.125 0.09375
vt 0.125 0.125
vt 0.09375 0.125
vt 0.21875 0.09375
vt 0.25 0.09375
vt 0.25 0.125
vt 0.21875 0.125
vt 0.09375 0.46875
vt 0.125 0.46875
vt 0.125 0.5
vt 0.09375 0.5
vt 0.09375 0.34375
vt 0.125 0.34375
vt 0.09375 0.375
vt 0.125 0.375
vt 0.21875 0.34375
vt 0.25 0.34375
vt 0.25 0.375
vt 0.21875 0.375
vt 0.84375 0.21875
vt 0.875 0.21875
vt 0.875 0.25
vt 0.84375 0.25
vt 0.84375 0.09375
vt 0.875 0.09375
vt 0.875 0.125
vt 0.84375 0.125
vt 0.96875 0.09375
vt 1 0.09375
vt 1 0.125
vt 0.96875 0.125
vt 0.59375 0.21875
vt 0.625 0.21875
vt 0.625 0.25
vt 0.59375 0.25
vt 0.59375 0.09375
vt 0.625 0.09375
vt 0.625 0.125
vt 0.59375 0.125
vt 0.71875 0.09375
vt 0.75 0.09375
vt 0.75 0.125
vt 0.71875 0.125
vt 0.59375 0.46875
vt 0.625 0.46875
vt 0.625 0.5
vt 0.59375 0.5
vt 0.59375 0.34375
vt 0.625 0.34375
vt 0.625 0.375
vt 0.59375 0.375
vt 0.71875 0.34375
vt 0.75 0.34375
vt 0.75 0.375
vt 0.71875 0.375
vt 0.84375 0.46875
vt 0.875 0.46875
vt 0.875 0.5
vt 0.84375 0.5
vt 0.84375 0.34375
vt 0.875 0.34375
vt 0.875 0.375
vt 0.84375 0.375
vt 0.96875 0.34375
vt 1 0.34375
vt 1 0.375
vt 0.96875 0.375
vt 0.34375 0.46875
vt 0.375 0.46875
vt 0.375 0.5
vt 0.34375 0.5
vt 0.34375 0.34375
vt 0.375 0.34375
vt 0.375 0.375
vt 0.34375 0.375
vt 0.46875 0.34375
vt 0.5 0.34375
vt 0.5 0.375
vt 0.46875 0.375
vt 0.34375 0.96875
vt 0.375 0.96875
vt 0.375 1
vt 0.34375 1
vt 0.34375 0.84375
vt 0.375 0.84375
vt 0.375 0.875
vt 0.34375 0.875
vt 0.46875 0.84375
vt 0.5 0.84375
vt 0.5 0.875
vt 0.46875 0.875
vt 0.84375 0.96875
vt 0.875 0.96875
vt 0.875 1
vt 0.84375 1
vt 0.84375 0.84375
vt 0.875 0.84375
vt 0.875 0.875
vt 0.84375 0.875
vt 0.96875 0.84375
vt 1 0.84375
vt 1 0.875
vt 0.96875 0.875
vt 0.90625 0.84375
vt 0.9375 0.84375
vt 0.9375 0.875
vt 0.90625 0.875
vt 0.90625 0.78125
vt 0.9375 0.78125
vt 0.9375 0.8125
vt 0.90625 0.8125
vt 0.96875 0.78125
vt 1 0.78125
vt 1 0.8125
vt 0.96875 0.8125
vt 0.78125 0.84375
vt 0.8125 0.84375
vt 0.8125 0.875
vt 0.78125 0.875
vt 0.78125 0.78125
vt 0.8125 0.78125
vt 0.8125 0.8125
vt 0.78125 0.8125
vt 0.84375 0.78125
vt 0.875 0.78125
vt 0.875 0.8125
vt 0.84375 0.8125
vt 0.78125 0.96875
vt 0.8125 0.96875
vt 0.8125 1
vt 0.78125 1
vt 0.78125 0.90625
vt 0.8125 0.90625
vt 0.78125 0.9375
vt 0.8125 0.9375
vt 0.84375 0.90625
vt 0.875 0.90625
vt 0.875 0.9375
vt 0.84375 0.9375
vt 0.40625 0.84375
vt 0.4375 0.84375
vt 0.4375 0.875
vt 0.40625 0.875
vt 0.40625 0.78125
vt 0.4375 0.78125
vt 0.4375 0.8125
vt 0.40625 0.8125
vt 0.46875 0.78125
vt 0.5 0.78125
vt 0.5 0.8125
vt 0.46875 0.8125
vt 0.28125 0.84375
vt 0.3125 0.84375
vt 0.3125 0.875
vt 0.28125 0.875
vt 0.28125 0.78125
vt 0.3125 0.78125
vt 0.3125 0.8125
vt 0.28125 0.8125
vt 0.34375 0.78125
vt 0.375 0.78125
vt 0.375 0.8125
vt 0.34375 0.8125
vt 0.28125 0.96875
vt 0.3125 0.96875
vt 0.3125 1
vt 0.28125 1
vt 0.28125 0.90625
vt 0.3125 0.90625
vt 0.3125 0.9375
vt 0.28125 0.9375
vt 0.34375 0.90625
vt 0.375 0.90625
vt 0.375 0.9375
vt 0.34375 0.9375
vt 0.40625 0.34375
vt 0.4375 0.34375
vt 0.4375 0.375
vt 0.40625 0.375
vt 0.40625 0.28125
vt 0.4375 0.28125
vt 0.40625 0.3125
vt 0.4375 0.3125
vt 0.46875 0.28125
vt 0.5 0.28125
vt 0.46875 0.3125
vt 0.5 0.3125
vt 0.28125 0.34375
vt 0.3125 0.34375
vt 0.3125 0.375
vt 0.28125 0.375
vt 0.28125 0.28125
vt 0.3125 0.28125
vt 0.28125 0.3125
vt 0.3125 0.3125
vt 0.34375 0.28125
vt 0.375 0.28125
vt 0.375 0.3125
vt 0.34375 0.3125
vt 0.28125 0.46875
vt 0.3125 0.46875
vt 0.3125 0.5
vt 0.28125 0.5
vt 0.28125 0.40625
vt 0.3125 0.40625
vt 0.3125 0.4375
vt 0.28125 0.4375
vt 0.34375 0.40625
vt 0.375 0.40625
vt 0.375 0.4375
vt 0.34375 0.4375
vt 0.90625 0.34375
vt 0.9375 0.34375
vt 0.9375 0.375
vt 0.90625 0.375
vt 0.90625 0.28125
vt 0.9375 0.28125
vt 0.9375 0.3125
vt 0.90625 0.3125
vt 0.96875 0.28125
vt 1 0.28125
vt 1 0.3125
vt 0.96875 0.3125
vt 0.78125 0.34375
vt 0.8125 0.34375
vt 0.8125 0.375
vt 0.78125 0.375
vt 0.78125 0.28125
vt 0.8125 0.28125
vt 0.8125 0.3125
vt 0.78125 0.3125
vt 0.84375 0.28125
vt 0.875 0.28125
vt 0.875 0.3125
vt 0.84375 0.3125
vt 0.78125 0.46875
vt 0.8125 0.46875
vt 0.8125 0.5
vt 0.78125 0.5
vt 0.78125 0.40625
vt 0.8125 0.40625
vt 0.8125 0.4375
vt 0.78125 0.4375
vt 0.84375 0.40625
vt 0.875 0.40625
vt 0.875 0.4375
vt 0.84375 0.4375
vt 0.65625 0.34375
vt 0.6875 0.34375
vt 0.6875 0.375
vt 0.65625 0.375
vt 0.65625 0.28125
vt 0.6875 0.28125
vt 0.6875 0.3125
vt 0.65625 0.3125
vt 0.71875 0.28125
vt 0.75 0.28125
vt 0.75 0.3125
vt 0.71875 0.3125
vt 0.53125 0.34375
vt 0.5625 0.34375
vt 0.5625 0.375
vt 0.53125 0.375
vt 0.53125 0.28125
vt 0.5625 0.28125
vt 0.5625 0.3125
vt 0.53125 0.3125
vt 0.59375 0.28125
vt 0.625 0.28125
vt 0.625 0.3125
vt 0.59375 0.3125
vt 0.53125 0.46875
vt 0.5625 0.46875
vt 0.5625 0.5
vt 0.53125 0.5
vt 0.53125 0.40625
vt 0.5625 0.40625
vt 0.5625 0.4375
vt 0.53125 0.4375
vt 0.59375 0.40625
vt 0.625 0.40625
vt 0.625 0.4375
vt 0.59375 0.4375
vt 0.65625 0.09375
vt 0.6875 0.09375
vt 0.6875 0.125
vt 0.65625 0.125
vt 0.65625 0.03125
vt 0.6875 0.03125
vt 0.6875 0.0625
vt 0.65625 0.0625
vt 0.71875 0.03125
vt 0.75 0.03125
vt 0.75 0.0625
vt 0.71875 0.0625
vt 0.53125 0.09375
vt 0.5625 0.09375
vt 0.5625 0.125
vt 0.53125 0.125
vt 0.53125 0.03125
vt 0.5625 0.03125
vt 0.5625 0.0625
vt 0.53125 0.0625
vt 0.59375 0.03125
vt 0.625 0.03125
vt 0.625 0.0625
vt 0.59375 0.0625
vt 0.53125 0.21875
vt 0.5625 0.21875
vt 0.5625 0.25
vt 0.53125 0.25
vt 0.53125 0.15625
vt 0.5625 0.15625
vt 0.5625 0.1875
vt 0.53125 0.1875
vt 0.59375 0.15625
vt 0.625 0.15625
vt 0.625 0.1875
vt 0.59375 0.1875
vt 0.90625 0.09375
vt 0.9375 0.09375
vt 0.90625 0.125
vt 0.9375 0.125
vt 0.90625 0.03125
vt 0.9375 0.03125
vt 0.9375 0.0625
vt 0.90625 0.0625
vt 0.96875 0.03125
vt 1 0.03125
vt 1 0.0625
vt 0.96875 0.0625
vt 0.78125 0.09375
vt 0.8125 0.09375
vt 0.8125 0.125
vt 0.78125 0.125
vt 0.78125 0.03125
vt 0.8125 0.03125
vt 0.8125 0.0625
vt 0.78125 0.0625
vt 0.84375 0.03125
vt 0.875 0.03125
vt 0.84375 0.0625
vt 0.875 0.0625
vt 0.78125 0.21875
vt 0.8125 0.21875
vt 0.8125 0.25
vt 0.78125 0.25
vt 0.78125 0.15625
vt 0.8125 0.15625
vt 0.8125 0.1875
vt 0.78125 0.1875
vt 0.84375 0.15625
vt 0.875 0.15625
vt 0.875 0.1875
vt 0.84375 0.1875
vt 0.15625 0.34375
vt 0.1875 0.34375
vt 0.1875 0.375
vt 0.15625 0.375
vt 0.15625 0.28125
vt 0.1875 0.28125
vt 0.1875 0.3125
vt 0.15625 0.3125
vt 0.21875 0.28125
vt 0.25 0.28125
vt 0.25 0.3125
vt 0.21875 0.3125
vt 0.03125 0.34375
vt 0.0625 0.34375
vt 0.0625 0.375
vt 0.03125 0.375
vt 0.03125 0.28125
vt 0.0625 0.28125
vt 0.03125 0.3125
vt 0.0625 0.3125
vt 0.09375 0.28125
vt 0.125 0.28125
vt 0.125 0.3125
vt 0.09375 0.3125
vt 0.03125 0.46875
vt 0.0625 0.46875
vt 0.0625 0.5
vt 0.03125 0.5
vt 0.03125 0.40625
vt 0.0625 0.40625
vt 0.0625 0.4375
vt 0.03125 0.4375
vt 0.09375 0.40625
vt 0.125 0.40625
vt 0.125 0.4375
vt 0.09375 0.4375
vt 0.15625 0.09375
vt 0.1875 0.09375
vt 0.1875 0.125
vt 0.15625 0.125
vt 0.15625 0.03125
vt 0.1875 0.03125
vt 0.1875 0.0625
vt 0.15625 0.0625
vt 0.21875 0.03125
vt 0.25 0.03125
vt 0.25 0.0625
vt 0.21875 0.0625
vt 0.03125 0.09375
vt 0.0625 0.09375
vt 0.0625 0.125
vt 0.03125 0.125
vt 0.03125 0.03125
vt 0.0625 0.03125
vt 0.0625 0.0625
vt 0.03125 0.0625
vt 0.09375 0.03125
vt 0.125 0.03125
vt 0.125 0.0625
vt 0.09375 0.0625
vt 0.03125 0.21875
vt 0.0625 0.21875
vt 0.0625 0.25
vt 0.03125 0.25
vt 0.03125 0.15625
vt 0.0625 0.15625
vt 0.0625 0.1875
vt 0.03125 0.1875
vt 0.09375 0.15625
vt 0.125 0.15625
vt 0.125 0.1875
vt 0.09375 0.1875
vt 0.40625 0.09375
vt 0.4375 0.09375
vt 0.4375 0.125
vt 0.40625 0.125
vt 0.40625 0.03125
vt 0.4375 0.03125
vt 0.40625 0.0625
vt 0.4375 0.0625
vt 0.46875 0.03125
vt 0.5 0.03125
vt 0.5 0.0625
vt 0.46875 0.0625
vt 0.28125 0.09375
vt 0.3125 0.09375
vt 0.28125 0.125
vt 0.3125 0.125
vt 0.28125 0.03125
vt 0.3125 0.03125
vt 0.3125 0.0625
vt 0.28125 0.0625
vt 0.34375 0.03125
vt 0.375 0.03125
vt 0.375 0.0625
vt 0.34375 0.0625
vt 0.28125 0.21875
vt 0.3125 0.21875
vt 0.3125 0.25
vt 0.28125 0.25
vt 0.28125 0.15625
vt 0.3125 0.15625
vt 0.3125 0.1875
vt 0.28125 0.1875
vt 0.34375 0.15625
vt 0.375 0.15625
vt 0.375 0.1875
vt 0.34375 0.1875
vt 0.15625 0.84375
vt 0.1875 0.84375
vt 0.1875 0.875
vt 0.15625 0.875
vt 0.15625 0.78125
vt 0.1875 0.78125
vt 0.1875 0.8125
vt 0.15625 0.8125
vt 0.21875 0.78125
vt 0.25 0.78125
vt 0.25 0.8125
vt 0.21875 0.8125
vt 0.03125 0.84375
vt 0.0625 0.84375
vt 0.0625 0.875
vt 0.03125 0.875
vt 0.03125 0.78125
vt 0.0625 0.78125
vt 0.0625 0.8125
vt 0.03125 0.8125
vt 0.09375 0.78125
vt 0.125 0.78125
vt 0.125 0.8125
vt 0.09375 0.8125
vt 0.03125 0.96875
vt 0.0625 0.96875
vt 0.0625 1
vt 0.03125 1
vt 0.03125 0.90625
vt 0.0625 0.90625
vt 0.0625 0.9375
vt 0.03125 0.9375
vt 0.09375 0.90625
vt 0.125 0.90625
vt 0.125 0.9375
vt 0.09375 0.9375
vt 0.15625 0.59375
vt 0.1875 0.59375
vt 0.1875 0.625
vt 0.15625 0.625
vt 0.15625 0.53125
vt 0.1875 0.53125
vt 0.1875 0.5625
vt 0.15625 0.5625
vt 0.21875 0.53125
vt 0.25 0.53125
vt 0.25 0.5625
vt 0.21875 0.5625
vt 0.03125 0.59375
vt 0.0625 0.59375
vt 0.0625 0.625
vt 0.03125 0.625
vt 0.03125 0.53125
vt 0.0625 0.53125
vt 0.0625 0.5625
vt 0.03125 0.5625
vt 0.09375 0.53125
vt 0.125 0.53125
vt 0.125 0.5625
vt 0.09375 0.5625
vt 0.03125 0.71875
vt 0.0625 0.71875
vt 0.0625 0.75
vt 0.03125 0.75
vt 0.03125 0.65625
vt 0.0625 0.65625
vt 0.0625 0.6875
vt 0.03125 0.6875
vt 0.09375 0.65625
vt 0.125 0.65625
vt 0.125 0.6875
vt 0.09375 0.6875
vt 0.40625 0.59375
vt 0.4375 0.59375
vt 0.4375 0.625
vt 0.40625 0.625
vt 0.40625 0.53125
vt 0.4375 0.53125
vt 0.4375 0.5625
vt 0.40625 0.5625
vt 0.46875 0.53125
vt 0.5 0.53125
vt 0.5 0.5625
vt 0.46875 0.5625
vt 0.28125 0.59375
vt 0.3125 0.59375
vt 0.3125 0.625
vt 0.28125 0.625
vt 0.28125 0.53125
vt 0.3125 0.53125
vt 0.3125 0.5625
vt 0.28125 0.5625
vt 0.34375 0.53125
vt 0.375 0.53125
vt 0.375 0.5625
vt 0.34375 0.5625
vt 0.28125 0.71875
vt 0.3125 0.71875
vt 0.3125 0.75
vt 0.28125 0.75
vt 0.28125 0.65625
vt 0.3125 0.65625
vt 0.3125 0.6875
vt 0.28125 0.6875
vt 0.34375 0.65625
vt 0.375 0.65625
vt 0.375 0.6875
vt 0.34375 0.6875
vt 0.65625 0.84375
vt 0.6875 0.84375
vt 0.6875 0.875
vt 0.65625 0.875
vt 0.65625 0.78125
vt 0.6875 0.78125
vt 0.6875 0.8125
vt 0.65625 0.8125
vt 0.71875 0.78125
vt 0.75 0.78125
vt 0.75 0.8125
vt 0.71875 0.8125
vt 0.53125 0.84375
vt 0.5625 0.84375
vt 0.5625 0.875
vt 0.53125 0.875
vt 0.53125 0.78125
vt 0.5625 0.78125
vt 0.5625 0.8125
vt 0.53125 0.8125
vt 0.59375 0.78125
vt 0.625 0.78125
vt 0.625 0.8125
vt 0.59375 0.8125
vt 0.53125 0.96875
vt 0.5625 0.96875
vt 0.5625 1
vt 0.53125 1
vt 0.53125 0.90625
vt 0.5625 0.90625
vt 0.5625 0.9375
vt 0.53125 0.9375
vt 0.59375 0.90625
vt 0.625 0.90625
vt 0.625 0.9375
vt 0.59375 0.9375
vt 0.65625 0.59375
vt 0.6875 0.59375
vt 0.6875 0.625
vt 0.65625 0.625
vt 0.65625 0.53125
vt 0.6875 0.53125
vt 0.6875 0.5625
vt 0.65625 0.5625
vt 0.71875 0.53125
vt 0.75 0.53125
vt 0.75 0.5625
vt 0.71875 0.5625
vt 0.53125 0.59375
vt 0.5625 0.59375
vt 0.5625 0.625
vt 0.53125 0.625
vt 0.53125 0.53125
vt 0.5625 0.53125
vt 0.5625 0.5625
vt 0.53125 0.5625
vt 0.59375 0.53125
vt 0.625 0.53125
vt 0.625 0.5625
vt 0.59375 0.5625
vt 0.53125 0.71875
vt 0.5625 0.71875
vt 0.5625 0.75
vt 0.53125 0.75
vt 0.53125 0.65625
vt 0.5625 0.65625
vt 0.5625 0.6875
vt 0.53125 0.6875
vt 0.59375 0.65625
vt 0.625 0.65625
vt 0.625 0.6875
vt 0.59375 0.6875
vt 0.90625 0.59375
vt 0.9375 0.59375
vt 0.9375 0.625
vt 0.90625 0.625
vt 0.90625 0.53125
vt 0.9375 0.53125
vt 0.90625 0.5625
vt 0.9375 0.5625
vt 0.96875 0.53125
vt 1 0.53125
vt 1 0.5625
vt 0.96875 0.5625
vt 0.78125 0.59375
vt 0.8125 0.59375
vt 0.8125 0.625
vt 0.78125 0.625
vt 0.78125 0.53125
vt 0.8125 0.53125
vt 0.8125 0.5625
vt 0.78125 0.5625
vt 0.84375 0.53125
vt 0.875 0.53125
vt 0.875 0.5625
vt 0.84375 0.5625
vt 0.78125 0.71875
vt 0.8125 0.71875
vt 0.8125 0.75
vt 0.78125 0.75
vt 0.78125 0.65625
vt 0.8125 0.65625
vt 0.8125 0.6875
vt 0.78125 0.6875
vt 0.84375 0.65625
vt 0.875 0.65625
vt 0.875 0.6875
vt 0.84375 0.6875
vt 0.90625 0.71875
vt 0.9375 0.71875
vt 0.9375 0.75
vt 0.90625 0.75
vt 0.90625 0.65625
vt 0.9375 0.65625
vt 0.9375 0.6875
vt 0.90625 0.6875
vt 0.96875 0.65625
vt 1 0.65625
vt 1 0.6875
vt 0.96875 0.6875
vt 0.65625 0.71875
vt 0.6875 0.71875
vt 0.6875 0.75
vt 0.65625 0.75
vt 0.65625 0.65625
vt 0.6875 0.65625
vt 0.6875 0.6875
vt 0.65625 0.6875
vt 0.71875 0.65625
vt 0.75 0.65625
vt 0.75 0.6875
vt 0.71875 0.6875
vt 0.65625 0.96875
vt 0.6875 0.96875
vt 0.6875 1
vt 0.65625 1
vt 0.65625 0.90625
vt 0.6875 0.90625
vt 0.6875 0.9375
vt 0.65625 0.9375
vt 0.71875 0.90625
vt 0.75 0.90625
vt 0.75 0.9375
vt 0.71875 0.9375
vt 0.40625 0.71875
vt 0.4375 0.71875
vt 0.40625 0.75
vt 0.4375 0.75
vt 0.40625 0.65625
vt 0.4375 0.65625
vt 0.4375 0.6875
vt 0.40625 0.6875
vt 0.46875 0.65625
vt 0.5 0.65625
vt 0.5 0.6875
vt 0.46875 0.6875
vt 0.15625 0.71875
vt 0.1875 0.71875
vt 0.1875 0.75
vt 0.15625 0.75
vt 0.15625 0.65625
vt 0.1875 0.65625
vt 0.1875 0.6875
vt 0.15625 0.6875
vt 0.21875 0.65625
vt 0.25 0.65625
vt 0.25 0.6875
vt 0.21875 0.6875
vt 0.15625 0.96875
vt 0.1875 0.96875
vt 0.1875 1
vt 0.15625 1
vt 0.15625 0.90625
vt 0.1875 0.90625
vt 0.1875 0.9375
vt 0.15625 0.9375
vt 0.21875 0.90625
vt 0.25 0.90625
vt 0.25 0.9375
vt 0.21875 0.9375
vt 0.40625 0.21875
vt 0.4375 0.21875
vt 0.4375 0.25
vt 0.40625 0.25
vt 0.40625 0.15625
vt 0.4375 0.15625
vt 0.4375 0.1875
vt 0.40625 0.1875
vt 0.46875 0.15625
vt 0.5 0.15625
vt 0.5 0.1875
vt 0.46875 0.1875
vt 0.15625 0.21875
vt 0.1875 0.21875
vt 0.1875 0.25
vt 0.15625 0.25
vt 0.15625 0.15625
vt 0.1875 0.15625
vt 0.1875 0.1875
vt 0.15625 0.1875
vt 0.21875 0.15625
vt 0.25 0.15625
vt 0.25 0.1875
vt 0.21875 0.1875
vt 0.15625 0.46875
vt 0.1875 0.46875
vt 0.1875 0.5
vt 0.15625 0.5
vt 0.15625 0.40625
vt 0.1875 0.40625
vt 0.15625 0.4375
vt 0.1875 0.4375
vt 0.21875 0.40625
vt 0.25 0.40625
vt 0.25 0.4375
vt 0.21875 0.4375
vt 0.90625 0.21875
vt 0.9375 0.21875
vt 0.9375 0.25
vt 0.90625 0.25
vt 0.90625 0.15625
vt 0.9375 0.15625
vt 0.9375 0.1875
vt 0.90625 0.1875
vt 0.96875 0.15625
vt 1 0.15625
vt 1 0.1875
vt 0.96875 0.1875
vt 0.65625 0.21875
vt 0.6875 0.21875
vt 0.6875 0.25
vt 0.65625 0.25
vt 0.65625 0.15625
vt 0.6875 0.15625
vt 0.6875 0.1875
vt 0.65625 0.1875
vt 0.71875 0.15625
vt 0.75 0.15625
vt 0.75 0.1875
vt 0.71875 0.1875
vt 0.65625 0.46875
vt 0.6875 0.46875
vt 0.65625 0.5
vt 0.6875 0.5
vt 0.65625 0.40625
vt 0.6875 0.40625
vt 0.6875 0.4375
vt 0.65625 0.4375
vt 0.71875 0.40625
vt 0.75 0.40625
vt 0.75 0.4375
vt 0.71875 0.4375
vt 0.90625 0.46875
vt 0.9375 0.46875
vt 0.9375 0.5
vt 0.90625 0.5
vt 0.90625 0.40625
vt 0.9375 0.40625
vt 0.90625 0.4375
vt 0.9375 0.4375
vt 0.96875 0.40625
vt 1 0.40625
vt 1 0.4375
vt 0.96875 0.4375
vt 0.40625 0.46875
vt 0.4375 0.46875
vt 0.4375 0.5
vt 0.40625 0.5
vt 0.40625 0.40625
vt 0.4375 0.40625
vt 0.4375 0.4375
vt 0.40625 0.4375
vt 0.46875 0.40625
vt 0.5 0.40625
vt 0.5 0.4375
vt 0.46875 0.4375
vt 0.40625 0.96875
vt 0.4375 0.96875
vt 0.4375 1
vt 0.40625 1
vt 0.40625 0.90625
vt 0.4375 0.90625
vt 0.4375 0.9375
vt 0.40625 0.9375
vt 0.46875 0.90625
vt 0.5 0.90625
vt 0.5 0.9375
vt 0.46875 0.9375
vt 0.90625 0.96875
vt 0.9375 0.96875
vt 0.9375 1
vt 0.90625 1
vt 0.90625 0.90625
vt 0.9375 0.90625
vt 0.9375 0.9375
vt 0.90625 0.9375
vt 0.96875 0.90625
vt 1 0.90625
vt 1 0.9375
vt 0.96875 0.9375
vt 0 0.65625
vt 0 0.6875
vt 0 0.625
vt 0 0.71875
vt 0 0.75
vt 0 0.53125
vt 0 0.5625
vt 0 0.5
vt 0 0.59375
vt 0 0.90625
vt 0 0.9375
vt 0 0.875
vt 0 0.96875
vt 0 1
vt 0 0.78125
vt 0 0.8125
vt 0 0.84375
vt 0.3125 0
vt 0.34375 0
vt 0.375 0
vt 0.25 0
vt 0.28125 0
vt 0.4375 0
vt 0.46875 0
vt 0.5 0
vt 0.40625 0
vt 0 0.15625
vt 0 0.1875
vt 0 0.125
vt 0 0.21875
vt 0 0.25
vt 0.0625 0
vt 0.09375 0
vt 0.125 0
vt 0 0.03125
vt 0 0.0625
vt 0 0
vt 0.03125 0
vt 0 0.09375
vt 0.1875 0
vt 0.21875 0
vt 0.15625 0
vt 0 0.40625
vt 0 0.4375
vt 0 0.375
vt 0 0.46875
vt 0 0.28125
vt 0 0.3125
vt 0 0.34375
vt 0.8125 0
vt 0.84375 0
vt 0.875 0
vt 0.75 0
vt 0.78125 0
vt 0.9375 0
vt 0.96875 0
vt 1 0
vt 0.90625 0
vt 0.5625 0
vt 0.59375 0
vt 0.625 0
vt 0.53125 0
vt 0.6875 0
vt 0.71875 0
vt 0.65625 0
usemtl mat0
f 1/1/1 2/2/2 3/3/3
f 1/1/1 3/3/3 4/4/4
f 5/5/5 6/6/6 7/7/7
f 5/5/5 7/7/7 8/8/8
f 9/9/9 10/10/10 11/11/11
f 9/9/9 11/11/11 12/12/12
f 13/13/13 14/14/14 15/15/15
f 14/14/14 16/16/16 15/15/15
f 17/17/17 18/18/18 19/19/19
f 17/17/17 19/19/19 20/20/20
f 21/21/21 22/22/22 23/23/23
f 21/21/21 23/23/23 24/24/24
f 25/25/25 26/26/26 27/27/27
f 25/25/25 27/27/27 28/28/28
f 29/29/29 30/30/30 31/31/31
f 29/29/29 31/31/31 32/32/32
f 33/33/33 34/34/34 35/35/35
f 34/34/34 36/36/36 35/35/35
f 37/37/37 38/38/38 39/39/39
f 37/37/37 39/39/39 40/40/40
f 41/41/41 42/42/42 43/43/43
f 41/41/41 43/43/43 44/44/44
f 45/45/45 46/46/46 47/47/47
f 45/45/45 47/47/47 48/48/48
f 49/49/49 50/50/50 51/51/51
f 49/49/49 51/51/51 52/52/52
f 53/53/53 54/54/54 55/55/55
f 53/53/53 55/55/55 56/56/56
f 57/57/57 58/58/58 59/59/59
f 57/57/57 59/59/59 60/60/60
f 61/61/61 62/62/62 63/63/63
f 61/61/61 63/63/63 64/64/64
f 65/65/65 66/66/66 67/67/67
f 65/65/65 67/67/67 68/68/68
f 69/69/69 70/70/70 71/71/71
f 69/69/69 71/71/71 72/72/72
f 73/73/73 74/74/74 75/75/75
f 73/73/73 75/75/75 76/76/76
f 77/77/77 78/78/78 79/79/79
f 77/77/77 79/79/79 80/80/80
f 81/81/81 82/82/82 83/83/83
f 81/81/81 83/83/83 84/84/84
f 85/85/85 86/86/86 87/87/87
f 85/85/85 87/87/87 88/88/88
f 89/89/89 90/90/90 91/91/91
f 89/89/89 91/91/91 92/92/92
f 93/93/93 94/94/94 95/95/95
f 93/93/93 95/95/95 96/96/96
f 97/97/97 98/98/98 99/99/99
f 97/97/97 99/99/99 100/100/100
f 101/101/101 102/102/102 103/103/103
f 101/101/101 103/103/103 104/104/104
f 105/105/105 106/106/106 107/107/107
f 105/105/105 107/107/107 108/108/108
f 109/109/109 110/110/110 111/111/111
f 109/109/109 111/111/111 112/112/112
f 113/113/113 114/114/114 115/115/115
f 113/113/113 115/115/115 116/116/116
f 117/117/117 118/118/118 119/119/119
f 118/118/118 120/120/120 119/119/119
f 121/121/121 122/122/122 123/123/123
f 121/121/121 123/123/123 124/124/124
f 125/125/125 126/126/126 127/127/127
f 125/125/125 127/127/127 128/128/128
f 129/129/129 130/130/130 131/131/131
f 129/129/129 131/131/131 132/132/132
f 133/133/133 134/134/134 135/135/135
f 133/133/133 135/135/135 136/136/136
f 137/137/137 138/138/138 139/139/139
f 137/137/137 139/139/139 140/140/140
f 141/141/141 142/142/142 143/143/143
f 141/141/141 143/143/143 144/144/144
f 145/145/145 146/146/146 147/147/147
f 145/145/145 147/147/147 148/148/148
f 149/149/149 150/150/150 151/151/151
f 149/149/149 151/151/151 152/152/152
f 153/153/153 154/154/154 155/155/155
f 153/153/153 155/155/155 156/156/156
f 157/157/157 158/158/158 159/159/159
f 157/157/157 159/159/159 160/160/160
f 161/161/161 162/162/162 163/163/163
f 161/161/161 163/163/163 164/164/164
f 165/165/165 166/166/166 167/167/167
f 166/166/166 168/168/168 167/167/167
f 169/169/169 170/170/170 171/171/171
f 169/169/169 171/171/171 172/172/172
f 173/173/173 174/174/174 175/175/175
f 173/173/173 175/175/175 176/176/176
f 177/177/177 178/178/178 179/179/179
f 177/177/177 179/179/179 180/180/180
f 181/181/181 182/182/182 183/183/183
f 181/181/181 183/183/183 184/184/184
f 185/185/185 186/186/186 187/187/187
f 185/185/185 187/187/187 188/188/188
f 189/189/189 190/190/190 191/191/191
f 189/189/189 191/191/191 192/192/192
f 193/193/193 194/194/194 195/195/195
f 193/193/193 195/195/195 196/196/196
f 197/197/197 198/198/198 199/199/199
f 197/197/197 199/199/199 200/200/200
f 201/201/201 202/202/202 203/203/203
f 201/201/201 203/203/203 204/204/204
f 205/205/205 206/206/206 207/207/207
f 205/205/205 207/207/207 208/208/208
f 209/209/209 210/210/210 211/211/211
f 209/209/209 211/211/211 212/212/212
f 213/213/213 214/214/214 215/215/215
f 213/213/213 215/215/215 216/216/216
f 217/217/217 218/218/218 219/219/219
f 217/217/217 219/219/219 220/220/220
f 221/221/221 222/222/222 223/223/223
f 221/221/221 223/223/223 224/224/224
f 225/225/225 226/226/226 227/227/227
f 225/225/225 227/227/227 228/228/228
f 229/229/229 230/230/230 231/231/231
f 229/229/229 231/231/231 232/232/232
f 233/233/233 234/234/234 235/235/235
f 233/233/233 235/235/235 236/236/236
f 237/237/237 238/238/238 239/239/239
f 237/237/237 239/239/239 240/240/240
f 241/241/241 242/242/242 243/243/243
f 241/241/241 243/243/243 244/244/244
f 245/245/245 246/246/246 247/247/247
f 245/245/245 247/247/247 248/248/248
f 249/249/249 250/250/250 251/251/251
f 249/249/249 251/251/251 252/252/252
f 253/253/253 254/254/254 255/255/255
f 253/253/253 255/255/255 256/256/256
f 257/257/257 258/258/258 259/259/259
f 257/257/257 259/259/259 260/260/260
f 261/261/261 262/262/262 263/263/263
f 261/261/261 263/263/263 264/264/264
f 265/265/265 266/266/266 267/267/267
f 265/265/265 267/267/267 268/268/268
f 269/269/269 270/270/270 271/271/271
f 269/269/269 271/271/271 272/272/272
f 273/273/273 274/274/274 275/275/275
f 273/273/273 275/275/275 276/276/276
f 277/277/277 278/278/278 279/279/279
f 277/277/277 279/279/279 280/280/280
f 281/281/281 282/282/282 283/283/283
f 281/281/281 283/283/283 284/284/284
f 285/285/285 286/286/286 287/287/287
f 286/286/286 288/288/288 287/287/287
f 289/289/289 290/290/290 291/291/291
f 289/289/289 291/291/291 292/292/292
f 293/293/293 294/294/294 295/295/295
f 293/293/293 295/295/295 296/296/296
f 297/297/297 298/298/298 299/299/299
f 297/297/297 299/299/299 300/300/300
f 301/301/301 302/302/302 303/303/303
f 301/301/301 303/303/303 304/304/304
f 305/305/305 306/306/306 307/307/307
f 305/305/305 307/307/307 308/308/308
f 309/309/309 310/310/310 311/311/311
f 309/309/309 311/311/311 312/312/312
f 313/313/313 314/314/314 315/315/315
f 313/313/313 315/315/315 316/316/316
f 317/317/317 318/318/318 319/319/319
f 317/317/317 319/319/319 320/320/320
f 321/321/321 322/322/322 323/323/323
f 321/321/321 323/323/323 324/324/324
f 325/325/325 326/326/326 327/327/327
f 325/325/325 327/327/327 328/328/328
f 329/329/329 330/330/330 331/331/331
f 329/329/329 331/331/331 332/332/332
f 333/333/333 334/334/334 335/335/335
f 334/334/334 336/336/336 335/335/335
f 337/337/337 338/338/338 339/339/339
f 338/338/338 340/340/340 339/339/339
f 341/341/341 342/342/342 343/343/343
f 341/341/341 343/343/343 344/344/344
f 345/345/345 346/346/346 347/347/347
f 346/346/346 348/348/348 347/347/347
f 349/349/349 350/350/350 351/351/351
f 349/349/349 351/351/351 352/352/352
f 353/353/353 354/354/354 355/355/355
f 353/353/353 355/355/355 356/356/356
f 357/357/357 358/358/358 359/359/359
f 357/357/357 359/359/359 360/360/360
f 361/361/361 362/362/362 363/363/363
f 361/361/361 363/363/363 364/364/364
f 365/365/365 366/366/366 367/367/367
f 365/365/365 367/367/367 368/368/368
f 369/369/369 370/370/370 371/371/371
f 369/369/369 371/371/371 372/372/372
f 373/373/373 374/374/374 375/375/375
f 373/373/373 375/375/375 376/376/376
f 377/377/377 378/378/378 379/379/379
f 377/377/377 379/379/379 380/380/380
f 381/381/381 382/382/382 383/383/383
f 381/381/381 383/383/383 384/384/384
f 385/385/385 386/386/386 387/387/387
f 385/385/385 387/387/387 388/388/388
f 389/389/389 390/390/390 391/391/391
f 389/389/389 391/391/391 392/392/392
f 393/393/393 394/394/394 395/395/395
f 393/393/393 395/395/395 396/396/396
f 397/397/397 398/398/398 399/399/399
f 397/397/397 399/399/399 400/400/400
f 401/401/401 402/402/402 403/403/403
f 401/401/401 403/403/403 404/404/404
f 405/405/405 406/406/406 407/407/407
f 405/405/405 407/407/407 408/408/408
f 409/409/409 410/410/410 411/411/411
f 409/409/409 411/411/411 412/412/412
f 413/413/413 414/414/414 415/415/415
f 413/413/413 415/415/415 416/416/416
f 417/417/417 418/418/418 419/419/419
f 417/417/417 419/419/419 420/420/420
f 421/421/421 422/422/422 423/423/423
f 421/421/421 423/423/423 424/424/424
f 425/425/425 426/426/426 427/427/427
f 425/425/425 427/427/427 428/428/428
f 429/429/429 430/430/430 431/431/431
f 429/429/429 431/431/431 432/432/432
f 433/433/433 434/434/434 435/435/435
f 433/433/433 435/435/435 436/436/436
f 437/437/437 438/438/438 439/439/439
f 437/437/437 439/439/439 440/440/440
f 441/441/441 442/442/442 443/443/443
f 441/441/441 443/443/443 444/444/444
f 445/445/445 446/446/446 447/447/447
f 445/445/445 447/447/447 448/448/448
f 449/449/449 450/450/450 451/451/451
f 449/449/449 451/451/451 452/452/452
f 453/453/453 454/454/454 455/455/455
f 453/453/453 455/455/455 456/456/456
f 457/457/457 458/458/458 459/459/459
f 457/457/457 459/459/459 460/460/460
f 461/461/461 462/462/462 463/463/463
f 461/461/461 463/463/463 464/464/464
f 465/465/465 466/466/466 467/467/467
f 465/465/465 467/467/467 468/468/468
f 469/469/469 470/470/470 471/471/471
f 469/469/469 471/471/471 472/472/472
f 473/473/473 474/474/474 475/475/475
f 474/474/474 476/476/476 475/475/475
f 477/477/477 478/478/478 479/479/479
f 477/477/477 479/479/479 480/480/480
f 481/481/481 482/482/482 483/483/483
f 481/481/481 483/483/483 484/484/484
f 485/485/485 486/486/486 487/487/487
f 485/485/485 487/487/487 488/488/488
f 489/489/489 490/490/490 491/491/491
f 489/489/489 491/491/491 492/492/492
f 493/493/493 494/494/494 495/495/495
f 494/494/494 496/496/496 495/495/495
f 497/497/497 498/498/498 499/499/499
f 497/497/497 499/499/499 500/500/500
f 501/501/501 502/502/502 503/503/503
f 501/501/501 503/503/503 504/504/504
f 505/505/505 506/506/506 507/507/507
f 505/505/505 507/507/507 508/508/508
f 509/509/509 510/510/510 511/511/511
f 509/509/509 511/511/511 512/512/512
f 513/513/513 514/514/514 515/515/515
f 513/513/513 515/515/515 516/516/516
f 517/517/517 518/518/518 519/519/519
f 517/517/517 519/519/519 520/520/520
f 521/521/521 522/522/522 523/523/523
f 521/521/521 523/523/523 524/524/524
f 525/525/525 526/526/526 527/527/527
f 526/526/526 528/528/528 527/527/527
f 529/529/529 530/530/530 531/531/531
f 529/529/529 531/531/531 532/532/532
f 533/533/533 534/534/534 535/535/535
f 533/533/533 535/535/535 536/536/536
f 537/537/537 538/538/538 539/539/539
f 537/537/537 539/539/539 540/540/540
f 541/541/541 542/542/542 543/543/543
f 541/541/541 543/543/543 544/544/544
f 545/545/545 546/546/546 547/547/547
f 545/545/545 547/547/547 548/548/548
f 549/549/549 550/550/550 551/551/551
f 549/549/549 551/551/551 552/552/552
f 553/553/553 554/554/554 555/555/555
f 553/553/553 555/555/555 556/556/556
f 557/557/557 558/558/558 559/559/559
f 557/557/557 559/559/559 560/560/560
f 561/561/561 562/562/562 563/563/563
f 561/561/561 563/563/563 564/564/564
f 565/565/565 566/566/566 567/567/567
f 565/565/565 567/567/567 568/568/568
f 569/569/569 570/570/570 571/571/571
f 569/569/569 571/571/571 572/572/572
f 573/573/573 574/574/574 575/575/575
f 573/573/573 575/575/575 576/576/576
f 577/577/577 578/578/578 579/579/579
f 577/577/577 579/579/579 580/580/580
f 581/581/581 582/582/582 583/583/583
f 581/581/581 583/583/583 584/584/584
f 585/585/585 586/586/586 587/587/587
f 586/586/586 588/588/588 587/587/587
f 589/589/589 590/590/590 591/591/591
f 589/589/589 591/591/591 592/592/592
f 593/593/593 594/594/594 595/595/595
f 594/594/594 596/596/596 595/595/595
f 597/597/597 598/598/598 599/599/599
f 597/597/597 599/599/599 600/600/600
f 601/601/601 602/602/602 603/603/603
f 601/601/601 603/603/603 604/604/604
f 605/605/605 606/606/606 607/607/607
f 605/605/605 607/607/607 608/608/608
f 609/609/609 610/610/610 611/611/611
f 609/609/609 611/611/611 612/612/612
f 613/613/613 614/614/614 615/615/615
f 613/613/613 615/615/615 616/616/616
f 617/617/617 618/618/618 619/619/619
f 617/617/617 619/619/619 620/620/620
f 621/621/621 622/622/622 623/623/623
f 621/621/621 623/623/623 624/624/624
f 625/625/625 626/626/626 627/627/627
f 625/625/625 627/627/627 628/628/628
f 629/629/629 630/630/630 631/631/631
f 629/629/629 631/631/631 632/632/632
f 633/633/633 634/634/634 635/635/635
f 633/633/633 635/635/635 636/636/636
f 637/637/637 638/638/638 639/639/639
f 637/637/637 639/639/639 640/640/640
f 641/641/641 642/642/642 643/643/643
f 641/641/641 643/643/643 644/644/644
f 645/645/645 646/646/646 647/647/647
f 645/645/645 647/647/647 648/648/648
f 649/649/649 650/650/650 651/651/651
f 649/649/649 651/651/651 652/652/652
f 653/653/653 654/654/654 655/655/655
f 653/653/653 655/655/655 656/656/656
f 657/657/657 658/658/658 659/659/659
f 657/657/657 659/659/659 660/660/660
f 661/661/661 662/662/662 663/663/663
f 661/661/661 663/663/663 664/664/664
f 665/665/665 666/666/666 667/667/667
f 665/665/665 667/667/667 668/668/668
f 669/669/669 670/670/670 671/671/671
f 669/669/669 671/671/671 672/672/672
f 673/673/673 674/674/674 675/675/675
f 673/673/673 675/675/675 676/676/676
f 677/677/677 678/678/678 679/679/679
f 677/677/677 679/679/679 680/680/680
f 681/681/681 682/682/682 683/683/683
f 681/681/681 683/683/683 684/684/684
f 685/685/685 686/686/686 687/687/687
f 685/685/685 687/687/687 688/688/688
f 689/689/689 690/690/690 691/691/691
f 689/689/689 691/691/691 692/692/692
f 693/693/693 694/694/694 695/695/695
f 693/693/693 695/695/695 696/696/696
f 697/697/697 698/698/698 699/699/699
f 697/697/697 699/699/699 700/700/700
f 701/701/701 702/702/702 703/703/703
f 701/701/701 703/703/703 704/704/704
f 705/705/705 706/706/706 707/707/707
f 705/705/705 707/707/707 708/708/708
f 709/709/709 710/710/710 711/711/711
f 709/709/709 711/711/711 712/712/712
f 713/713/713 714/714/714 715/715/715
f 713/713/713 715/715/715 716/716/716
f 717/717/717 718/718/718 719/719/719
f 717/717/717 719/719/719 720/720/720
f 721/721/721 722/722/722 723/723/723
f 721/721/721 723/723/723 724/724/724
f 725/725/725 726/726/726 727/727/727
f 725/725/725 727/727/727 728/728/728
f 729/729/729 730/730/730 731/731/731
f 729/729/729 731/731/731 732/732/732
f 733/733/733 734/734/734 735/735/735
f 733/733/733 735/735/735 736/736/736
f 737/737/737 738/738/738 739/739/739
f 737/737/737 739/739/739 740/740/740
f 741/741/741 742/742/742 743/743/743
f 741/741/741 743/743/743 744/744/744
f 745/745/745 746/746/746 747/747/747
f 745/745/745 747/747/747 748/748/748
f 749/749/749 750/750/750 751/751/751
f 749/749/749 751/751/751 752/752/752
f 753/753/753 754/754/754 755/755/755
f 753/753/753 755/755/755 756/756/756
f 757/757/757 758/758/758 759/759/759
f 757/757/757 759/759/759 760/760/760
f 761/761/761 762/762/762 763/763/763
f 761/761/761 763/763/763 764/764/764
f 765/765/765 766/766/766 767/767/767
f 765/765/765 767/767/767 768/768/768
f 769/769/769 770/770/770 771/771/771
f 769/769/769 771/771/771 772/772/772
f 773/773/773 774/774/774 775/775/775
f 773/773/773 775/775/775 776/776/776
f 777/777/777 778/778/778 779/779/779
f 777/777/777 779/779/779 780/780/780
f 781/781/781 782/782/782 783/783/783
f 781/781/781 783/783/783 784/784/784
f 785/785/785 786/786/786 787/787/787
f 785/785/785 787/787/787 788/788/788
f 789/789/789 790/790/790 791/791/791
f 789/789/789 791/791/791 792/792/792
f 793/793/793 794/794/794 795/795/795
f 793/793/793 795/795/795 796/796/796
f 797/797/797 798/798/798 799/799/799
f 797/797/797 799/799/799 800/800/800
f 801/801/801 802/802/802 803/803/803
f 802/802/802 804/804/804 803/803/803
f 805/805/805 806/806/806 807/807/807
f 805/805/805 807/807/807 808/808/808
f 809/809/809 810/810/810 811/811/811
f 809/809/809 811/811/811 812/812/812
f 813/813/813 814/814/814 815/815/815
f 813/813/813 815/815/815 816/816/816
f 817/817/817 818/818/818 819/819/819
f 817/817/817 819/819/819 820/820/820
f 821/821/821 822/822/822 823/823/823
f 821/821/821 823/823/823 824/824/824
f 825/825/825 826/826/826 827/827/827
f 825/825/825 827/827/827 828/828/828
f 829/829/829 830/830/830 831/831/831
f 829/829/829 831/831/831 832/832/832
f 833/833/833 834/834/834 835/835/835
f 833/833/833 835/835/835 836/836/836
f 837/837/837 838/838/838 839/839/839
f 837/837/837 839/839/839 840/840/840
f 841/841/841 842/842/842 843/843/843
f 841/841/841 843/843/843 844/844/844
f 845/845/845 846/846/846 847/847/847
f 845/845/845 847/847/847 848/848/848
f 849/849/849 850/850/850 851/851/851
f 849/849/849 851/851/851 852/852/852
f 853/853/853 854/854/854 855/855/855
f 853/853/853 855/855/855 856/856/856
f 857/857/857 858/858/858 859/859/859
f 857/857/857 859/859/859 860/860/860
f 861/861/861 862/862/862 863/863/863
f 861/861/861 863/863/863 864/864/864
f 865/865/865 866/866/866 867/867/867
f 865/865/865 867/867/867 868/868/868
f 869/869/869 870/870/870 871/871/871
f 870/870/870 872/872/872 871/871/871
f 873/873/873 874/874/874 875/875/875
f 873/873/873 875/875/875 876/876/876
f 877/877/877 878/878/878 879/879/879
f 877/877/877 879/879/879 880/880/880
f 881/881/881 882/882/882 883/883/883
f 881/881/881 883/883/883 884/884/884
f 885/885/885 886/886/886 887/887/887
f 885/885/885 887/887/887 888/888/888
f 889/889/889 890/890/890 891/891/891
f 889/889/889 891/891/891 892/892/892
f 893/893/893 894/894/894 895/895/895
f 893/893/893 895/895/895 896/896/896
f 897/897/897 898/898/898 899/899/899
f 897/897/897 899/899/899 900/900/900
f 901/901/901 902/902/902 903/903/903
f 901/901/901 903/903/903 904/904/904
f 905/905/905 906/906/906 907/907/907
f 905/905/905 907/907/907 908/908/908
f 909/909/909 910/910/910 911/911/911
f 909/909/909 911/911/911 912/912/912
f 913/913/913 914/914/914 915/915/915
f 913/913/913 915/915/915 916/916/916
f 917/917/917 918/918/918 919/919/919
f 917/917/917 919/919/919 920/920/920
f 921/921/921 922/922/922 923/923/923
f 921/921/921 923/923/923 924/924/924
f 925/925/925 926/926/926 927/927/927
f 925/925/925 927/927/927 928/928/928
f 929/929/929 930/930/930 931/931/931
f 929/929/929 931/931/931 932/932/932
f 933/933/933 934/934/934 935/935/935
f 934/934/934 936/936/936 935/935/935
f 937/937/937 938/938/938 939/939/939
f 937/937/937 939/939/939 940/940/940
f 941/941/941 942/942/942 943/943/943
f 941/941/941 943/943/943 944/944/944
f 945/945/945 946/946/946 947/947/947
f 945/945/945 947/947/947 948/948/948
f 949/949/949 950/950/950 951/951/951
f 949/949/949 951/951/951 952/952/952
f 953/953/953 954/954/954 955/955/955
f 953/953/953 955/955/955 956/956/956
f 957/957/957 958/958/958 959/959/959
f 957/957/957 959/959/959 960/960/960
f 961/961/961 962/962/962 963/963/963
f 961/961/961 963/963/963 964/964/964
f 965/965/965 966/966/966 967/967/967
f 966/966/966 968/968/968 967/967/967
f 969/969/969 970/970/970 971/971/971
f 969/969/969 971/971/971 972/972/972
f 973/973/973 974/974/974 975/975/975
f 973/973/973 975/975/975 976/976/976
f 977/977/977 978/978/978 979/979/979
f 977/977/977 979/979/979 980/980/980
f 981/981/981 982/982/982 983/983/983
f 982/982/982 984/984/984 983/983/983
f 985/985/985 986/986/986 987/987/987
f 985/985/985 987/987/987 988/988/988
f 989/989/989 990/990/990 991/991/991
f 989/989/989 991/991/991 992/992/992
f 993/993/993 994/994/994 995/995/995
f 993/993/993 995/995/995 996/996/996
f 997/997/997 998/998/998 999/999/999
f 997/997/997 999/999/999 1000/1000/1000
f 1001/1001/1001 1002/1002/1002 1003/1003/1003
f 1001/1001/1001 1003/1003/1003 1004/1004/1004
f 1005/1005/1005 1006/1006/1006 1007/1007/1007
f 1005/1005/1005 1007/1007/1007 1008/1008/1008
f 1009/1009/1009 1010/1010/1010 1011/1011/1011
f 1009/1009/1009 1011/1011/1011 1012/1012/1012
f 1013/1013/1013 1014/1014/1014 1015/1015/1015
f 1013/1013/1013 1015/1015/1015 1016/1016/1016
f 1017/1017/1017 1018/1018/1018 1019/1019/1019
f 1017/1017/1017 1019/1019/1019 1020/1020/1020
f 1021/1021/1021 1022/1022/1022 1023/1023/1023
f 1021/1021/1021 1023/1023/1023 1024/1024/1024
f 1018/1018/1018 1021/1021/1021 1024/1024/1024
f 1018/1018/1018 1024/1024/1024 1019/1019/1019
f 259/259/259 256/256/256 1021/1021/1021
f 259/259/259 1021/1021/1021 1018/1018/1018
f 256/256/256 255/255/255 1022/1022/1022
f 256/256/256 1022/1022/1022 1021/1021/1021
f 290/290/290 1017/1017/1017 1020/1020/1020
f 290/290/290 1020/1020/1020 291/291/291
f 251/251/251 260/260/260 1017/1017/1017
f 251/251/251 1017/1017/1017 290/290/290
f 260/260/260 259/259/259 1018/1018/1018
f 260/260/260 1018/1018/1018 1017/1017/1017
f 246/246/246 1013/1013/1013 1016/1016/1016
f 246/246/246 1016/1016/1016 247/247/247
f 291/291/291 1020/1020/1020 1013/1013/1013
f 291/291/291 1013/1013/1013 246/246/246
f 1020/1020/1020 1019/1019/1019 1014/1014/1014
f 1020/1020/1020 1014/1014/1014 1013/1013/1013
f 1006/1006/1006 1009/1009/1009 1012/1012/1012
f 1006/1006/1006 1012/1012/1012 1007/1007/1007
f 295/295/295 244/244/244 1009/1009/1009
f 295/295/295 1009/1009/1009 1006/1006/1006
f 244/244/244 243/243/243 1010/1010/1010
f 244/244/244 1010/1010/1010 1009/1009/1009
f 326/326/326 1005/1005/1005 1008/1008/1008
f 326/326/326 1008/1008/1008 327/327/327
f 239/239/239 296/296/296 1005/1005/1005
f 239/239/239 1005/1005/1005 326/326/326
f 296/296/296 295/295/295 1006/1006/1006
f 296/296/296 1006/1006/1006 1005/1005/1005
f 234/234/234 1001/1001/1001 1004/1004/1004
f 234/234/234 1004/1004/1004 235/235/235
f 327/327/327 1008/1008/1008 1001/1001/1001
f 327/327/327 1001/1001/1001 234/234/234
f 1008/1008/1008 1007/1007/1007 1002/1002/1002
f 1008/1008/1008 1002/1002/1002 1001/1001/1001
f 994/994/994 997/997/997 1000/1000/1000
f 994/994/994 1000/1000/1000 995/995/995
f 331/331/331 232/232/232 997/997/997
f 331/331/331 997/997/997 994/994/994
f 232/232/232 231/231/231 998/998/998
f 232/232/232 998/998/998 997/997/997
f 362/362/362 993/993/993 996/996/996
f 362/362/362 996/996/996 363/363/363
f 227/227/227 332/332/332 993/993/993
f 227/227/227 993/993/993 362/362/362
f 332/332/332 331/331/331 994/994/994
f 332/332/332 994/994/994 993/993/993
f 222/222/222 989/989/989 992/992/992
f 222/222/222 992/992/992 223/223/223
f 363/363/363 996/996/996 989/989/989
f 363/363/363 989/989/989 222/222/222
f 996/996/996 995/995/995 990/990/990
f 996/996/996 990/990/990 989/989/989
f 982/982/982 985/985/985 988/988/988
f 982/982/982 988/988/988 984/984/984
f 367/367/367 220/220/220 985/985/985
f 367/367/367 985/985/985 982/982/982
f 220/220/220 219/219/219 986/986/986
f 220/220/220 986/986/986 985/985/985
f 398/398/398 981/981/981 983/983/983
f 398/398/398 983/983/983 399/399/399
f 215/215/215 368/368/368 981/981/981
f 215/215/215 981/981/981 398/398/398
f 368/368/368 367/367/367 982/982/982
f 368/368/368 982/982/982 981/981/981
f 210/210/210 977/977/977 980/980/980
f 210/210/210 980/980/980 211/211/211
f 399/399/399 983/983/983 977/977/977
f 399/399/399 977/977/977 210/210/210
f 983/983/983 984/984/984 978/978/978
f 983/983/983 978/978/978 977/977/977
f 970/970/970 973/973/973 976/976/976
f 970/970/970 976/976/976 971/971/971
f 403/403/403 208/208/208 973/973/973
f 403/403/403 973/973/973 970/970/970
f 208/208/208 207/207/207 974/974/974
f 208/208/208 974/974/974 973/973/973
f 434/434/434 969/969/969 972/972/972
f 434/434/434 972/972/972 435/435/435
f 203/203/203 404/404/404 969/969/969
f 203/203/203 969/969/969 434/434/434
f 404/404/404 403/403/403 970/970/970
f 404/404/404 970/970/970 969/969/969
f 198/198/198 965/965/965 967/967/967
f 198/198/198 967/967/967 199/199/199
f 435/435/435 972/972/972 198/198/198
f 972/972/972 965/965/965 198/198/198
f 972/972/972 971/971/971 966/966/966
f 972/972/972 966/966/966 965/965/965
f 958/958/958 961/961/961 964/964/964
f 958/958/958 964/964/964 959/959/959
f 439/439/439 196/196/196 961/961/961
f 439/439/439 961/961/961 958/958/958
f 196/196/196 195/195/195 962/962/962
f 196/196/196 962/962/962 961/961/961
f 470/470/470 957/957/957 960/960/960
f 470/470/470 960/960/960 471/471/471
f 191/191/191 440/440/440 957/957/957
f 191/191/191 957/957/957 470/470/470
f 440/440/440 439/439/439 958/958/958
f 440/440/440 958/958/958 957/957/957
f 186/186/186 953/953/953 956/956/956
f 186/186/186 956/956/956 187/187/187
f 471/471/471 960/960/960 953/953/953
f 471/471/471 953/953/953 186/186/186
f 960/960/960 959/959/959 954/954/954
f 960/960/960 954/954/954 953/953/953
f 946/946/946 949/949/949 952/952/952
f 946/946/946 952/952/952 947/947/947
f 476/476/476 184/184/184 946/946/946
f 184/184/184 949/949/949 946/946/946
f 184/184/184 183/183/183 950/950/950
f 184/184/184 950/950/950 949/949/949
f 506/506/506 945/945/945 948/948/948
f 506/506/506 948/948/948 507/507/507
f 179/179/179 475/475/475 945/945/945
f 179/179/179 945/945/945 506/506/506
f 475/475/475 476/476/476 946/946/946
f 475/475/475 946/946/946 945/945/945
f 174/174/174 941/941/941 944/944/944
f 174/174/174 944/944/944 175/175/175
f 507/507/507 948/948/948 941/941/941
f 507/507/507 941/941/941 174/174/174
f 948/948/948 947/947/947 942/942/942
f 948/948/948 942/942/942 941/941/941
f 934/934/934 937/937/937 940/940/940
f 934/934/934 940/940/940 936/936/936
f 511/511/511 172/172/172 937/937/937
f 511/511/511 937/937/937 934/934/934
f 172/172/172 171/171/171 938/938/938
f 172/172/172 938/938/938 937/937/937
f 542/542/542 933/933/933 935/935/935
f 542/542/542 935/935/935 543/543/543
f 168/168/168 512/512/512 542/542/542
f 512/512/512 933/933/933 542/542/542
f 512/512/512 511/511/511 934/934/934
f 512/512/512 934/934/934 933/933/933
f 162/162/162 929/929/929 932/932/932
f 162/162/162 932/932/932 163/163/163
f 543/543/543 935/935/935 929/929/929
f 543/543/543 929/929/929 162/162/162
f 935/935/935 936/936/936 930/930/930
f 935/935/935 930/930/930 929/929/929
f 922/922/922 925/925/925 928/928/928
f 922/922/922 928/928/928 923/923/923
f 547/547/547 160/160/160 925/925/925
f 547/547/547 925/925/925 922/922/922
f 160/160/160 159/159/159 926/926/926
f 160/160/160 926/926/926 925/925/925
f 578/578/578 921/921/921 924/924/924
f 578/578/578 924/924/924 579/579/579
f 155/155/155 548/548/548 921/921/921
f 155/155/155 921/921/921 578/578/578
f 548/548/548 547/547/547 922/922/922
f 548/548/548 922/922/922 921/921/921
f 150/150/150 917/917/917 920/920/920
f 150/150/150 920/920/920 151/151/151
f 579/579/579 924/924/924 917/917/917
f 579/579/579 917/917/917 150/150/150
f 924/924/924 923/923/923 918/918/918
f 924/924/924 918/918/918 917/917/917
f 910/910/910 913/913/913 916/916/916
f 910/910/910 916/916/916 911/911/911
f 583/583/583 148/148/148 913/913/913
f 583/583/583 913/913/913 910/910/910
f 148/148/148 147/147/147 914/914/914
f 148/148/148 914/914/914 913/913/913
f 614/614/614 909/909/909 912/912/912
f 614/614/614 912/912/912 615/615/615
f 143/143/143 584/584/584 909/909/909
f 143/143/143 909/909/909 614/614/614
f 584/584/584 583/583/583 910/910/910
f 584/584/584 910/910/910 909/909/909
f 138/138/138 905/905/905 908/908/908
f 138/138/138 908/908/908 139/139/139
f 615/615/615 912/912/912 905/905/905
f 615/615/615 905/905/905 138/138/138
f 912/912/912 911/911/911 906/906/906
f 912/912/912 906/906/906 905/905/905
f 898/898/898 901/901/901 904/904/904
f 898/898/898 904/904/904 899/899/899
f 619/619/619 136/136/136 901/901/901
f 619/619/619 901/901/901 898/898/898
f 136/136/136 135/135/135 902/902/902
f 136/136/136 902/902/902 901/901/901
f 650/650/650 897/897/897 900/900/900
f 650/650/650 900/900/900 651/651/651
f 131/131/131 620/620/620 897/897/897
f 131/131/131 897/897/897 650/650/650
f 620/620/620 619/619/619 898/898/898
f 620/620/620 898/898/898 897/897/897
f 126/126/126 893/893/893 896/896/896
f 126/126/126 896/896/896 127/127/127
f 651/651/651 900/900/900 893/893/893
f 651/651/651 893/893/893 126/126/126
f 900/900/900 899/899/899 894/894/894
f 900/900/900 894/894/894 893/893/893
f 886/886/886 889/889/889 887/887/887
f 889/889/889 892/892/892 887/887/887
f 655/655/655 124/124/124 889/889/889
f 655/655/655 889/889/889 886/886/886
f 124/124/124 123/123/123 890/890/890
f 124/124/124 890/890/890 889/889/889
f 686/686/686 885/885/885 888/888/888
f 686/686/686 888/888/888 687/687/687
f 120/120/120 656/656/656 686/686/686
f 656/656/656 885/885/885 686/686/686
f 656/656/656 655/655/655 886/886/886
f 656/656/656 886/886/886 885/885/885
f 114/114/114 881/881/881 884/884/884
f 114/114/114 884/884/884 115/115/115
f 687/687/687 888/888/888 881/881/881
f 687/687/687 881/881/881 114/114/114
f 888/888/888 887/887/887 881/881/881
f 887/887/887 882/882/882 881/881/881
f 874/874/874 877/877/877 880/880/880
f 874/874/874 880/880/880 875/875/875
f 691/691/691 112/112/112 877/877/877
f 691/691/691 877/877/877 874/874/874
f 112/112/112 111/111/111 878/878/878
f 112/112/112 878/878/878 877/877/877
f 722/722/722 873/873/873 876/876/876
f 722/722/722 876/876/876 723/723/723
f 107/107/107 692/692/692 873/873/873
f 107/107/107 873/873/873 722/722/722
f 692/692/692 691/691/691 874/874/874
f 692/692/692 874/874/874 873/873/873
f 102/102/102 869/869/869 871/871/871
f 102/102/102 871/871/871 103/103/103
f 723/723/723 876/876/876 869/869/869
f 723/723/723 869/869/869 102/102/102
f 876/876/876 875/875/875 870/870/870
f 876/876/876 870/870/870 869/869/869
f 862/862/862 865/865/865 868/868/868
f 862/862/862 868/868/868 863/863/863
f 727/727/727 100/100/100 865/865/865
f 727/727/727 865/865/865 862/862/862
f 100/100/100 99/99/99 866/866/866
f 100/100/100 866/866/866 865/865/865
f 758/758/758 861/861/861 864/864/864
f 758/758/758 864/864/864 759/759/759
f 95/95/95 728/728/728 861/861/861
f 95/95/95 861/861/861 758/758/758
f 728/728/728 727/727/727 862/862/862
f 728/728/728 862/862/862 861/861/861
f 90/90/90 857/857/857 860/860/860
f 90/90/90 860/860/860 91/91/91
f 759/759/759 864/864/864 857/857/857
f 759/759/759 857/857/857 90/90/90
f 864/864/864 863/863/863 858/858/858
f 864/864/864 858/858/858 857/857/857
f 850/850/850 853/853/853 856/856/856
f 850/850/850 856/856/856 851/851/851
f 763/763/763 88/88/88 853/853/853
f 763/763/763 853/853/853 850/850/850
f 88/88/88 87/87/87 854/854/854
f 88/88/88 854/854/854 853/853/853
f 794/794/794 849/849/849 852/852/852
f 794/794/794 852/852/852 795/795/795
f 83/83/83 764/764/764 849/849/849
f 83/83/83 849/849/849 794/794/794
f 764/764/764 763/763/763 850/850/850
f 764/764/764 850/850/850 849/849/849
f 78/78/78 845/845/845 848/848/848
f 78/78/78 848/848/848 79/79/79
f 795/795/795 852/852/852 845/845/845
f 795/795/795 845/845/845 78/78/78
f 852/852/852 851/851/851 846/846/846
f 852/852/852 846/846/846 845/845/845
f 838/838/838 841/841/841 844/844/844
f 838/838/838 844/844/844 839/839/839
f 799/799/799 76/76/76 841/841/841
f 799/799/799 841/841/841 838/838/838
f 76/76/76 75/75/75 842/842/842
f 76/76/76 842/842/842 841/841/841
f 830/830/830 837/837/837 840/840/840
f 830/830/830 840/840/840 831/831/831
f 71/71/71 800/800/800 837/837/837
f 71/71/71 837/837/837 830/830/830
f 800/800/800 799/799/799 838/838/838
f 800/800/800 838/838/838 837/837/837
f 66/66/66 833/833/833 836/836/836
f 66/66/66 836/836/836 67/67/67
f 831/831/831 840/840/840 833/833/833
f 831/831/831 833/833/833 66/66/66
f 840/840/840 839/839/839 834/834/834
f 840/840/840 834/834/834 833/833/833
f 826/826/826 829/829/829 832/832/832
f 826/826/826 832/832/832 827/827/827
f 811/811/811 72/72/72 829/829/829
f 811/811/811 829/829/829 826/826/826
f 72/72/72 71/71/71 830/830/830
f 72/72/72 830/830/830 829/829/829
f 854/854/854 825/825/825 828/828/828
f 854/854/854 828/828/828 855/855/855
f 87/87/87 812/812/812 825/825/825
f 87/87/87 825/825/825 854/854/854
f 812/812/812 811/811/811 826/826/826
f 812/812/812 826/826/826 825/825/825
f 58/58/58 821/821/821 824/824/824
f 58/58/58 824/824/824 59/59/59
f 855/855/855 828/828/828 821/821/821
f 855/855/855 821/821/821 58/58/58
f 828/828/828 827/827/827 822/822/822
f 828/828/828 822/822/822 821/821/821
f 814/814/814 817/817/817 815/815/815
f 817/817/817 820/820/820 815/815/815
f 391/391/391 212/212/212 817/817/817
f 391/391/391 817/817/817 814/814/814
f 212/212/212 211/211/211 818/818/818
f 212/212/212 818/818/818 817/817/817
f 770/770/770 813/813/813 816/816/816
f 770/770/770 816/816/816 771/771/771
f 19/19/19 392/392/392 813/813/813
f 19/19/19 813/813/813 770/770/770
f 392/392/392 391/391/391 814/814/814
f 392/392/392 814/814/814 813/813/813
f 86/86/86 809/809/809 812/812/812
f 86/86/86 812/812/812 87/87/87
f 771/771/771 816/816/816 809/809/809
f 771/771/771 809/809/809 86/86/86
f 816/816/816 815/815/815 810/810/810
f 816/816/816 810/810/810 809/809/809
f 802/802/802 805/805/805 808/808/808
f 802/802/802 808/808/808 804/804/804
f 979/979/979 15/15/15 805/805/805
f 979/979/979 805/805/805 802/802/802
f 15/15/15 16/16/16 806/806/806
f 15/15/15 806/806/806 805/805/805
f 818/818/818 801/801/801 803/803/803
f 818/818/818 803/803/803 819/819/819
f 211/211/211 980/980/980 818/818/818
f 980/980/980 801/801/801 818/818/818
f 980/980/980 979/979/979 802/802/802
f 980/980/980 802/802/802 801/801/801
f 70/70/70 797/797/797 800/800/800
f 70/70/70 800/800/800 71/71/71
f 819/819/819 803/803/803 797/797/797
f 819/819/819 797/797/797 70/70/70
f 803/803/803 804/804/804 798/798/798
f 803/803/803 798/798/798 797/797/797
f 790/790/790 793/793/793 796/796/796
f 790/790/790 796/796/796 791/791/791
f 775/775/775 84/84/84 793/793/793
f 775/775/775 793/793/793 790/790/790
f 84/84/84 83/83/83 794/794/794
f 84/84/84 794/794/794 793/793/793
f 878/878/878 789/789/789 792/792/792
f 878/878/878 792/792/792 879/879/879
f 111/111/111 776/776/776 789/789/789
f 111/111/111 789/789/789 878/878/878
f 776/776/776 775/775/775 790/790/790
f 776/776/776 790/790/790 789/789/789
f 50/50/50 785/785/785 788/788/788
f 50/50/50 788/788/788 51/51/51
f 879/879/879 792/792/792 785/785/785
f 879/879/879 785/785/785 50/50/50
f 792/792/792 791/791/791 786/786/786
f 792/792/792 786/786/786 785/785/785
f 778/778/778 781/781/781 784/784/784
f 778/778/778 784/784/784 779/779/779
f 427/427/427 200/200/200 781/781/781
f 427/427/427 781/781/781 778/778/778
f 200/200/200 199/199/199 782/782/782
f 200/200/200 782/782/782 781/781/781
f 698/698/698 777/777/777 780/780/780
f 698/698/698 780/780/780 699/699/699
f 11/11/11 428/428/428 777/777/777
f 11/11/11 777/777/777 698/698/698
f 428/428/428 427/427/427 778/778/778
f 428/428/428 778/778/778 777/777/777
f 110/110/110 773/773/773 776/776/776
f 110/110/110 776/776/776 111/111/111
f 699/699/699 780/780/780 773/773/773
f 699/699/699 773/773/773 110/110/110
f 780/780/780 779/779/779 774/774/774
f 780/780/780 774/774/774 773/773/773
f 766/766/766 769/769/769 772/772/772
f 766/766/766 772/772/772 767/767/767
f 968/968/968 20/20/20 769/769/769
f 968/968/968 769/769/769 766/766/766
f 20/20/20 19/19/19 770/770/770
f 20/20/20 770/770/770 769/769/769
f 782/782/782 765/765/765 768/768/768
f 782/782/782 768/768/768 783/783/783
f 199/199/199 967/967/967 765/765/765
f 199/199/199 765/765/765 782/782/782
f 967/967/967 968/968/968 766/766/766
f 967/967/967 766/766/766 765/765/765
f 82/82/82 761/761/761 764/764/764
f 82/82/82 764/764/764 83/83/83
f 783/783/783 768/768/768 761/761/761
f 783/783/783 761/761/761 82/82/82
f 768/768/768 767/767/767 762/762/762
f 768/768/768 762/762/762 761/761/761
f 754/754/754 757/757/757 760/760/760
f 754/754/754 760/760/760 755/755/755
f 739/739/739 96/96/96 757/757/757
f 739/739/739 757/757/757 754/754/754
f 96/96/96 95/95/95 758/758/758
f 96/96/96 758/758/758 757/757/757
f 1010/1010/1010 753/753/753 756/756/756
f 1010/1010/1010 756/756/756 1011/1011/1011
f 243/243/243 740/740/740 753/753/753
f 243/243/243 753/753/753 1010/1010/1010
f 740/740/740 739/739/739 754/754/754
f 740/740/740 754/754/754 753/753/753
f 6/6/6 749/749/749 752/752/752
f 6/6/6 752/752/752 7/7/7
f 1011/1011/1011 756/756/756 749/749/749
f 1011/1011/1011 749/749/749 6/6/6
f 756/756/756 755/755/755 750/750/750
f 756/756/756 750/750/750 749/749/749
f 742/742/742 745/745/745 748/748/748
f 742/742/742 748/748/748 743/743/743
f 787/787/787 80/80/80 745/745/745
f 787/787/787 745/745/745 742/742/742
f 80/80/80 79/79/79 746/746/746
f 80/80/80 746/746/746 745/745/745
f 302/302/302 741/741/741 744/744/744
f 302/302/302 744/744/744 303/303/303
f 51/51/51 788/788/788 741/741/741
f 51/51/51 741/741/741 302/302/302
f 788/788/788 787/787/787 742/742/742
f 788/788/788 742/742/742 741/741/741
f 242/242/242 737/737/737 740/740/740
f 242/242/242 740/740/740 243/243/243
f 303/303/303 744/744/744 737/737/737
f 303/303/303 737/737/737 242/242/242
f 744/744/744 743/743/743 738/738/738
f 744/744/744 738/738/738 737/737/737
f 730/730/730 733/733/733 736/736/736
f 730/730/730 736/736/736 731/731/731
f 847/847/847 60/60/60 733/733/733
f 847/847/847 733/733/733 730/730/730
f 60/60/60 59/59/59 734/734/734
f 60/60/60 734/734/734 733/733/733
f 746/746/746 729/729/729 732/732/732
f 746/746/746 732/732/732 747/747/747
f 79/79/79 848/848/848 729/729/729
f 79/79/79 729/729/729 746/746/746
f 848/848/848 847/847/847 730/730/730
f 848/848/848 730/730/730 729/729/729
f 94/94/94 725/725/725 728/728/728
f 94/94/94 728/728/728 95/95/95
f 747/747/747 732/732/732 725/725/725
f 747/747/747 725/725/725 94/94/94
f 732/732/732 731/731/731 726/726/726
f 732/732/732 726/726/726 725/725/725
f 718/718/718 721/721/721 724/724/724
f 718/718/718 724/724/724 719/719/719
f 703/703/703 108/108/108 721/721/721
f 703/703/703 721/721/721 718/718/718
f 108/108/108 107/107/107 722/722/722
f 108/108/108 722/722/722 721/721/721
f 890/890/890 717/717/717 720/720/720
f 890/890/890 720/720/720 891/891/891
f 123/123/123 704/704/704 717/717/717
f 123/123/123 717/717/717 890/890/890
f 704/704/704 703/703/703 718/718/718
f 704/704/704 718/718/718 717/717/717
f 46/46/46 713/713/713 716/716/716
f 46/46/46 716/716/716 47/47/47
f 891/891/891 720/720/720 713/713/713
f 891/891/891 713/713/713 46/46/46
f 720/720/720 719/719/719 714/714/714
f 720/720/720 714/714/714 713/713/713
f 706/706/706 709/709/709 712/712/712
f 706/706/706 712/712/712 707/707/707
f 355/355/355 224/224/224 709/709/709
f 355/355/355 709/709/709 706/706/706
f 224/224/224 223/223/223 710/710/710
f 224/224/224 710/710/710 709/709/709
f 662/662/662 705/705/705 708/708/708
f 662/662/662 708/708/708 663/663/663
f 31/31/31 356/356/356 705/705/705
f 31/31/31 705/705/705 662/662/662
f 356/356/356 355/355/355 706/706/706
f 356/356/356 706/706/706 705/705/705
f 122/122/122 701/701/701 704/704/704
f 122/122/122 704/704/704 123/123/123
f 663/663/663 708/708/708 701/701/701
f 663/663/663 701/701/701 122/122/122
f 708/708/708 707/707/707 702/702/702
f 708/708/708 702/702/702 701/701/701
f 694/694/694 697/697/697 700/700/700
f 694/694/694 700/700/700 695/695/695
f 991/991/991 12/12/12 697/697/697
f 991/991/991 697/697/697 694/694/694
f 12/12/12 11/11/11 698/698/698
f 12/12/12 698/698/698 697/697/697
f 710/710/710 693/693/693 696/696/696
f 710/710/710 696/696/696 711/711/711
f 223/223/223 992/992/992 693/693/693
f 223/223/223 693/693/693 710/710/710
f 992/992/992 991/991/991 694/694/694
f 992/992/992 694/694/694 693/693/693
f 106/106/106 689/689/689 692/692/692
f 106/106/106 692/692/692 107/107/107
f 711/711/711 696/696/696 689/689/689
f 711/711/711 689/689/689 106/106/106
f 696/696/696 695/695/695 690/690/690
f 696/696/696 690/690/690 689/689/689
f 682/682/682 685/685/685 688/688/688
f 682/682/682 688/688/688 683/683/683
f 667/667/667 119/119/119 685/685/685
f 667/667/667 685/685/685 682/682/682
f 119/119/119 120/120/120 686/686/686
f 119/119/119 686/686/686 685/685/685
f 1025/1025/1025 681/681/681 684/684/684
f 1025/1025/1025 684/684/684 1026/1026/1026
f 1027/1027/1027 668/668/668 681/681/681
f 1027/1027/1027 681/681/681 1025/1025/1025
f 668/668/668 667/667/667 682/682/682
f 668/668/668 682/682/682 681/681/681
f 1028/1028/1028 677/677/677 680/680/680
f 1028/1028/1028 680/680/680 1029/1029/1029
f 1026/1026/1026 684/684/684 677/677/677
f 1026/1026/1026 677/677/677 1028/1028/1028
f 684/684/684 683/683/683 678/678/678
f 684/684/684 678/678/678 677/677/677
f 670/670/670 673/673/673 676/676/676
f 670/670/670 676/676/676 671/671/671
f 535/535/535 164/164/164 673/673/673
f 535/535/535 673/673/673 670/670/670
f 164/164/164 163/163/163 674/674/674
f 164/164/164 674/674/674 673/673/673
f 1030/1030/1030 669/669/669 1031/1031/1031
f 669/669/669 672/672/672 1031/1031/1031
f 1032/1032/1032 536/536/536 669/669/669
f 1032/1032/1032 669/669/669 1030/1030/1030
f 536/536/536 535/535/535 670/670/670
f 536/536/536 670/670/670 669/669/669
f 1033/1033/1033 665/665/665 668/668/668
f 1033/1033/1033 668/668/668 1027/1027/1027
f 1031/1031/1031 672/672/672 665/665/665
f 1031/1031/1031 665/665/665 1033/1033/1033
f 672/672/672 671/671/671 666/666/666
f 672/672/672 666/666/666 665/665/665
f 658/658/658 661/661/661 664/664/664
f 658/658/658 664/664/664 659/659/659
f 931/931/931 32/32/32 661/661/661
f 931/931/931 661/661/661 658/658/658
f 32/32/32 31/31/31 662/662/662
f 32/32/32 662/662/662 661/661/661
f 674/674/674 657/657/657 660/660/660
f 674/674/674 660/660/660 675/675/675
f 163/163/163 932/932/932 657/657/657
f 163/163/163 657/657/657 674/674/674
f 932/932/932 931/931/931 658/658/658
f 932/932/932 658/658/658 657/657/657
f 118/118/118 653/653/653 656/656/656
f 118/118/118 656/656/656 120/120/120
f 675/675/675 660/660/660 653/653/653
f 675/675/675 653/653/653 118/118/118
f 660/660/660 659/659/659 654/654/654
f 660/660/660 654/654/654 653/653/653
f 646/646/646 649/649/649 652/652/652
f 646/646/646 652/652/652 647/647/647
f 631/631/631 132/132/132 649/649/649
f 631/631/631 649/649/649 646/646/646
f 132/132/132 131/131/131 650/650/650
f 132/132/132 650/650/650 649/649/649
f 1034/1034/1034 645/645/645 648/648/648
f 1034/1034/1034 648/648/648 1035/1035/1035
f 1036/1036/1036 632/632/632 645/645/645
f 1036/1036/1036 645/645/645 1034/1034/1034
f 632/632/632 631/631/631 646/646/646
f 632/632/632 646/646/646 645/645/645
f 1037/1037/1037 641/641/641 644/644/644
f 1037/1037/1037 644/644/644 1038/1038/1038
f 1035/1035/1035 648/648/648 641/641/641
f 1035/1035/1035 641/641/641 1037/1037/1037
f 648/648/648 647/647/647 642/642/642
f 648/648/648 642/642/642 641/641/641
f 634/634/634 637/637/637 640/640/640
f 634/634/634 640/640/640 635/635/635
f 679/679/679 116/116/116 637/637/637
f 679/679/679 637/637/637 634/634/634
f 116/116/116 115/115/115 638/638/638
f 116/116/116 638/638/638 637/637/637
f 1039/1039/1039 633/633/633 636/636/636
f 1039/1039/1039 636/636/636 1040/1040/1040
f 1029/1029/1029 680/680/680 633/633/633
f 1029/1029/1029 633/633/633 1039/1039/1039
f 680/680/680 679/679/679 634/634/634
f 680/680/680 634/634/634 633/633/633
f 1041/1041/1041 629/629/629 632/632/632
f 1041/1041/1041 632/632/632 1036/1036/1036
f 1040/1040/1040 636/636/636 629/629/629
f 1040/1040/1040 629/629/629 1041/1041/1041
f 636/636/636 635/635/635 630/630/630
f 636/636/636 630/630/630 629/629/629
f 622/622/622 625/625/625 628/628/628
f 622/622/622 628/628/628 623/623/623
f 883/883/883 48/48/48 625/625/625
f 883/883/883 625/625/625 622/622/622
f 48/48/48 47/47/47 626/626/626
f 48/48/48 626/626/626 625/625/625
f 638/638/638 621/621/621 624/624/624
f 638/638/638 624/624/624 639/639/639
f 115/115/115 884/884/884 621/621/621
f 115/115/115 621/621/621 638/638/638
f 884/884/884 883/883/883 622/622/622
f 884/884/884 622/622/622 621/621/621
f 130/130/130 617/617/617 620/620/620
f 130/130/130 620/620/620 131/131/131
f 639/639/639 624/624/624 617/617/617
f 639/639/639 617/617/617 130/130/130
f 624/624/624 623/623/623 618/618/618
f 624/624/624 618/618/618 617/617/617
f 610/610/610 613/613/613 616/616/616
f 610/610/610 616/616/616 611/611/611
f 596/596/596 144/144/144 613/613/613
f 596/596/596 613/613/613 610/610/610
f 144/144/144 143/143/143 613/613/613
f 143/143/143 614/614/614 613/613/613
f 926/926/926 609/609/609 612/612/612
f 926/926/926 612/612/612 927/927/927
f 159/159/159 595/595/595 609/609/609
f 159/159/159 609/609/609 926/926/926
f 595/595/595 596/596/596 610/610/610
f 595/595/595 610/610/610 609/609/609
f 34/34/34 605/605/605 608/608/608
f 34/34/34 608/608/608 36/36/36
f 927/927/927 612/612/612 605/605/605
f 927/927/927 605/605/605 34/34/34
f 612/612/612 611/611/611 606/606/606
f 612/612/612 606/606/606 605/605/605
f 598/598/598 601/601/601 604/604/604
f 598/598/598 604/604/604 599/599/599
f 1042/1042/1042 1043/1043/1043 601/601/601
f 1042/1042/1042 601/601/601 598/598/598
f 1043/1043/1043 1044/1044/1044 602/602/602
f 1043/1043/1043 602/602/602 601/601/601
f 554/554/554 597/597/597 600/600/600
f 554/554/554 600/600/600 555/555/555
f 1045/1045/1045 1046/1046/1046 597/597/597
f 1045/1045/1045 597/597/597 554/554/554
f 1046/1046/1046 1042/1042/1042 598/598/598
f 1046/1046/1046 598/598/598 597/597/597
f 158/158/158 593/593/593 595/595/595
f 158/158/158 595/595/595 159/159/159
f 555/555/555 600/600/600 593/593/593
f 555/555/555 593/593/593 158/158/158
f 600/600/600 599/599/599 594/594/594
f 600/600/600 594/594/594 593/593/593
f 586/586/586 589/589/589 592/592/592
f 586/586/586 592/592/592 588/588/588
f 1047/1047/1047 1048/1048/1048 589/589/589
f 1047/1047/1047 589/589/589 586/586/586
f 1048/1048/1048 1049/1049/1049 590/590/590
f 1048/1048/1048 590/590/590 589/589/589
f 602/602/602 585/585/585 587/587/587
f 602/602/602 587/587/587 603/603/603
f 1044/1044/1044 1050/1050/1050 602/602/602
f 1050/1050/1050 585/585/585 602/602/602
f 1050/1050/1050 1047/1047/1047 586/586/586
f 1050/1050/1050 586/586/586 585/585/585
f 142/142/142 581/581/581 584/584/584
f 142/142/142 584/584/584 143/143/143
f 603/603/603 587/587/587 581/581/581
f 603/603/603 581/581/581 142/142/142
f 587/587/587 588/588/588 582/582/582
f 587/587/587 582/582/582 581/581/581
f 574/574/574 577/577/577 580/580/580
f 574/574/574 580/580/580 575/575/575
f 559/559/559 156/156/156 577/577/577
f 559/559/559 577/577/577 574/574/574
f 156/156/156 155/155/155 578/578/578
f 156/156/156 578/578/578 577/577/577
f 1051/1051/1051 573/573/573 576/576/576
f 1051/1051/1051 576/576/576 1052/1052/1052
f 1053/1053/1053 560/560/560 573/573/573
f 1053/1053/1053 573/573/573 1051/1051/1051
f 560/560/560 559/559/559 573/573/573
f 559/559/559 574/574/574 573/573/573
f 1054/1054/1054 569/569/569 572/572/572
f 1054/1054/1054 572/572/572 1055/1055/1055
f 1052/1052/1052 576/576/576 569/569/569
f 1052/1052/1052 569/569/569 1054/1054/1054
f 576/576/576 575/575/575 570/570/570
f 576/576/576 570/570/570 569/569/569
f 562/562/562 565/565/565 568/568/568
f 562/562/562 568/568/568 563/563/563
f 1056/1056/1056 1057/1057/1057 565/565/565
f 1056/1056/1056 565/565/565 562/562/562
f 1057/1057/1057 1058/1058/1058 566/566/566
f 1057/1057/1057 566/566/566 565/565/565
f 1059/1059/1059 561/561/561 564/564/564
f 1059/1059/1059 564/564/564 1060/1060/1060
f 1061/1061/1061 1062/1062/1062 561/561/561
f 1061/1061/1061 561/561/561 1059/1059/1059
f 1062/1062/1062 1056/1056/1056 562/562/562
f 1062/1062/1062 562/562/562 561/561/561
f 1063/1063/1063 557/557/557 560/560/560
f 1063/1063/1063 560/560/560 1053/1053/1053
f 1060/1060/1060 564/564/564 557/557/557
f 1060/1060/1060 557/557/557 1063/1063/1063
f 564/564/564 563/563/563 558/558/558
f 564/564/564 558/558/558 557/557/557
f 550/550/550 553/553/553 556/556/556
f 550/550/550 556/556/556 551/551/551
f 1064/1064/1064 1065/1065/1065 553/553/553
f 1064/1064/1064 553/553/553 550/550/550
f 1065/1065/1065 1045/1045/1045 554/554/554
f 1065/1065/1065 554/554/554 553/553/553
f 566/566/566 549/549/549 552/552/552
f 566/566/566 552/552/552 567/567/567
f 1058/1058/1058 1066/1066/1066 549/549/549
f 1058/1058/1058 549/549/549 566/566/566
f 1066/1066/1066 1064/1064/1064 550/550/550
f 1066/1066/1066 550/550/550 549/549/549
f 154/154/154 545/545/545 548/548/548
f 154/154/154 548/548/548 155/155/155
f 567/567/567 552/552/552 545/545/545
f 567/567/567 545/545/545 154/154/154
f 552/552/552 551/551/551 546/546/546
f 552/552/552 546/546/546 545/545/545
f 538/538/538 541/541/541 544/544/544
f 538/538/538 544/544/544 539/539/539
f 523/523/523 167/167/167 541/541/541
f 523/523/523 541/541/541 538/538/538
f 167/167/167 168/168/168 542/542/542
f 167/167/167 542/542/542 541/541/541
f 1067/1067/1067 537/537/537 540/540/540
f 1067/1067/1067 540/540/540 1068/1068/1068
f 1069/1069/1069 524/524/524 537/537/537
f 1069/1069/1069 537/537/537 1067/1067/1067
f 524/524/524 523/523/523 538/538/538
f 524/524/524 538/538/538 537/537/537
f 1070/1070/1070 533/533/533 536/536/536
f 1070/1070/1070 536/536/536 1032/1032/1032
f 1068/1068/1068 540/540/540 533/533/533
f 1068/1068/1068 533/533/533 1070/1070/1070
f 540/540/540 539/539/539 534/534/534
f 540/540/540 534/534/534 533/533/533
f 526/526/526 529/529/529 532/532/532
f 526/526/526 532/532/532 528/528/528
f 571/571/571 152/152/152 529/529/529
f 571/571/571 529/529/529 526/526/526
f 152/152/152 151/151/151 530/530/530
f 152/152/152 530/530/530 529/529/529
f 1071/1071/1071 525/525/525 527/527/527
f 1071/1071/1071 527/527/527 1072/1072/1072
f 1055/1055/1055 572/572/572 525/525/525
f 1055/1055/1055 525/525/525 1071/1071/1071
f 572/572/572 571/571/571 526/526/526
f 572/572/572 526/526/526 525/525/525
f 1073/1073/1073 521/521/521 524/524/524
f 1073/1073/1073 524/524/524 1069/1069/1069
f 1072/1072/1072 527/527/527 521/521/521
f 1072/1072/1072 521/521/521 1073/1073/1073
f 527/527/527 528/528/528 522/522/522
f 527/527/527 522/522/522 521/521/521
f 514/514/514 517/517/517 520/520/520
f 514/514/514 520/520/520 515/515/515
f 919/919/919 35/35/35 517/517/517
f 919/919/919 517/517/517 514/514/514
f 35/35/35 36/36/36 518/518/518
f 35/35/35 518/518/518 517/517/517
f 530/530/530 513/513/513 516/516/516
f 530/530/530 516/516/516 531/531/531
f 151/151/151 920/920/920 513/513/513
f 151/151/151 513/513/513 530/530/530
f 920/920/920 919/919/919 514/514/514
f 920/920/920 514/514/514 513/513/513
f 166/166/166 509/509/509 512/512/512
f 166/166/166 512/512/512 168/168/168
f 531/531/531 516/516/516 509/509/509
f 531/531/531 509/509/509 166/166/166
f 516/516/516 515/515/515 510/510/510
f 516/516/516 510/510/510 509/509/509
f 502/502/502 505/505/505 508/508/508
f 502/502/502 508/508/508 503/503/503
f 487/487/487 180/180/180 505/505/505
f 487/487/487 505/505/505 502/502/502
f 180/180/180 179/179/179 506/506/506
f 180/180/180 506/506/506 505/505/505
f 962/962/962 501/501/501 504/504/504
f 962/962/962 504/504/504 963/963/963
f 195/195/195 488/488/488 501/501/501
f 195/195/195 501/501/501 962/962/962
f 488/488/488 487/487/487 502/502/502
f 488/488/488 502/502/502 501/501/501
f 22/22/22 497/497/497 500/500/500
f 22/22/22 500/500/500 23/23/23
f 963/963/963 504/504/504 497/497/497
f 963/963/963 497/497/497 22/22/22
f 504/504/504 503/503/503 498/498/498
f 504/504/504 498/498/498 497/497/497
f 490/490/490 493/493/493 495/495/495
f 490/490/490 495/495/495 491/491/491
f 1074/1074/1074 1075/1075/1075 490/490/490
f 1075/1075/1075 493/493/493 490/490/490
f 1075/1075/1075 1076/1076/1076 494/494/494
f 1075/1075/1075 494/494/494 493/493/493
f 446/446/446 489/489/489 492/492/492
f 446/446/446 492/492/492 447/447/447
f 1077/1077/1077 1078/1078/1078 489/489/489
f 1077/1077/1077 489/489/489 446/446/446
f 1078/1078/1078 1074/1074/1074 490/490/490
f 1078/1078/1078 490/490/490 489/489/489
f 194/194/194 485/485/485 488/488/488
f 194/194/194 488/488/488 195/195/195
f 447/447/447 492/492/492 485/485/485
f 447/447/447 485/485/485 194/194/194
f 492/492/492 491/491/491 486/486/486
f 492/492/492 486/486/486 485/485/485
f 478/478/478 481/481/481 484/484/484
f 478/478/478 484/484/484 479/479/479
f 1079/1079/1079 1080/1080/1080 481/481/481
f 1079/1079/1079 481/481/481 478/478/478
f 1080/1080/1080 1081/1081/1081 482/482/482
f 1080/1080/1080 482/482/482 481/481/481
f 494/494/494 477/477/477 480/480/480
f 494/494/494 480/480/480 496/496/496
f 1076/1076/1076 1082/1082/1082 477/477/477
f 1076/1076/1076 477/477/477 494/494/494
f 1082/1082/1082 1079/1079/1079 478/478/478
f 1082/1082/1082 478/478/478 477/477/477
f 178/178/178 473/473/473 475/475/475
f 178/178/178 475/475/475 179/179/179
f 496/496/496 480/480/480 178/178/178
f 480/480/480 473/473/473 178/178/178
f 480/480/480 479/479/479 474/474/474
f 480/480/480 474/474/474 473/473/473
f 466/466/466 469/469/469 472/472/472
f 466/466/466 472/472/472 467/467/467
f 451/451/451 192/192/192 469/469/469
f 451/451/451 469/469/469 466/466/466
f 192/192/192 191/191/191 470/470/470
f 192/192/192 470/470/470 469/469/469
f 914/914/914 465/465/465 468/468/468
f 914/914/914 468/468/468 915/915/915
f 147/147/147 452/452/452 465/465/465
f 147/147/147 465/465/465 914/914/914
f 452/452/452 451/451/451 466/466/466
f 452/452/452 466/466/466 465/465/465
f 38/38/38 461/461/461 464/464/464
f 38/38/38 464/464/464 39/39/39
f 915/915/915 468/468/468 461/461/461
f 915/915/915 461/461/461 38/38/38
f 468/468/468 467/467/467 462/462/462
f 468/468/468 462/462/462 461/461/461
f 454/454/454 457/457/457 460/460/460
f 454/454/454 460/460/460 455/455/455
f 1083/1083/1083 1084/1084/1084 457/457/457
f 1083/1083/1083 457/457/457 454/454/454
f 1084/1084/1084 1085/1085/1085 458/458/458
f 1084/1084/1084 458/458/458 457/457/457
f 590/590/590 453/453/453 456/456/456
f 590/590/590 456/456/456 591/591/591
f 1049/1049/1049 1086/1086/1086 453/453/453
f 1049/1049/1049 453/453/453 590/590/590
f 1086/1086/1086 1083/1083/1083 454/454/454
f 1086/1086/1086 454/454/454 453/453/453
f 146/146/146 449/449/449 452/452/452
f 146/146/146 452/452/452 147/147/147
f 591/591/591 456/456/456 449/449/449
f 591/591/591 449/449/449 146/146/146
f 456/456/456 455/455/455 450/450/450
f 456/456/456 450/450/450 449/449/449
f 442/442/442 445/445/445 448/448/448
f 442/442/442 448/448/448 443/443/443
f 1087/1087/1087 1088/1088/1088 445/445/445
f 1087/1087/1087 445/445/445 442/442/442
f 1088/1088/1088 1077/1077/1077 446/446/446
f 1088/1088/1088 446/446/446 445/445/445
f 458/458/458 441/441/441 444/444/444
f 458/458/458 444/444/444 459/459/459
f 1085/1085/1085 1089/1089/1089 441/441/441
f 1085/1085/1085 441/441/441 458/458/458
f 1089/1089/1089 1087/1087/1087 442/442/442
f 1089/1089/1089 442/442/442 441/441/441
f 190/190/190 437/437/437 440/440/440
f 190/190/190 440/440/440 191/191/191
f 459/459/459 444/444/444 437/437/437
f 459/459/459 437/437/437 190/190/190
f 444/444/444 443/443/443 438/438/438
f 444/444/444 438/438/438 437/437/437
f 430/430/430 433/433/433 436/436/436
f 430/430/430 436/436/436 431/431/431
f 415/415/415 204/204/204 433/433/433
f 415/415/415 433/433/433 430/430/430
f 204/204/204 203/203/203 433/433/433
f 203/203/203 434/434/434 433/433/433
f 998/998/998 429/429/429 432/432/432
f 998/998/998 432/432/432 999/999/999
f 231/231/231 416/416/416 429/429/429
f 231/231/231 429/429/429 998/998/998
f 416/416/416 415/415/415 430/430/430
f 416/416/416 430/430/430 429/429/429
f 10/10/10 425/425/425 428/428/428
f 10/10/10 428/428/428 11/11/11
f 999/999/999 432/432/432 425/425/425
f 999/999/999 425/425/425 10/10/10
f 432/432/432 431/431/431 426/426/426
f 432/432/432 426/426/426 425/425/425
f 418/418/418 421/421/421 424/424/424
f 418/418/418 424/424/424 419/419/419
f 463/463/463 188/188/188 421/421/421
f 463/463/463 421/421/421 418/418/418
f 188/188/188 187/187/187 422/422/422
f 188/188/188 422/422/422 421/421/421
f 338/338/338 417/417/417 340/340/340
f 417/417/417 420/420/420 340/340/340
f 39/39/39 464/464/464 417/417/417
f 39/39/39 417/417/417 338/338/338
f 464/464/464 463/463/463 418/418/418
f 464/464/464 418/418/418 417/417/417
f 230/230/230 413/413/413 416/416/416
f 230/230/230 416/416/416 231/231/231
f 340/340/340 420/420/420 413/413/413
f 340/340/340 413/413/413 230/230/230
f 420/420/420 419/419/419 413/413/413
f 419/419/419 414/414/414 413/413/413
f 406/406/406 409/409/409 412/412/412
f 406/406/406 412/412/412 407/407/407
f 955/955/955 24/24/24 409/409/409
f 955/955/955 409/409/409 406/406/406
f 24/24/24 23/23/23 410/410/410
f 24/24/24 410/410/410 409/409/409
f 422/422/422 405/405/405 408/408/408
f 422/422/422 408/408/408 423/423/423
f 187/187/187 956/956/956 405/405/405
f 187/187/187 405/405/405 422/422/422
f 956/956/956 955/955/955 406/406/406
f 956/956/956 406/406/406 405/405/405
f 202/202/202 401/401/401 404/404/404
f 202/202/202 404/404/404 203/203/203
f 423/423/423 408/408/408 401/401/401
f 423/423/423 401/401/401 202/202/202
f 408/408/408 407/407/407 402/402/402
f 408/408/408 402/402/402 401/401/401
f 394/394/394 397/397/397 400/400/400
f 394/394/394 400/400/400 395/395/395
f 379/379/379 216/216/216 397/397/397
f 379/379/379 397/397/397 394/394/394
f 216/216/216 215/215/215 397/397/397
f 215/215/215 398/398/398 397/397/397
f 974/974/974 393/393/393 396/396/396
f 974/974/974 396/396/396 975/975/975
f 207/207/207 380/380/380 393/393/393
f 207/207/207 393/393/393 974/974/974
f 380/380/380 379/379/379 394/394/394
f 380/380/380 394/394/394 393/393/393
f 18/18/18 389/389/389 392/392/392
f 18/18/18 392/392/392 19/19/19
f 975/975/975 396/396/396 389/389/389
f 975/975/975 389/389/389 18/18/18
f 396/396/396 395/395/395 390/390/390
f 396/396/396 390/390/390 389/389/389
f 382/382/382 385/385/385 388/388/388
f 382/382/382 388/388/388 383/383/383
f 499/499/499 176/176/176 385/385/385
f 499/499/499 385/385/385 382/382/382
f 176/176/176 175/175/175 386/386/386
f 176/176/176 386/386/386 385/385/385
f 410/410/410 381/381/381 384/384/384
f 410/410/410 384/384/384 411/411/411
f 23/23/23 500/500/500 381/381/381
f 23/23/23 381/381/381 410/410/410
f 500/500/500 499/499/499 382/382/382
f 500/500/500 382/382/382 381/381/381
f 206/206/206 377/377/377 380/380/380
f 206/206/206 380/380/380 207/207/207
f 411/411/411 384/384/384 377/377/377
f 411/411/411 377/377/377 206/206/206
f 384/384/384 383/383/383 378/378/378
f 384/384/384 378/378/378 377/377/377
f 370/370/370 373/373/373 376/376/376
f 370/370/370 376/376/376 371/371/371
f 943/943/943 28/28/28 373/373/373
f 943/943/943 373/373/373 370/370/370
f 28/28/28 27/27/27 374/374/374
f 28/28/28 374/374/374 373/373/373
f 386/386/386 369/369/369 372/372/372
f 386/386/386 372/372/372 387/387/387
f 175/175/175 944/944/944 369/369/369
f 175/175/175 369/369/369 386/386/386
f 944/944/944 943/943/943 370/370/370
f 944/944/944 370/370/370 369/369/369
f 214/214/214 365/365/365 368/368/368
f 214/214/214 368/368/368 215/215/215
f 387/387/387 372/372/372 365/365/365
f 387/387/387 365/365/365 214/214/214
f 372/372/372 371/371/371 366/366/366
f 372/372/372 366/366/366 365/365/365
f 358/358/358 361/361/361 364/364/364
f 358/358/358 364/364/364 359/359/359
f 343/343/343 228/228/228 361/361/361
f 343/343/343 361/361/361 358/358/358
f 228/228/228 227/227/227 362/362/362
f 228/228/228 362/362/362 361/361/361
f 938/938/938 357/357/357 360/360/360
f 938/938/938 360/360/360 939/939/939
f 171/171/171 344/344/344 357/357/357
f 171/171/171 357/357/357 938/938/938
f 344/344/344 343/343/343 358/358/358
f 344/344/344 358/358/358 357/357/357
f 30/30/30 353/353/353 356/356/356
f 30/30/30 356/356/356 31/31/31
f 939/939/939 360/360/360 353/353/353
f 939/939/939 353/353/353 30/30/30
f 360/360/360 359/359/359 354/354/354
f 360/360/360 354/354/354 353/353/353
f 346/346/346 349/349/349 352/352/352
f 346/346/346 352/352/352 348/348/348
f 607/607/607 140/140/140 349/349/349
f 607/607/607 349/349/349 346/346/346
f 140/140/140 139/139/139 350/350/350
f 140/140/140 350/350/350 349/349/349
f 518/518/518 345/345/345 347/347/347
f 518/518/518 347/347/347 519/519/519
f 36/36/36 608/608/608 518/518/518
f 608/608/608 345/345/345 518/518/518
f 608/608/608 607/607/607 346/346/346
f 608/608/608 346/346/346 345/345/345
f 170/170/170 341/341/341 344/344/344
f 170/170/170 344/344/344 171/171/171
f 519/519/519 347/347/347 341/341/341
f 519/519/519 341/341/341 170/170/170
f 347/347/347 348/348/348 342/342/342
f 347/347/347 342/342/342 341/341/341
f 334/334/334 337/337/337 339/339/339
f 334/334/334 339/339/339 336/336/336
f 907/907/907 40/40/40 337/337/337
f 907/907/907 337/337/337 334/334/334
f 40/40/40 39/39/39 338/338/338
f 40/40/40 338/338/338 337/337/337
f 350/350/350 333/333/333 335/335/335
f 350/350/350 335/335/335 351/351/351
f 139/139/139 908/908/908 333/333/333
f 139/139/139 333/333/333 350/350/350
f 908/908/908 907/907/907 334/334/334
f 908/908/908 334/334/334 333/333/333
f 226/226/226 329/329/329 332/332/332
f 226/226/226 332/332/332 227/227/227
f 351/351/351 335/335/335 329/329/329
f 351/351/351 329/329/329 226/226/226
f 335/335/335 336/336/336 330/330/330
f 335/335/335 330/330/330 329/329/329
f 322/322/322 325/325/325 328/328/328
f 322/322/322 328/328/328 323/323/323
f 307/307/307 240/240/240 325/325/325
f 307/307/307 325/325/325 322/322/322
f 240/240/240 239/239/239 326/326/326
f 240/240/240 326/326/326 325/325/325
f 902/902/902 321/321/321 324/324/324
f 902/902/902 324/324/324 903/903/903
f 135/135/135 308/308/308 321/321/321
f 135/135/135 321/321/321 902/902/902
f 308/308/308 307/307/307 322/322/322
f 308/308/308 322/322/322 321/321/321
f 42/42/42 317/317/317 320/320/320
f 42/42/42 320/320/320 43/43/43
f 903/903/903 324/324/324 317/317/317
f 903/903/903 317/317/317 42/42/42
f 324/324/324 323/323/323 318/318/318
f 324/324/324 318/318/318 317/317/317
f 310/310/310 313/313/313 316/316/316
f 310/310/310 316/316/316 311/311/311
f 715/715/715 104/104/104 313/313/313
f 715/715/715 313/313/313 310/310/310
f 104/104/104 103/103/103 314/314/314
f 104/104/104 314/314/314 313/313/313
f 626/626/626 309/309/309 312/312/312
f 626/626/626 312/312/312 627/627/627
f 47/47/47 716/716/716 309/309/309
f 47/47/47 309/309/309 626/626/626
f 716/716/716 715/715/715 310/310/310
f 716/716/716 310/310/310 309/309/309
f 134/134/134 305/305/305 308/308/308
f 134/134/134 308/308/308 135/135/135
f 627/627/627 312/312/312 305/305/305
f 627/627/627 305/305/305 134/134/134
f 312/312/312 311/311/311 306/306/306
f 312/312/312 306/306/306 305/305/305
f 298/298/298 301/301/301 304/304/304
f 298/298/298 304/304/304 299/299/299
f 872/872/872 52/52/52 301/301/301
f 872/872/872 301/301/301 298/298/298
f 52/52/52 51/51/51 302/302/302
f 52/52/52 302/302/302 301/301/301
f 314/314/314 297/297/297 300/300/300
f 314/314/314 300/300/300 315/315/315
f 103/103/103 871/871/871 297/297/297
f 103/103/103 297/297/297 314/314/314
f 871/871/871 872/872/872 298/298/298
f 871/871/871 298/298/298 297/297/297
f 238/238/238 293/293/293 296/296/296
f 238/238/238 296/296/296 239/239/239
f 315/315/315 300/300/300 293/293/293
f 315/315/315 293/293/293 238/238/238
f 300/300/300 299/299/299 293/293/293
f 299/299/299 294/294/294 293/293/293
f 286/286/286 289/289/289 292/292/292
f 286/286/286 292/292/292 288/288/288
f 271/271/271 252/252/252 289/289/289
f 271/271/271 289/289/289 286/286/286
f 252/252/252 251/251/251 290/290/290
f 252/252/252 290/290/290 289/289/289
f 866/866/866 285/285/285 287/287/287
f 866/866/866 287/287/287 867/867/867
f 99/99/99 272/272/272 285/285/285
f 99/99/99 285/285/285 866/866/866
f 272/272/272 271/271/271 286/286/286
f 272/272/272 286/286/286 285/285/285
f 54/54/54 281/281/281 284/284/284
f 54/54/54 284/284/284 55/55/55
f 867/867/867 287/287/287 281/281/281
f 867/867/867 281/281/281 54/54/54
f 287/287/287 288/288/288 282/282/282
f 287/287/287 282/282/282 281/281/281
f 274/274/274 277/277/277 280/280/280
f 274/274/274 280/280/280 275/275/275
f 823/823/823 68/68/68 277/277/277
f 823/823/823 277/277/277 274/274/274
f 68/68/68 67/67/67 278/278/278
f 68/68/68 278/278/278 277/277/277
f 734/734/734 273/273/273 276/276/276
f 734/734/734 276/276/276 735/735/735
f 59/59/59 824/824/824 273/273/273
f 59/59/59 273/273/273 734/734/734
f 824/824/824 823/823/823 274/274/274
f 824/824/824 274/274/274 273/273/273
f 98/98/98 269/269/269 272/272/272
f 98/98/98 272/272/272 99/99/99
f 735/735/735 276/276/276 269/269/269
f 735/735/735 269/269/269 98/98/98
f 276/276/276 275/275/275 270/270/270
f 276/276/276 270/270/270 269/269/269
f 262/262/262 265/265/265 268/268/268
f 262/262/262 268/268/268 263/263/263
f 835/835/835 64/64/64 265/265/265
f 835/835/835 265/265/265 262/262/262
f 64/64/64 63/63/63 266/266/266
f 64/64/64 266/266/266 265/265/265
f 278/278/278 261/261/261 264/264/264
f 278/278/278 264/264/264 279/279/279
f 67/67/67 836/836/836 261/261/261
f 67/67/67 261/261/261 278/278/278
f 836/836/836 835/835/835 262/262/262
f 836/836/836 262/262/262 261/261/261
f 250/250/250 257/257/257 260/260/260
f 250/250/250 260/260/260 251/251/251
f 279/279/279 264/264/264 257/257/257
f 279/279/279 257/257/257 250/250/250
f 264/264/264 263/263/263 258/258/258
f 264/264/264 258/258/258 257/257/257
f 258/258/258 253/253/253 256/256/256
f 258/258/258 256/256/256 259/259/259
f 263/263/263 268/268/268 253/253/253
f 263/263/263 253/253/253 258/258/258
f 268/268/268 267/267/267 254/254/254
f 268/268/268 254/254/254 253/253/253
f 270/270/270 249/249/249 252/252/252
f 270/270/270 252/252/252 271/271/271
f 275/275/275 280/280/280 249/249/249
f 275/275/275 249/249/249 270/270/270
f 280/280/280 279/279/279 250/250/250
f 280/280/280 250/250/250 249/249/249
f 282/282/282 245/245/245 248/248/248
f 282/282/282 248/248/248 283/283/283
f 288/288/288 292/292/292 245/245/245
f 288/288/288 245/245/245 282/282/282
f 292/292/292 291/291/291 246/246/246
f 292/292/292 246/246/246 245/245/245
f 294/294/294 241/241/241 244/244/244
f 294/294/294 244/244/244 295/295/295
f 299/299/299 304/304/304 241/241/241
f 299/299/299 241/241/241 294/294/294
f 304/304/304 303/303/303 242/242/242
f 304/304/304 242/242/242 241/241/241
f 306/306/306 237/237/237 240/240/240
f 306/306/306 240/240/240 307/307/307
f 311/311/311 316/316/316 237/237/237
f 311/311/311 237/237/237 306/306/306
f 316/316/316 315/315/315 238/238/238
f 316/316/316 238/238/238 237/237/237
f 318/318/318 233/233/233 236/236/236
f 318/318/318 236/236/236 319/319/319
f 323/323/323 328/328/328 233/233/233
f 323/323/323 233/233/233 318/318/318
f 328/328/328 327/327/327 234/234/234
f 328/328/328 234/234/234 233/233/233
f 330/330/330 229/229/229 232/232/232
f 330/330/330 232/232/232 331/331/331
f 336/336/336 339/339/339 229/229/229
f 336/336/336 229/229/229 330/330/330
f 339/339/339 340/340/340 230/230/230
f 339/339/339 230/230/230 229/229/229
f 342/342/342 225/225/225 228/228/228
f 342/342/342 228/228/228 343/343/343
f 348/348/348 352/352/352 342/342/342
f 352/352/352 225/225/225 342/342/342
f 352/352/352 351/351/351 226/226/226
f 352/352/352 226/226/226 225/225/225
f 354/354/354 221/221/221 224/224/224
f 354/354/354 224/224/224 355/355/355
f 359/359/359 364/364/364 221/221/221
f 359/359/359 221/221/221 354/354/354
f 364/364/364 363/363/363 222/222/222
f 364/364/364 222/222/222 221/221/221
f 366/366/366 217/217/217 220/220/220
f 366/366/366 220/220/220 367/367/367
f 371/371/371 376/376/376 217/217/217
f 371/371/371 217/217/217 366/366/366
f 376/376/376 375/375/375 218/218/218
f 376/376/376 218/218/218 217/217/217
f 378/378/378 213/213/213 379/379/379
f 213/213/213 216/216/216 379/379/379
f 383/383/383 388/388/388 213/213/213
f 383/383/383 213/213/213 378/378/378
f 388/388/388 387/387/387 214/214/214
f 388/388/388 214/214/214 213/213/213
f 390/390/390 209/209/209 212/212/212
f 390/390/390 212/212/212 391/391/391
f 395/395/395 400/400/400 209/209/209
f 395/395/395 209/209/209 390/390/390
f 400/400/400 399/399/399 210/210/210
f 400/400/400 210/210/210 209/209/209
f 402/402/402 205/205/205 208/208/208
f 402/402/402 208/208/208 403/403/403
f 407/407/407 412/412/412 205/205/205
f 407/407/407 205/205/205 402/402/402
f 412/412/412 411/411/411 206/206/206
f 412/412/412 206/206/206 205/205/205
f 414/414/414 201/201/201 415/415/415
f 201/201/201 204/204/204 415/415/415
f 419/419/419 424/424/424 201/201/201
f 419/419/419 201/201/201 414/414/414
f 424/424/424 423/423/423 202/202/202
f 424/424/424 202/202/202 201/201/201
f 426/426/426 197/197/197 200/200/200
f 426/426/426 200/200/200 427/427/427
f 431/431/431 436/436/436 197/197/197
f 431/431/431 197/197/197 426/426/426
f 436/436/436 435/435/435 198/198/198
f 436/436/436 198/198/198 197/197/197
f 438/438/438 193/193/193 196/196/196
f 438/438/438 196/196/196 439/439/439
f 443/443/443 448/448/448 193/193/193
f 443/443/443 193/193/193 438/438/438
f 448/448/448 447/447/447 194/194/194
f 448/448/448 194/194/194 193/193/193
f 450/450/450 189/189/189 192/192/192
f 450/450/450 192/192/192 451/451/451
f 455/455/455 460/460/460 189/189/189
f 455/455/455 189/189/189 450/450/450
f 460/460/460 459/459/459 190/190/190
f 460/460/460 190/190/190 189/189/189
f 462/462/462 185/185/185 188/188/188
f 462/462/462 188/188/188 463/463/463
f 467/467/467 472/472/472 185/185/185
f 467/467/467 185/185/185 462/462/462
f 472/472/472 471/471/471 186/186/186
f 472/472/472 186/186/186 185/185/185
f 474/474/474 181/181/181 184/184/184
f 474/474/474 184/184/184 476/476/476
f 479/479/479 484/484/484 181/181/181
f 479/479/479 181/181/181 474/474/474
f 484/484/484 483/483/483 182/182/182
f 484/484/484 182/182/182 181/181/181
f 486/486/486 177/177/177 180/180/180
f 486/486/486 180/180/180 487/487/487
f 491/491/491 495/495/495 177/177/177
f 491/491/491 177/177/177 486/486/486
f 495/495/495 496/496/496 178/178/178
f 495/495/495 178/178/178 177/177/177
f 498/498/498 173/173/173 176/176/176
f 498/498/498 176/176/176 499/499/499
f 503/503/503 508/508/508 173/173/173
f 503/503/503 173/173/173 498/498/498
f 508/508/508 507/507/507 174/174/174
f 508/508/508 174/174/174 173/173/173
f 510/510/510 169/169/169 172/172/172
f 510/510/510 172/172/172 511/511/511
f 515/515/515 520/520/520 169/169/169
f 515/515/515 169/169/169 510/510/510
f 520/520/520 519/519/519 170/170/170
f 520/520/520 170/170/170 169/169/169
f 522/522/522 165/165/165 167/167/167
f 522/522/522 167/167/167 523/523/523
f 528/528/528 532/532/532 522/522/522
f 532/532/532 165/165/165 522/522/522
f 532/532/532 531/531/531 166/166/166
f 532/532/532 166/166/166 165/165/165
f 534/534/534 161/161/161 164/164/164
f 534/534/534 164/164/164 535/535/535
f 539/539/539 544/544/544 161/161/161
f 539/539/539 161/161/161 534/534/534
f 544/544/544 543/543/543 162/162/162
f 544/544/544 162/162/162 161/161/161
f 546/546/546 157/157/157 160/160/160
f 546/546/546 160/160/160 547/547/547
f 551/551/551 556/556/556 157/157/157
f 551/551/551 157/157/157 546/546/546
f 556/556/556 555/555/555 158/158/158
f 556/556/556 158/158/158 157/157/157
f 558/558/558 153/153/153 156/156/156
f 558/558/558 156/156/156 559/559/559
f 563/563/563 568/568/568 153/153/153
f 563/563/563 153/153/153 558/558/558
f 568/568/568 567/567/567 154/154/154
f 568/568/568 154/154/154 153/153/153
f 570/570/570 149/149/149 152/152/152
f 570/570/570 152/152/152 571/571/571
f 575/575/575 580/580/580 149/149/149
f 575/575/575 149/149/149 570/570/570
f 580/580/580 579/579/579 150/150/150
f 580/580/580 150/150/150 149/149/149
f 582/582/582 145/145/145 148/148/148
f 582/582/582 148/148/148 583/583/583
f 588/588/588 592/592/592 582/582/582
f 592/592/592 145/145/145 582/582/582
f 592/592/592 591/591/591 146/146/146
f 592/592/592 146/146/146 145/145/145
f 594/594/594 141/141/141 144/144/144
f 594/594/594 144/144/144 596/596/596
f 599/599/599 604/604/604 141/141/141
f 599/599/599 141/141/141 594/594/594
f 604/604/604 603/603/603 142/142/142
f 604/604/604 142/142/142 141/141/141
f 606/606/606 137/137/137 140/140/140
f 606/606/606 140/140/140 607/607/607
f 611/611/611 616/616/616 137/137/137
f 611/611/611 137/137/137 606/606/606
f 616/616/616 615/615/615 138/138/138
f 616/616/616 138/138/138 137/137/137
f 618/618/618 133/133/133 136/136/136
f 618/618/618 136/136/136 619/619/619
f 623/623/623 628/628/628 133/133/133
f 623/623/623 133/133/133 618/618/618
f 628/628/628 627/627/627 134/134/134
f 628/628/628 134/134/134 133/133/133
f 630/630/630 129/129/129 132/132/132
f 630/630/630 132/132/132 631/631/631
f 635/635/635 640/640/640 129/129/129
f 635/635/635 129/129/129 630/630/630
f 640/640/640 639/639/639 130/130/130
f 640/640/640 130/130/130 129/129/129
f 642/642/642 125/125/125 128/128/128
f 642/642/642 128/128/128 643/643/643
f 647/647/647 652/652/652 125/125/125
f 647/647/647 125/125/125 642/642/642
f 652/652/652 651/651/651 126/126/126
f 652/652/652 126/126/126 125/125/125
f 654/654/654 121/121/121 124/124/124
f 654/654/654 124/124/124 655/655/655
f 659/659/659 664/664/664 121/121/121
f 659/659/659 121/121/121 654/654/654
f 664/664/664 663/663/663 122/122/122
f 664/664/664 122/122/122 121/121/121
f 666/666/666 117/117/117 119/119/119
f 666/666/666 119/119/119 667/667/667
f 671/671/671 676/676/676 666/666/666
f 676/676/676 117/117/117 666/666/666
f 676/676/676 675/675/675 118/118/118
f 676/676/676 118/118/118 117/117/117
f 678/678/678 113/113/113 116/116/116
f 678/678/678 116/116/116 679/679/679
f 683/683/683 688/688/688 113/113/113
f 683/683/683 113/113/113 678/678/678
f 688/688/688 687/687/687 114/114/114
f 688/688/688 114/114/114 113/113/113
f 690/690/690 109/109/109 112/112/112
f 690/690/690 112/112/112 691/691/691
f 695/695/695 700/700/700 109/109/109
f 695/695/695 109/109/109 690/690/690
f 700/700/700 699/699/699 110/110/110
f 700/700/700 110/110/110 109/109/109
f 702/702/702 105/105/105 108/108/108
f 702/702/702 108/108/108 703/703/703
f 707/707/707 712/712/712 105/105/105
f 707/707/707 105/105/105 702/702/702
f 712/712/712 711/711/711 106/106/106
f 712/712/712 106/106/106 105/105/105
f 714/714/714 101/101/101 104/104/104
f 714/714/714 104/104/104 715/715/715
f 719/719/719 724/724/724 101/101/101
f 719/719/719 101/101/101 714/714/714
f 724/724/724 723/723/723 102/102/102
f 724/724/724 102/102/102 101/101/101
f 726/726/726 97/97/97 100/100/100
f 726/726/726 100/100/100 727/727/727
f 731/731/731 736/736/736 97/97/97
f 731/731/731 97/97/97 726/726/726
f 736/736/736 735/735/735 98/98/98
f 736/736/736 98/98/98 97/97/97
f 738/738/738 93/93/93 96/96/96
f 738/738/738 96/96/96 739/739/739
f 743/743/743 748/748/748 93/93/93
f 743/743/743 93/93/93 738/738/738
f 748/748/748 747/747/747 94/94/94
f 748/748/748 94/94/94 93/93/93
f 750/750/750 89/89/89 92/92/92
f 750/750/750 92/92/92 751/751/751
f 755/755/755 760/760/760 89/89/89
f 755/755/755 89/89/89 750/750/750
f 760/760/760 759/759/759 90/90/90
f 760/760/760 90/90/90 89/89/89
f 762/762/762 85/85/85 88/88/88
f 762/762/762 88/88/88 763/763/763
f 767/767/767 772/772/772 85/85/85
f 767/767/767 85/85/85 762/762/762
f 772/772/772 771/771/771 86/86/86
f 772/772/772 86/86/86 85/85/85
f 774/774/774 81/81/81 84/84/84
f 774/774/774 84/84/84 775/775/775
f 779/779/779 784/784/784 81/81/81
f 779/779/779 81/81/81 774/774/774
f 784/784/784 783/783/783 82/82/82
f 784/784/784 82/82/82 81/81/81
f 786/786/786 77/77/77 80/80/80
f 786/786/786 80/80/80 787/787/787
f 791/791/791 796/796/796 77/77/77
f 791/791/791 77/77/77 786/786/786
f 796/796/796 795/795/795 78/78/78
f 796/796/796 78/78/78 77/77/77
f 798/798/798 73/73/73 76/76/76
f 798/798/798 76/76/76 799/799/799
f 804/804/804 808/808/808 798/798/798
f 808/808/808 73/73/73 798/798/798
f 808/808/808 807/807/807 74/74/74
f 808/808/808 74/74/74 73/73/73
f 810/810/810 69/69/69 72/72/72
f 810/810/810 72/72/72 811/811/811
f 815/815/815 820/820/820 69/69/69
f 815/815/815 69/69/69 810/810/810
f 820/820/820 819/819/819 69/69/69
f 819/819/819 70/70/70 69/69/69
f 822/822/822 65/65/65 68/68/68
f 822/822/822 68/68/68 823/823/823
f 827/827/827 832/832/832 65/65/65
f 827/827/827 65/65/65 822/822/822
f 832/832/832 831/831/831 66/66/66
f 832/832/832 66/66/66 65/65/65
f 834/834/834 61/61/61 64/64/64
f 834/834/834 64/64/64 835/835/835
f 839/839/839 844/844/844 61/61/61
f 839/839/839 61/61/61 834/834/834
f 844/844/844 843/843/843 62/62/62
f 844/844/844 62/62/62 61/61/61
f 846/846/846 57/57/57 60/60/60
f 846/846/846 60/60/60 847/847/847
f 851/851/851 856/856/856 57/57/57
f 851/851/851 57/57/57 846/846/846
f 856/856/856 855/855/855 58/58/58
f 856/856/856 58/58/58 57/57/57
f 858/858/858 53/53/53 56/56/56
f 858/858/858 56/56/56 859/859/859
f 863/863/863 868/868/868 53/53/53
f 863/863/863 53/53/53 858/858/858
f 868/868/868 867/867/867 54/54/54
f 868/868/868 54/54/54 53/53/53
f 870/870/870 49/49/49 52/52/52
f 870/870/870 52/52/52 872/872/872
f 875/875/875 880/880/880 49/49/49
f 875/875/875 49/49/49 870/870/870
f 880/880/880 879/879/879 50/50/50
f 880/880/880 50/50/50 49/49/49
f 882/882/882 45/45/45 48/48/48
f 882/882/882 48/48/48 883/883/883
f 887/887/887 892/892/892 45/45/45
f 887/887/887 45/45/45 882/882/882
f 892/892/892 891/891/891 46/46/46
f 892/892/892 46/46/46 45/45/45
f 894/894/894 41/41/41 44/44/44
f 894/894/894 44/44/44 895/895/895
f 899/899/899 904/904/904 41/41/41
f 899/899/899 41/41/41 894/894/894
f 904/904/904 903/903/903 42/42/42
f 904/904/904 42/42/42 41/41/41
f 906/906/906 37/37/37 40/40/40
f 906/906/906 40/40/40 907/907/907
f 911/911/911 916/916/916 37/37/37
f 911/911/911 37/37/37 906/906/906
f 916/916/916 915/915/915 38/38/38
f 916/916/916 38/38/38 37/37/37
f 918/918/918 33/33/33 35/35/35
f 918/918/918 35/35/35 919/919/919
f 923/923/923 928/928/928 918/918/918
f 928/928/928 33/33/33 918/918/918
f 928/928/928 927/927/927 34/34/34
f 928/928/928 34/34/34 33/33/33
f 930/930/930 29/29/29 32/32/32
f 930/930/930 32/32/32 931/931/931
f 936/936/936 940/940/940 29/29/29
f 936/936/936 29/29/29 930/930/930
f 940/940/940 939/939/939 30/30/30
f 940/940/940 30/30/30 29/29/29
f 942/942/942 25/25/25 28/28/28
f 942/942/942 28/28/28 943/943/943
f 947/947/947 952/952/952 25/25/25
f 947/947/947 25/25/25 942/942/942
f 952/952/952 951/951/951 26/26/26
f 952/952/952 26/26/26 25/25/25
f 954/954/954 21/21/21 24/24/24
f 954/954/954 24/24/24 955/955/955
f 959/959/959 964/964/964 21/21/21
f 959/959/959 21/21/21 954/954/954
f 964/964/964 963/963/963 22/22/22
f 964/964/964 22/22/22 21/21/21
f 966/966/966 17/17/17 20/20/20
f 966/966/966 20/20/20 968/968/968
f 971/971/971 976/976/976 17/17/17
f 971/971/971 17/17/17 966/966/966
f 976/976/976 975/975/975 18/18/18
f 976/976/976 18/18/18 17/17/17
f 978/978/978 13/13/13 15/15/15
f 978/978/978 15/15/15 979/979/979
f 984/984/984 988/988/988 978/978/978
f 988/988/988 13/13/13 978/978/978
f 988/988/988 987/987/987 14/14/14
f 988/988/988 14/14/14 13/13/13
f 990/990/990 9/9/9 12/12/12
f 990/990/990 12/12/12 991/991/991
f 995/995/995 1000/1000/1000 9/9/9
f 995/995/995 9/9/9 990/990/990
f 1000/1000/1000 999/999/999 10/10/10
f 1000/1000/1000 10/10/10 9/9/9
f 1002/1002/1002 5/5/5 8/8/8
f 1002/1002/1002 8/8/8 1003/1003/1003
f 1007/1007/1007 1012/1012/1012 5/5/5
f 1007/1007/1007 5/5/5 1002/1002/1002
f 1012/1012/1012 1011/1011/1011 6/6/6
f 1012/1012/1012 6/6/6 5/5/5
f 1014/1014/1014 1/1/1 4/4/4
f 1014/1014/1014 4/4/4 1015/1015/1015
f 1019/1019/1019 1024/1024/1024 1/1/1
f 1019/1019/1019 1/1/1 1014/1014/1014
f 1024/1024/1024 1023/1023/1023 2/2/2
f 1024/1024/1024 2/2/2 1/1/1
# Vertices: 1089, normals: 1089, texture coordinates: 1089, faces: 2048

