# Blender 4.3.0
# www.blender.org
mtllib Rusty_Japanase_Arcade.mtl
o Arcade
v -1.286654 5.960956 -0.924629
v 1.286654 5.960956 -0.924629
v -1.286654 5.576653 0.437783
v 1.286654 5.576653 0.437783
v -1.286654 5.795856 0.374239
v 1.286654 5.795856 0.374239
v -1.286654 5.588233 -0.611495
v 1.286654 5.588233 -0.611495
v -1.286654 2.984621 -0.003153
v 1.286654 2.984621 -0.003153
v -1.286654 0.007797 -0.924628
v 1.286654 0.007797 -0.924628
v -1.286654 2.969638 0.868257
v 1.286654 2.969638 0.868257
v -1.286654 0.007797 0.878188
v 1.286654 0.007797 0.878188
v -1.286654 6.039471 0.576822
v -1.286654 6.111712 0.471050
v -1.286654 6.079491 0.554986
v -1.286654 6.105932 0.516271
v 1.286654 6.111712 0.471050
v 1.286654 6.039471 0.576822
v 1.286654 6.105932 0.516271
v 1.286654 6.079491 0.554986
v -1.286654 5.569839 0.604733
v -1.286654 5.647837 0.658710
v -1.286654 5.585268 0.635274
v -1.286654 5.613817 0.655031
v 1.286654 5.647837 0.658710
v 1.286654 5.569839 0.604733
v 1.286654 5.613817 0.655031
v 1.286654 5.585268 0.635274
v -1.128965 5.364427 -0.560759
v 1.128965 5.364427 -0.560759
v -1.128965 3.136467 -0.038732
v 1.128965 3.136467 -0.038732
v -1.128965 5.335624 -0.683689
v -1.128965 3.107664 -0.161662
v 1.128965 3.107664 -0.161662
v 1.128965 5.335624 -0.683689
v 1.354319 0.004556 1.000000
v 1.354319 0.004556 -1.000000
v 1.354319 3.066763 -1.000000
v 1.354319 0.004556 0.438441
v 1.354319 5.387164 -1.000001
v 1.354319 6.128188 -0.179807
v 1.264319 0.004556 1.000000
v 1.264319 0.004556 -1.000000
v 1.264319 3.066763 -1.000000
v 1.264319 0.004556 0.438441
v 1.264319 5.387164 -1.000001
v 1.264319 6.128188 -0.179807
v 1.354319 5.628049 0.735136
v 1.354319 5.502608 0.647302
v 1.354319 5.572210 0.730251
v 1.354319 5.526296 0.698101
v 1.264319 5.502608 0.647302
v 1.264319 5.628049 0.735136
v 1.264319 5.526296 0.698101
v 1.264319 5.572210 0.730251
v 1.354319 5.384742 -0.021153
v 1.354319 5.256473 -0.101536
v 1.354319 5.395531 -0.196606
v 1.354319 5.360377 -0.072637
v 1.354319 5.313428 -0.102059
v 1.264319 5.256473 -0.101536
v 1.264319 5.384742 -0.021153
v 1.264319 5.395531 -0.196606
v 1.264319 5.313428 -0.102059
v 1.264319 5.360377 -0.072637
v 1.354319 6.195267 0.498654
v 1.354319 6.078195 0.655763
v 1.354319 6.185260 0.568652
v 1.354319 6.142408 0.626158
v 1.264319 6.078195 0.655763
v 1.264319 6.195267 0.498654
v 1.264319 6.142408 0.626158
v 1.264319 6.185260 0.568652
v 1.354319 3.261161 0.465016
v 1.354319 3.137952 0.628079
v 1.354319 3.199556 0.499667
v 1.354319 3.154459 0.559352
v 1.264319 3.137952 0.628079
v 1.264319 3.261161 0.465015
v 1.264319 3.066789 0.438449
v 1.264319 3.154459 0.559352
v 1.264319 3.199556 0.499667
v 1.354319 3.137952 0.873466
v 1.354319 3.011419 1.000000
v 1.354319 3.121000 0.936733
v 1.354319 3.074686 0.983047
v 1.264319 3.011419 1.000000
v 1.264319 3.137952 0.873466
v 1.264319 3.074686 0.983047
v 1.264319 3.121000 0.936733
v 1.354319 5.951272 -1.000001
v 1.354319 6.046029 -0.913698
v 1.354319 5.995694 -0.988439
v 1.354319 6.030377 -0.956850
v 1.264319 6.046029 -0.913698
v 1.264319 5.951272 -1.000001
v 1.264319 6.030377 -0.956850
v 1.264319 5.995694 -0.988439
v -1.354319 0.004556 1.000000
v -1.354319 0.004556 -1.000000
v -1.354319 3.066763 -1.000000
v -1.354319 0.004556 0.438441
v -1.354319 5.387164 -1.000001
v -1.354319 6.128188 -0.179807
v -1.264319 0.004556 1.000000
v -1.264319 0.004556 -1.000000
v -1.264319 3.069300 -1.000000
v -1.264319 0.004556 0.438441
v -1.264319 5.384627 -1.000001
v -1.264319 6.128188 -0.179807
v -1.354319 5.628049 0.735136
v -1.354319 5.502608 0.647302
v -1.354319 5.572210 0.730251
v -1.354319 5.526296 0.698101
v -1.264319 5.502608 0.647302
v -1.264319 5.628049 0.735136
v -1.264319 5.526296 0.698101
v -1.264319 5.572210 0.730251
v -1.354319 5.384742 -0.021153
v -1.354319 5.256473 -0.101536
v -1.354319 5.395531 -0.196606
v -1.354319 5.360377 -0.072637
v -1.354319 5.313428 -0.102059
v -1.264319 5.256473 -0.101536
v -1.264319 5.384742 -0.021153
v -1.264319 5.395531 -0.196606
v -1.264319 5.313428 -0.102059
v -1.264319 5.360377 -0.072637
v -1.354319 6.195267 0.498654
v -1.354319 6.078195 0.655763
v -1.354319 6.185260 0.568652
v -1.354319 6.142408 0.626158
v -1.264319 6.078195 0.655763
v -1.264319 6.195267 0.498654
v -1.264319 6.142408 0.626158
v -1.264319 6.185260 0.568652
v -1.354319 3.261161 0.465016
v -1.354319 3.137952 0.628079
v -1.354319 3.066750 0.438442
v -1.354319 3.199556 0.499667
v -1.354319 3.154459 0.559352
v -1.264319 3.137952 0.628079
v -1.264319 3.261161 0.465015
v -1.264319 3.066715 0.438435
v -1.264319 3.154459 0.559352
v -1.264319 3.199556 0.499667
v -1.354319 3.137952 0.873466
v -1.354319 3.011419 1.000000
v -1.354319 3.121000 0.936733
v -1.354319 3.074686 0.983047
v -1.264319 3.011419 1.000000
v -1.264319 3.137952 0.873466
v -1.264319 3.074686 0.983047
v -1.264319 3.121000 0.936733
v -1.354319 5.951272 -1.000001
v -1.354319 6.046029 -0.913698
v -1.354319 5.995694 -0.988439
v -1.354319 6.030377 -0.956850
v -1.264319 6.046029 -0.913698
v -1.264319 5.951272 -1.000001
v -1.264319 6.030377 -0.956850
v -1.264319 5.995694 -0.988439
v -1.286654 2.745003 0.925414
v 1.286654 2.745004 0.925414
v -1.286654 2.736102 0.768100
v 1.286654 2.736102 0.768100
v 1.286654 2.973179 0.956876
v -1.286654 2.973179 0.956876
v 1.286654 3.052639 -0.040992
v -1.286654 3.052639 -0.040992
v 1.286654 2.736241 0.814803
v 1.286654 2.737215 0.858555
v 1.286654 2.739857 0.896409
v -1.286654 2.739857 0.896409
v -1.286654 2.737215 0.858555
v -1.286654 2.736241 0.814803
v 1.286654 3.001474 0.954659
v 1.286654 3.021729 0.939139
v 1.286654 3.035594 0.895488
v 1.286654 2.753616 0.943603
v 1.286654 2.767175 0.952943
v 1.286654 2.787288 0.956385
v -1.286654 2.787288 0.956385
v -1.286654 2.767175 0.952943
v -1.286654 2.753616 0.943603
v -1.286654 3.035594 0.895488
v -1.286654 3.021729 0.939139
v -1.286654 3.001474 0.954659
v 0.664162 1.266560 0.896171
v 0.624649 1.277147 0.896171
v 0.595723 1.306073 0.896171
v 0.585135 1.345587 0.896171
v 0.624649 2.461782 0.896171
v 0.664162 2.472369 0.896171
v 0.595723 2.432856 0.896171
v 0.585135 2.393342 0.896171
v 0.650073 2.417745 0.913174
v 0.643119 2.429790 0.913174
v 0.620817 1.350284 0.913174
v 0.634251 1.352053 0.913174
v 0.627714 1.324543 0.913174
v 0.639759 1.331497 0.913174
v 0.643119 1.309139 0.913174
v 0.650073 1.321183 0.913174
v 0.670628 1.315676 0.913174
v 0.872428 1.266560 0.896171
v 0.668860 1.302242 0.913174
v 0.872428 2.472369 0.896171
v 0.668860 1.302242 0.896171
v 0.670628 1.315676 0.896171
v 0.650073 1.321183 0.896171
v 0.643119 1.309139 0.896171
v 0.639759 1.331497 0.896171
v 0.627714 1.324543 0.896171
v 0.634251 1.352053 0.896171
v 0.620817 1.350284 0.896171
v 0.643119 2.429790 0.896171
v 0.650073 2.417745 0.896171
v 0.670628 2.423253 0.896171
v 0.668860 2.436687 0.896171
v 0.627714 2.414385 0.896171
v 0.639759 2.407432 0.896171
v 0.620817 2.388645 0.896171
v 0.634251 2.386876 0.896171
v 0.872428 1.315676 0.896171
v 0.872428 1.302242 0.896171
v 0.872428 2.436687 0.896171
v 0.872428 2.423253 0.896171
v 0.670628 2.423253 0.913174
v 0.668860 2.436687 0.913174
v 0.627714 2.414385 0.913174
v 0.639759 2.407432 0.913174
v 0.620817 2.388645 0.913174
v 0.634251 2.386876 0.913174
v 0.872428 1.302242 0.913174
v 0.872428 1.315676 0.913174
v 0.872428 2.423253 0.913174
v 0.872428 2.436687 0.913174
v 0.664162 1.266560 0.862043
v 0.624649 1.277147 0.862043
v 0.595723 1.306073 0.862043
v 0.585135 1.345587 0.862043
v 0.624649 2.461782 0.862043
v 0.664162 2.472369 0.862043
v 0.595723 2.432856 0.862043
v 0.585135 2.393342 0.862043
v 0.872428 1.266560 0.862043
v 0.872428 2.472369 0.862043
v 0.768295 1.266560 0.896171
v 0.768295 2.472369 0.862043
v 0.770644 2.436687 0.913174
v 0.771528 2.423253 0.913174
v 0.770644 2.436687 0.896171
v 0.771528 2.423253 0.896171
v 0.768295 2.472369 0.896171
v 0.585135 1.805345 0.896171
v 0.585135 2.232177 0.896171
v 0.634251 1.805345 0.896171
v 0.634251 2.232177 0.896171
v 0.620817 2.232177 0.896171
v 0.620817 1.805345 0.896171
v 0.634251 1.805345 0.913174
v 0.634251 2.232177 0.913174
v 0.620817 2.232177 0.913174
v 0.620817 1.805345 0.913174
v 0.585135 1.805345 0.862043
v 0.585135 2.232177 0.862043
v 0.872428 2.232177 0.896171
v 0.872428 1.805345 0.896171
v 0.771528 1.315676 0.896171
v 0.770644 1.302242 0.896171
v 0.771528 1.315676 0.913174
v 0.770644 1.302242 0.913174
v 0.768295 1.266560 0.862043
v 0.744293 1.805345 0.896171
v 0.744293 2.232177 0.896171
v 0.744293 1.805345 0.883474
v 0.872428 1.805345 0.883474
v 0.872428 2.232177 0.883474
v 0.744293 2.232177 0.883474
v 1.080695 1.266560 0.896171
v 1.120208 1.277147 0.896171
v 1.149134 1.306073 0.896171
v 1.159722 1.345587 0.896171
v 1.120208 2.461782 0.896171
v 1.080695 2.472369 0.896171
v 1.149134 2.432856 0.896171
v 1.159722 2.393342 0.896171
v 1.094784 2.417745 0.913174
v 1.101738 2.429790 0.913174
v 1.124040 1.350284 0.913174
v 1.110606 1.352053 0.913174
v 1.117143 1.324543 0.913174
v 1.105098 1.331497 0.913174
v 1.101738 1.309139 0.913174
v 1.094784 1.321183 0.913174
v 1.074229 1.315676 0.913174
v 1.075997 1.302242 0.913174
v 1.075997 1.302242 0.896171
v 1.074229 1.315676 0.896171
v 1.094784 1.321183 0.896171
v 1.101738 1.309139 0.896171
v 1.105098 1.331497 0.896171
v 1.117143 1.324543 0.896171
v 1.110606 1.352053 0.896171
v 1.124040 1.350284 0.896171
v 1.101738 2.429790 0.896171
v 1.094784 2.417745 0.896171
v 1.074229 2.423253 0.896171
v 1.075997 2.436687 0.896171
v 1.117143 2.414385 0.896171
v 1.105098 2.407432 0.896171
v 1.124040 2.388645 0.896171
v 1.110606 2.386876 0.896171
v 1.074229 2.423253 0.913174
v 1.075997 2.436687 0.913174
v 1.117143 2.414385 0.913174
v 1.105098 2.407432 0.913174
v 1.124040 2.388645 0.913174
v 1.110606 2.386876 0.913174
v 1.080695 1.266560 0.862043
v 1.120208 1.277147 0.862043
v 1.149134 1.306073 0.862043
v 1.159722 1.345587 0.862043
v 1.120208 2.461782 0.862043
v 1.080695 2.472369 0.862043
v 1.149134 2.432856 0.862043
v 1.159722 2.393342 0.862043
v 0.976562 1.266560 0.896171
v 0.976561 2.472369 0.862043
v 0.974213 2.436687 0.913174
v 0.973329 2.423253 0.913174
v 0.974213 2.436687 0.896171
v 0.973329 2.423253 0.896171
v 0.976561 2.472369 0.896171
v 1.159722 1.805345 0.896171
v 1.159722 2.232177 0.896171
v 1.110606 1.805345 0.896171
v 1.110606 2.232177 0.896171
v 1.124040 2.232177 0.896171
v 1.124040 1.805345 0.896171
v 1.110606 1.805345 0.913174
v 1.110606 2.232177 0.913174
v 1.124040 2.232177 0.913174
v 1.124040 1.805345 0.913174
v 1.159722 1.805345 0.862043
v 1.159722 2.232177 0.862043
v 0.973329 1.315676 0.896171
v 0.974213 1.302242 0.896171
v 0.973329 1.315676 0.913174
v 0.974213 1.302242 0.913174
v 0.976562 1.266560 0.862043
v 1.000564 1.805345 0.896171
v 1.000564 2.232177 0.896171
v 1.000564 1.805345 0.883474
v 1.000564 2.232177 0.883474
v -1.046634 0.663958 0.900757
v -1.125914 0.743237 0.900757
v -1.086274 0.674579 0.900757
v -1.115293 0.703597 0.900757
v -1.125914 2.519169 0.900757
v -1.046634 2.598449 0.900757
v -1.115293 2.558809 0.900757
v -1.086274 2.587827 0.900757
v -0.303008 0.743237 0.900757
v -0.382288 0.663958 0.900757
v -0.313629 0.703597 0.900757
v -0.342648 0.674579 0.900757
v -0.382288 2.598449 0.900757
v -0.303008 2.519169 0.900757
v -0.342648 2.587827 0.900757
v -0.313629 2.558809 0.900757
v -1.038057 0.850275 0.892101
v -0.939597 0.751814 0.892101
v -1.023573 0.803020 0.893176
v -0.986851 0.766299 0.893176
v -0.939597 2.510592 0.892101
v -1.038057 2.412132 0.892101
v -0.986851 2.496108 0.893176
v -1.023573 2.459386 0.893176
v -0.390865 2.412132 0.892101
v -0.489325 2.510592 0.892101
v -0.405349 2.459386 0.893176
v -0.442071 2.496108 0.893176
v -0.489325 0.751814 0.892101
v -0.390865 0.850275 0.892101
v -0.442071 0.766299 0.893176
v -0.405349 0.803020 0.893176
v -0.939851 0.749880 0.913373
v -0.988822 0.762886 0.912526
v -1.026986 0.801050 0.912526
v -1.039992 0.850020 0.913373
v -0.988822 2.499521 0.912526
v -0.939851 2.512527 0.913373
v -1.026986 2.461357 0.912526
v -1.039992 2.412387 0.913372
v -0.489071 2.512527 0.913373
v -0.440100 2.499521 0.912526
v -0.401936 2.461357 0.912526
v -0.388930 2.412387 0.913373
v -0.440100 0.762886 0.912526
v -0.489071 0.749880 0.913373
v -0.401936 0.801050 0.912526
v -0.388930 0.850020 0.913373
v -1.046634 0.663958 0.867757
v -1.125914 0.743237 0.867757
v -1.086274 0.674579 0.867757
v -1.115293 0.703597 0.867757
v -1.125914 2.519169 0.867757
v -1.046634 2.598449 0.867757
v -1.115293 2.558809 0.867757
v -1.086274 2.587827 0.867757
v -0.303008 0.743237 0.867757
v -0.382288 0.663958 0.867757
v -0.313629 0.703597 0.867757
v -0.342648 0.674579 0.867757
v -0.382288 2.598449 0.867757
v -0.303008 2.519169 0.867757
v -0.342648 2.587827 0.867757
v -0.313629 2.558809 0.867757
v -0.925392 1.665900 0.935846
v -0.964906 1.676487 0.935846
v -0.993832 1.705413 0.935846
v -1.004419 1.744927 0.935846
v -0.964906 2.461782 0.935846
v -0.925392 2.472369 0.935846
v -0.993832 2.432856 0.935846
v -1.004419 2.393342 0.935846
v -0.939482 2.417745 0.952849
v -0.946436 2.429790 0.952849
v -0.968738 1.749624 0.952849
v -0.955303 1.751393 0.952849
v -0.961840 1.723883 0.952849
v -0.949796 1.730837 0.952849
v -0.946436 1.708479 0.952849
v -0.939482 1.720523 0.952849
v -0.918926 1.715016 0.952849
v -0.717126 1.665900 0.935846
v -0.920695 1.701582 0.952849
v -0.717126 2.472369 0.935846
v -0.920695 1.701582 0.935846
v -0.918926 1.715016 0.935846
v -0.939482 1.720523 0.935846
v -0.946436 1.708479 0.935846
v -0.949796 1.730837 0.935846
v -0.961840 1.723883 0.935846
v -0.955303 1.751393 0.935846
v -0.968738 1.749624 0.935846
v -0.946436 2.429790 0.935846
v -0.939482 2.417745 0.935846
v -0.918926 2.423253 0.935846
v -0.920695 2.436687 0.935846
v -0.961840 2.414385 0.935846
v -0.949796 2.407432 0.935846
v -0.968738 2.388645 0.935846
v -0.955303 2.386876 0.935846
v -0.717126 1.715016 0.935846
v -0.717126 1.701582 0.935846
v -0.717126 2.436687 0.935846
v -0.717126 2.423253 0.935846
v -0.918926 2.423253 0.952849
v -0.920695 2.436687 0.952849
v -0.961840 2.414385 0.952849
v -0.949796 2.407432 0.952849
v -0.968738 2.388645 0.952849
v -0.955303 2.386876 0.952849
v -0.717126 1.701582 0.952849
v -0.717126 1.715016 0.952849
v -0.717126 2.423253 0.952849
v -0.717126 2.436687 0.952849
v -0.925392 1.665900 0.901718
v -0.964906 1.676487 0.901718
v -0.993832 1.705413 0.901718
v -1.004419 1.744927 0.901718
v -0.964906 2.461782 0.901718
v -0.925392 2.472369 0.901718
v -0.993832 2.432856 0.901718
v -1.004419 2.393342 0.901718
v -0.717126 1.665900 0.901718
v -0.717126 2.472369 0.901718
v -0.508860 1.665900 0.935846
v -0.469346 1.676487 0.935846
v -0.440421 1.705413 0.935846
v -0.429833 1.744927 0.935846
v -0.469347 2.461782 0.935846
v -0.508860 2.472369 0.935846
v -0.440421 2.432856 0.935846
v -0.429833 2.393342 0.935846
v -0.494771 2.417745 0.952849
v -0.487817 2.429790 0.952849
v -0.465515 1.749624 0.952849
v -0.478949 1.751393 0.952849
v -0.472412 1.723883 0.952849
v -0.484457 1.730837 0.952849
v -0.487817 1.708479 0.952849
v -0.494771 1.720523 0.952849
v -0.515326 1.715016 0.952849
v -0.513557 1.701582 0.952849
v -0.513557 1.701582 0.935846
v -0.515326 1.715016 0.935846
v -0.494771 1.720523 0.935846
v -0.487817 1.708479 0.935846
v -0.484457 1.730837 0.935846
v -0.472412 1.723883 0.935846
v -0.478949 1.751393 0.935846
v -0.465515 1.749624 0.935846
v -0.487817 2.429790 0.935846
v -0.494771 2.417745 0.935846
v -0.515326 2.423253 0.935846
v -0.513558 2.436687 0.935846
v -0.472412 2.414385 0.935846
v -0.484457 2.407432 0.935846
v -0.465515 2.388645 0.935846
v -0.478949 2.386876 0.935846
v -0.515326 2.423253 0.952849
v -0.513558 2.436687 0.952849
v -0.472412 2.414385 0.952849
v -0.484457 2.407432 0.952849
v -0.465515 2.388645 0.952849
v -0.478949 2.386876 0.952849
v -0.508860 1.665900 0.901718
v -0.469346 1.676487 0.901718
v -0.440421 1.705413 0.901718
v -0.429833 1.744927 0.901718
v -0.469347 2.461782 0.901718
v -0.508860 2.472369 0.901718
v -0.440421 2.432856 0.901718
v -0.429833 2.393342 0.901718
v -0.925392 0.773652 0.935422
v -0.964906 0.784239 0.935422
v -0.993832 0.813165 0.935422
v -1.004419 0.852679 0.935422
v -0.964906 1.569534 0.935422
v -0.925392 1.580121 0.935422
v -0.993832 1.540608 0.935422
v -1.004419 1.501094 0.935422
v -0.939482 1.525497 0.952425
v -0.946436 1.537542 0.952425
v -0.968738 0.857376 0.952425
v -0.955303 0.859145 0.952425
v -0.961840 0.831635 0.952425
v -0.949796 0.838589 0.952425
v -0.946436 0.816231 0.952425
v -0.939482 0.828276 0.952425
v -0.918926 0.822768 0.952425
v -0.717126 0.773652 0.935422
v -0.920695 0.809334 0.952425
v -0.717126 1.580121 0.935422
v -0.920695 0.809334 0.935422
v -0.918926 0.822768 0.935422
v -0.939482 0.828276 0.935422
v -0.946436 0.816231 0.935422
v -0.949796 0.838589 0.935422
v -0.961840 0.831635 0.935422
v -0.955303 0.859145 0.935422
v -0.968738 0.857376 0.935422
v -0.946436 1.537542 0.935422
v -0.939482 1.525497 0.935422
v -0.918926 1.531005 0.935422
v -0.920695 1.544439 0.935422
v -0.961840 1.522138 0.935422
v -0.949796 1.515184 0.935422
v -0.968738 1.496397 0.935422
v -0.955303 1.494628 0.935422
v -0.717126 0.822768 0.935422
v -0.717126 0.809334 0.935422
v -0.717126 1.544439 0.935422
v -0.717126 1.531005 0.935422
v -0.918926 1.531005 0.952425
v -0.920695 1.544439 0.952425
v -0.961840 1.522138 0.952425
v -0.949796 1.515184 0.952425
v -0.968738 1.496397 0.952425
v -0.955303 1.494628 0.952425
v -0.717126 0.809334 0.952425
v -0.717126 0.822768 0.952425
v -0.717126 1.531005 0.952425
v -0.717126 1.544439 0.952425
v -0.925392 0.773652 0.901294
v -0.964906 0.784239 0.901294
v -0.993832 0.813165 0.901294
v -1.004419 0.852679 0.901294
v -0.964906 1.569534 0.901294
v -0.925392 1.580121 0.901294
v -0.993832 1.540608 0.901294
v -1.004419 1.501094 0.901294
v -0.717126 0.773652 0.901294
v -0.717126 1.580121 0.901294
v -0.508860 0.773652 0.935422
v -0.469346 0.784239 0.935422
v -0.440421 0.813165 0.935422
v -0.429833 0.852679 0.935422
v -0.469347 1.569534 0.935422
v -0.508860 1.580121 0.935422
v -0.440421 1.540608 0.935422
v -0.429833 1.501094 0.935422
v -0.494771 1.525497 0.952425
v -0.487817 1.537542 0.952425
v -0.465515 0.857376 0.952425
v -0.478949 0.859145 0.952425
v -0.472412 0.831635 0.952425
v -0.484457 0.838589 0.952425
v -0.487817 0.816231 0.952425
v -0.494771 0.828276 0.952425
v -0.515326 0.822768 0.952425
v -0.513557 0.809334 0.952425
v -0.513557 0.809334 0.935422
v -0.515326 0.822768 0.935422
v -0.494771 0.828276 0.935422
v -0.487817 0.816231 0.935422
v -0.484457 0.838589 0.935422
v -0.472412 0.831635 0.935422
v -0.478949 0.859145 0.935422
v -0.465515 0.857376 0.935422
v -0.487817 1.537542 0.935422
v -0.494771 1.525497 0.935422
v -0.515326 1.531005 0.935422
v -0.513558 1.544439 0.935422
v -0.472412 1.522138 0.935422
v -0.484457 1.515184 0.935422
v -0.465515 1.496397 0.935422
v -0.478949 1.494628 0.935422
v -0.515326 1.531005 0.952425
v -0.513558 1.544439 0.952425
v -0.472412 1.522138 0.952425
v -0.484457 1.515184 0.952425
v -0.465515 1.496397 0.952425
v -0.478949 1.494628 0.952425
v -0.508860 0.773652 0.901294
v -0.469346 0.784239 0.901294
v -0.440421 0.813165 0.901294
v -0.429833 0.852679 0.901294
v -0.469347 1.569534 0.901294
v -0.508860 1.580121 0.901294
v -0.440421 1.540608 0.901294
v -0.429833 1.501094 0.901294
v -0.528129 2.021429 0.953708
v -0.528129 2.021429 0.941655
v -0.517620 2.023520 0.953708
v -0.517620 2.023520 0.941655
v -0.508711 2.029472 0.953708
v -0.508711 2.029472 0.941655
v -0.502759 2.038381 0.953708
v -0.502759 2.038381 0.941655
v -0.500668 2.048889 0.953708
v -0.500668 2.048889 0.941655
v -0.502759 2.059398 0.953708
v -0.502759 2.059398 0.941655
v -0.508711 2.068307 0.953708
v -0.508711 2.068307 0.941655
v -0.517620 2.074260 0.953708
v -0.517620 2.074260 0.941655
v -0.528129 2.076350 0.953708
v -0.528129 2.076350 0.941655
v -0.538637 2.074260 0.953708
v -0.538637 2.074260 0.941655
v -0.547546 2.068307 0.953708
v -0.547546 2.068307 0.941655
v -0.553498 2.059398 0.953708
v -0.553498 2.059398 0.941655
v -0.555589 2.048889 0.953708
v -0.555589 2.048889 0.941655
v -0.553498 2.038381 0.953708
v -0.553498 2.038381 0.941655
v -0.547546 2.029472 0.953708
v -0.547546 2.029472 0.941655
v -0.538637 2.023520 0.953708
v -0.538637 2.023520 0.941655
v -0.534717 2.068307 0.953708
v -0.533649 2.068307 0.953708
v -0.535785 2.068307 0.953708
v -0.534717 2.029472 0.953708
v -0.536440 2.029472 0.953708
v -0.532995 2.029472 0.953708
v -0.537801 2.048889 0.953708
v -0.532959 2.048889 0.953708
v -0.537801 2.059398 0.953708
v -0.532959 2.059398 0.953708
v -0.532995 2.045447 0.953708
v -0.536440 2.045447 0.953708
v -0.532959 2.059398 0.946819
v -0.533649 2.068307 0.946819
v -0.537801 2.059398 0.946819
v -0.535785 2.068307 0.946819
v -0.534717 2.068307 0.946819
v -0.534717 2.045447 0.946819
v -0.534717 2.029472 0.946819
v -0.536440 2.029472 0.946819
v -0.532995 2.029472 0.946819
v -0.536440 2.045447 0.946819
v -0.537801 2.048889 0.946819
v -0.532995 2.045447 0.946819
v -0.532959 2.048889 0.946819
v -0.534717 2.059398 0.946819
v -0.534717 2.048889 0.946819
v -0.515851 2.019248 0.941655
v -0.528129 2.016806 0.941655
v -0.505442 2.026203 0.941655
v -0.498487 2.036612 0.941655
v -0.496045 2.048889 0.941655
v -0.498487 2.061167 0.941655
v -0.505442 2.071576 0.941655
v -0.515851 2.078531 0.941655
v -0.528129 2.080973 0.941655
v -0.540406 2.078531 0.941655
v -0.550815 2.071576 0.941655
v -0.557770 2.061167 0.941655
v -0.560212 2.048889 0.941655
v -0.557770 2.036612 0.941655
v -0.550815 2.026203 0.941655
v -0.540406 2.019248 0.941655
v -0.515851 2.019248 0.944292
v -0.528129 2.016806 0.944292
v -0.505442 2.026203 0.944292
v -0.498487 2.036612 0.944292
v -0.496045 2.048889 0.944292
v -0.498487 2.061167 0.944292
v -0.505442 2.071576 0.944292
v -0.515851 2.078531 0.944292
v -0.528129 2.080973 0.944292
v -0.540406 2.078531 0.944292
v -0.550815 2.071576 0.944292
v -0.557770 2.061167 0.944292
v -0.560212 2.048889 0.944292
v -0.557770 2.036612 0.944292
v -0.550815 2.026203 0.944292
v -0.540406 2.019248 0.944292
v -0.514842 2.016813 0.944292
v -0.528129 2.014170 0.944292
v -0.503578 2.024339 0.944292
v -0.496052 2.035603 0.944292
v -0.493409 2.048889 0.944292
v -0.496052 2.062176 0.944292
v -0.503578 2.073440 0.944292
v -0.514842 2.080966 0.944292
v -0.528129 2.083609 0.944292
v -0.541415 2.080966 0.944292
v -0.552679 2.073440 0.944292
v -0.560205 2.062176 0.944292
v -0.562848 2.048889 0.944292
v -0.560205 2.035603 0.944292
v -0.552679 2.024339 0.944292
v -0.541415 2.016813 0.944292
v -0.514842 2.016813 0.934293
v -0.528129 2.014170 0.934293
v -0.503578 2.024339 0.934293
v -0.496052 2.035603 0.934293
v -0.493409 2.048889 0.934293
v -0.496052 2.062176 0.934293
v -0.503578 2.073440 0.934293
v -0.514842 2.080966 0.934293
v -0.528129 2.083609 0.934293
v -0.541415 2.080966 0.934293
v -0.552679 2.073440 0.934293
v -0.560205 2.062176 0.934293
v -0.562848 2.048889 0.934293
v -0.560205 2.035603 0.934293
v -0.552679 2.024339 0.934293
v -0.541415 2.016813 0.934293
v -0.528129 1.159239 0.944171
v -0.528129 1.159239 0.932118
v -0.517620 1.161330 0.944171
v -0.517620 1.161330 0.932118
v -0.508711 1.167282 0.944171
v -0.508711 1.167282 0.932118
v -0.502759 1.176191 0.944171
v -0.502759 1.176191 0.932118
v -0.500668 1.186700 0.944171
v -0.500668 1.186700 0.932118
v -0.502759 1.197208 0.944171
v -0.502759 1.197208 0.932118
v -0.508711 1.206117 0.944171
v -0.508711 1.206117 0.932118
v -0.517620 1.212069 0.944171
v -0.517620 1.212069 0.932118
v -0.528129 1.214160 0.944171
v -0.528129 1.214160 0.932118
v -0.538637 1.212069 0.944171
v -0.538637 1.212069 0.932118
v -0.547546 1.206117 0.944171
v -0.547546 1.206117 0.932118
v -0.553498 1.197208 0.944171
v -0.553498 1.197208 0.932118
v -0.555589 1.186700 0.944171
v -0.555589 1.186700 0.932118
v -0.553498 1.176191 0.944171
v -0.553498 1.176191 0.932118
v -0.547546 1.167282 0.944171
v -0.547546 1.167282 0.932118
v -0.538637 1.161330 0.944171
v -0.538637 1.161330 0.932118
v -0.534717 1.206117 0.944171
v -0.533649 1.206117 0.944171
v -0.535785 1.206117 0.944171
v -0.534717 1.167282 0.944171
v -0.536440 1.167282 0.944171
v -0.532995 1.167282 0.944171
v -0.537801 1.186700 0.944171
v -0.532959 1.186700 0.944171
v -0.537801 1.197208 0.944171
v -0.532959 1.197208 0.944171
v -0.532995 1.183257 0.944171
v -0.536440 1.183257 0.944171
v -0.532959 1.197208 0.937282
v -0.533649 1.206117 0.937282
v -0.537801 1.197208 0.937282
v -0.535785 1.206117 0.937282
v -0.534717 1.206117 0.937282
v -0.534717 1.183257 0.937282
v -0.534717 1.167282 0.937282
v -0.536440 1.167282 0.937282
v -0.532995 1.167282 0.937282
v -0.536440 1.183257 0.937282
v -0.537801 1.186700 0.937282
v -0.532995 1.183257 0.937282
v -0.532959 1.186700 0.937282
v -0.534717 1.197208 0.937282
v -0.534717 1.186700 0.937282
v -0.515851 1.157058 0.932118
v -0.528129 1.154616 0.932118
v -0.505442 1.164013 0.932118
v -0.498487 1.174422 0.932118
v -0.496045 1.186700 0.932118
v -0.498487 1.198977 0.932118
v -0.505442 1.209386 0.932118
v -0.515851 1.216341 0.932118
v -0.528129 1.218783 0.932118
v -0.540406 1.216341 0.932118
v -0.550815 1.209386 0.932118
v -0.557770 1.198977 0.932118
v -0.560212 1.186700 0.932118
v -0.557770 1.174422 0.932118
v -0.550815 1.164013 0.932118
v -0.540406 1.157058 0.932118
v -0.515851 1.157058 0.934756
v -0.528129 1.154616 0.934756
v -0.505442 1.164013 0.934756
v -0.498487 1.174422 0.934756
v -0.496045 1.186700 0.934756
v -0.498487 1.198977 0.934756
v -0.505442 1.209386 0.934756
v -0.515851 1.216341 0.934756
v -0.528129 1.218783 0.934756
v -0.540406 1.216341 0.934756
v -0.550815 1.209386 0.934756
v -0.557770 1.198977 0.934756
v -0.560212 1.186700 0.934756
v -0.557770 1.174422 0.934756
v -0.550815 1.164013 0.934756
v -0.540406 1.157058 0.934756
v -0.514842 1.154623 0.934756
v -0.528129 1.151980 0.934756
v -0.503578 1.162149 0.934756
v -0.496052 1.173413 0.934756
v -0.493409 1.186700 0.934756
v -0.496052 1.199986 0.934756
v -0.503578 1.211250 0.934756
v -0.514842 1.218776 0.934756
v -0.528129 1.221419 0.934756
v -0.541415 1.218776 0.934756
v -0.552679 1.211250 0.934756
v -0.560205 1.199986 0.934756
v -0.562848 1.186700 0.934756
v -0.560205 1.173413 0.934756
v -0.552679 1.162149 0.934756
v -0.541415 1.154623 0.934756
v -0.514842 1.154623 0.924756
v -0.528129 1.151980 0.924756
v -0.503578 1.162149 0.924756
v -0.496052 1.173413 0.924756
v -0.493409 1.186700 0.924756
v -0.496052 1.199986 0.924756
v -0.503578 1.211250 0.924756
v -0.514842 1.218776 0.924756
v -0.528129 1.221419 0.924756
v -0.541415 1.218776 0.924756
v -0.552679 1.211250 0.924756
v -0.560205 1.199986 0.924756
v -0.562848 1.186700 0.924756
v -0.560205 1.173413 0.924756
v -0.552679 1.162149 0.924756
v -0.541415 1.154623 0.924756
v 0.882326 2.317885 0.913664
v 0.882326 2.317885 0.901611
v 0.892834 2.319975 0.913664
v 0.892834 2.319975 0.901611
v 0.901743 2.325928 0.913664
v 0.901743 2.325928 0.901611
v 0.907696 2.334837 0.913664
v 0.907696 2.334837 0.901611
v 0.909786 2.345345 0.913664
v 0.909786 2.345345 0.901611
v 0.907696 2.355854 0.913664
v 0.907696 2.355854 0.901611
v 0.901743 2.364763 0.913664
v 0.901743 2.364763 0.901611
v 0.892834 2.370715 0.913664
v 0.892834 2.370715 0.901611
v 0.882326 2.372806 0.913664
v 0.882326 2.372806 0.901611
v 0.871817 2.370715 0.913664
v 0.871817 2.370715 0.901611
v 0.862908 2.364763 0.913664
v 0.862908 2.364763 0.901611
v 0.856956 2.355854 0.913664
v 0.856956 2.355854 0.901611
v 0.854865 2.345345 0.913664
v 0.854865 2.345345 0.901611
v 0.856956 2.334837 0.913664
v 0.856956 2.334837 0.901611
v 0.862908 2.325928 0.913664
v 0.862908 2.325928 0.901611
v 0.871817 2.319975 0.913664
v 0.871817 2.319975 0.901611
v 0.875737 2.364763 0.913664
v 0.876805 2.364763 0.913664
v 0.874669 2.364763 0.913664
v 0.875737 2.325928 0.913664
v 0.874014 2.325928 0.913664
v 0.877459 2.325928 0.913664
v 0.872653 2.345345 0.913664
v 0.877495 2.345345 0.913664
v 0.872653 2.355854 0.913664
v 0.877495 2.355854 0.913664
v 0.877459 2.341903 0.913664
v 0.874014 2.341903 0.913664
v 0.877495 2.355854 0.906774
v 0.876805 2.364763 0.906774
v 0.872653 2.355854 0.906774
v 0.874669 2.364763 0.906774
v 0.875737 2.364763 0.906774
v 0.875737 2.341903 0.906774
v 0.875737 2.325928 0.906774
v 0.874014 2.325928 0.906774
v 0.877459 2.325928 0.906774
v 0.874014 2.341903 0.906774
v 0.872653 2.345345 0.906774
v 0.877459 2.341903 0.906774
v 0.877495 2.345345 0.906774
v 0.875737 2.355854 0.906774
v 0.875737 2.345345 0.906774
v 0.894604 2.315704 0.901611
v 0.882326 2.313262 0.901611
v 0.905012 2.322659 0.901611
v 0.911967 2.333067 0.901611
v 0.914409 2.345345 0.901611
v 0.911967 2.357623 0.901611
v 0.905012 2.368032 0.901611
v 0.894604 2.374987 0.901611
v 0.882326 2.377429 0.901611
v 0.870048 2.374987 0.901611
v 0.859639 2.368032 0.901611
v 0.852684 2.357623 0.901611
v 0.850242 2.345345 0.901611
v 0.852684 2.333067 0.901611
v 0.859639 2.322659 0.901611
v 0.870048 2.315704 0.901611
v 0.894604 2.315704 0.904248
v 0.882326 2.313262 0.904248
v 0.905012 2.322659 0.904248
v 0.911967 2.333067 0.904248
v 0.914409 2.345345 0.904248
v 0.911967 2.357623 0.904248
v 0.905012 2.368032 0.904248
v 0.894604 2.374987 0.904248
v 0.882326 2.377429 0.904248
v 0.870048 2.374987 0.904248
v 0.859639 2.368032 0.904248
v 0.852684 2.357623 0.904248
v 0.850242 2.345345 0.904248
v 0.852684 2.333067 0.904248
v 0.859639 2.322659 0.904248
v 0.870048 2.315704 0.904248
v 0.895612 2.313269 0.904248
v 0.882326 2.310626 0.904248
v 0.906876 2.320795 0.904248
v 0.914402 2.332059 0.904248
v 0.917045 2.345345 0.904248
v 0.914402 2.358632 0.904248
v 0.906876 2.369896 0.904248
v 0.895612 2.377422 0.904248
v 0.882326 2.380065 0.904248
v 0.869039 2.377422 0.904248
v 0.857775 2.369896 0.904248
v 0.850249 2.358632 0.904248
v 0.847606 2.345345 0.904248
v 0.850249 2.332059 0.904248
v 0.857775 2.320795 0.904248
v 0.869039 2.313269 0.904248
v 0.895612 2.313269 0.894248
v 0.882326 2.310626 0.894248
v 0.906876 2.320795 0.894248
v 0.914402 2.332059 0.894248
v 0.917045 2.345345 0.894248
v 0.914402 2.358632 0.894248
v 0.906876 2.369896 0.894248
v 0.895612 2.377422 0.894248
v 0.882326 2.380065 0.894248
v 0.869039 2.377422 0.894248
v 0.857775 2.369896 0.894248
v 0.850249 2.358632 0.894248
v 0.847606 2.345345 0.894248
v 0.850249 2.332059 0.894248
v 0.857775 2.320795 0.894248
v 0.869039 2.313269 0.894248
v -0.927826 1.749883 0.963981
v -0.927826 1.929922 0.963981
v -0.927826 1.749883 0.929606
v -0.927826 1.929922 0.929606
v -0.747787 1.749883 0.963981
v -0.747787 1.929922 0.963981
v -0.747787 1.749883 0.929606
v -0.747787 1.929922 0.929606
v -0.909562 1.768147 0.963981
v -0.909562 1.911658 0.963981
v -0.766051 1.911658 0.963981
v -0.766051 1.768147 0.963981
v -0.909562 1.768147 0.933195
v -0.909562 1.911658 0.933195
v -0.766051 1.911658 0.933195
v -0.766051 1.768147 0.933195
v -0.909562 1.763043 0.960402
v -0.909562 1.912096 0.948122
v -0.766051 1.912096 0.948122
v -0.766051 1.763043 0.960402
v -0.756919 1.759015 0.971613
v -0.918694 1.759015 0.971613
v -0.918694 1.920790 0.971613
v -0.756919 1.920790 0.971613
v -0.729106 1.749883 0.963981
v -0.729106 1.929922 0.963981
v -0.729106 1.749883 0.929606
v -0.729106 1.929922 0.929606
v -0.549068 1.749883 0.963981
v -0.549068 1.929922 0.963981
v -0.549068 1.749883 0.929606
v -0.549068 1.929922 0.929606
v -0.710842 1.768147 0.963981
v -0.710842 1.911658 0.963981
v -0.567332 1.911658 0.963981
v -0.567332 1.768147 0.963981
v -0.710842 1.768147 0.933195
v -0.710842 1.911658 0.933195
v -0.567332 1.911658 0.933195
v -0.567332 1.768147 0.933195
v -0.710842 1.763043 0.960402
v -0.710842 1.912096 0.948122
v -0.567332 1.912096 0.948122
v -0.567332 1.763043 0.960402
v -0.558200 1.759015 0.971613
v -0.719974 1.759015 0.971613
v -0.719974 1.920790 0.971613
v -0.558200 1.920790 0.971613
v -0.922044 2.208628 0.964251
v -0.922044 2.381340 0.964251
v -0.922044 2.208628 0.931275
v -0.922044 2.381340 0.931275
v -0.749332 2.208628 0.964251
v -0.749332 2.381340 0.964251
v -0.749332 2.208628 0.931275
v -0.749332 2.381340 0.931275
v -0.904523 2.226149 0.964251
v -0.904523 2.363820 0.964251
v -0.766853 2.363820 0.964251
v -0.766853 2.226149 0.964251
v -0.904523 2.226149 0.959811
v -0.904523 2.363820 0.959811
v -0.766853 2.363820 0.959811
v -0.766853 2.226149 0.959811
v -0.758092 2.217388 0.971572
v -0.913284 2.217388 0.971572
v -0.913284 2.372580 0.971572
v -0.758092 2.372580 0.971572
v -0.843308 2.248559 0.954731
v -0.775533 2.248559 0.954731
v -0.843308 2.341410 0.954731
v -0.775533 2.341410 0.954731
v -0.843308 2.248559 0.959811
v -0.843308 2.341410 0.959811
v -0.775533 2.248559 0.959811
v -0.775533 2.341410 0.959811
v -0.885933 2.348552 0.948399
v -0.885933 2.241416 0.948399
v -0.893587 2.217388 0.971572
v -0.883424 2.217388 0.971572
v -0.883424 2.372580 0.971572
v -0.893587 2.372580 0.971572
v -0.885933 2.363820 0.959811
v -0.875843 2.363820 0.959811
v -0.885933 2.226149 0.959811
v -0.875843 2.226149 0.959811
v -0.875825 2.363820 0.964251
v -0.885951 2.363820 0.964251
v -0.875825 2.226149 0.964251
v -0.885951 2.226149 0.964251
v -0.901195 2.381340 0.964251
v -0.891051 2.381340 0.964251
v -0.891051 2.208628 0.964251
v -0.901195 2.208628 0.964251
v -0.901185 2.381340 0.931275
v -0.891060 2.381340 0.931275
v -0.891060 2.208628 0.931275
v -0.901185 2.208628 0.931275
v -0.875843 2.241416 0.948399
v -0.875843 2.348552 0.948399
v -0.758092 2.348552 0.971572
v -0.758092 2.241416 0.971572
v -0.913284 2.348552 0.971572
v -0.913284 2.241416 0.971572
v -0.766853 2.348552 0.959811
v -0.766853 2.241416 0.959811
v -0.904523 2.348552 0.959811
v -0.904523 2.241416 0.959811
v -0.766853 2.241416 0.964251
v -0.766853 2.348552 0.964251
v -0.904523 2.348552 0.964251
v -0.904523 2.241416 0.964251
v -0.749332 2.241416 0.964251
v -0.749332 2.348552 0.964251
v -0.749332 2.348552 0.931275
v -0.749332 2.241416 0.931275
v -0.922044 2.241416 0.931275
v -0.922044 2.348552 0.931275
v -0.922044 2.241416 0.964251
v -0.922044 2.348552 0.964251
v -0.885933 2.241416 0.959811
v -0.885933 2.348552 0.959811
v -0.875843 2.348552 0.959811
v -0.875843 2.241416 0.959811
v -0.776616 2.339926 0.954731
v -0.842225 2.339926 0.954731
v -0.842225 2.250042 0.954731
v -0.776616 2.250042 0.954731
v -0.776616 2.339926 0.964212
v -0.776616 2.250042 0.964212
v -0.842225 2.250042 0.964212
v -0.842225 2.339926 0.964212
v -0.732044 2.208628 0.964251
v -0.732044 2.381340 0.964251
v -0.732044 2.208628 0.931275
v -0.732044 2.381340 0.931275
v -0.559332 2.208628 0.964251
v -0.559332 2.381340 0.964251
v -0.559332 2.208628 0.931275
v -0.559332 2.381340 0.931275
v -0.714523 2.226149 0.964251
v -0.714523 2.363820 0.964251
v -0.576853 2.363820 0.964251
v -0.576853 2.226149 0.964251
v -0.714523 2.226149 0.959811
v -0.714523 2.363820 0.959811
v -0.576853 2.363820 0.959811
v -0.576853 2.226149 0.959811
v -0.568092 2.217388 0.971572
v -0.723284 2.217388 0.971572
v -0.723284 2.372580 0.971572
v -0.568092 2.372580 0.971572
v -0.653308 2.248559 0.954731
v -0.585533 2.248559 0.954731
v -0.653308 2.341410 0.954731
v -0.585533 2.341410 0.954731
v -0.653308 2.248559 0.959811
v -0.653308 2.341410 0.959811
v -0.585533 2.248559 0.959811
v -0.585533 2.341410 0.959811
v -0.695933 2.348552 0.948399
v -0.695933 2.241416 0.948399
v -0.703587 2.217388 0.971572
v -0.693424 2.217388 0.971572
v -0.693424 2.372580 0.971572
v -0.703587 2.372580 0.971572
v -0.695933 2.363820 0.959811
v -0.685843 2.363820 0.959811
v -0.695933 2.226149 0.959811
v -0.685843 2.226149 0.959811
v -0.685825 2.363820 0.964251
v -0.695951 2.363820 0.964251
v -0.685825 2.226149 0.964251
v -0.695951 2.226149 0.964251
v -0.711195 2.381340 0.964251
v -0.701051 2.381340 0.964251
v -0.701051 2.208628 0.964251
v -0.711195 2.208628 0.964251
v -0.711185 2.381340 0.931275
v -0.701060 2.381340 0.931275
v -0.701060 2.208628 0.931275
v -0.711185 2.208628 0.931275
v -0.685843 2.241416 0.948399
v -0.685843 2.348552 0.948399
v -0.568092 2.348552 0.971572
v -0.568092 2.241416 0.971572
v -0.723284 2.348552 0.971572
v -0.723284 2.241416 0.971572
v -0.576853 2.348552 0.959811
v -0.576853 2.241416 0.959811
v -0.714523 2.348552 0.959811
v -0.714523 2.241416 0.959811
v -0.576853 2.241416 0.964251
v -0.576853 2.348552 0.964251
v -0.714523 2.348552 0.964251
v -0.714523 2.241416 0.964251
v -0.559332 2.241416 0.964251
v -0.559332 2.348552 0.964251
v -0.559332 2.348552 0.931275
v -0.559332 2.241416 0.931275
v -0.732044 2.241416 0.931275
v -0.732044 2.348552 0.931275
v -0.732044 2.241416 0.964251
v -0.732044 2.348552 0.964251
v -0.695933 2.241416 0.959811
v -0.695933 2.348552 0.959811
v -0.685843 2.348552 0.959811
v -0.685843 2.241416 0.959811
v -0.586616 2.339926 0.954731
v -0.652225 2.339926 0.954731
v -0.652225 2.250042 0.954731
v -0.586616 2.250042 0.954731
v -0.586616 2.339926 0.964212
v -0.586616 2.250042 0.964212
v -0.652225 2.250042 0.964212
v -0.652225 2.339926 0.964212
v 0.520580 3.062012 0.203912
v 0.546016 3.062012 0.208971
v 0.567579 3.062012 0.223380
v 0.581987 3.062012 0.244943
v 0.587047 3.062012 0.270379
v 0.581987 3.062012 0.295815
v 0.567579 3.062012 0.317378
v 0.546016 3.062012 0.331786
v 0.520580 3.062012 0.336846
v 0.495144 3.062012 0.331786
v 0.473581 3.062012 0.317378
v 0.459173 3.062012 0.295815
v 0.454113 3.062012 0.270379
v 0.459173 3.062012 0.244943
v 0.473581 3.062012 0.223380
v 0.495144 3.062012 0.208971
v 0.520580 3.089685 0.214759
v 0.520580 3.079046 0.203912
v 0.520580 3.086570 0.207089
v 0.541865 3.089685 0.218993
v 0.546016 3.079046 0.208971
v 0.544800 3.086570 0.211907
v 0.559909 3.089685 0.231050
v 0.567579 3.079046 0.223380
v 0.565333 3.086570 0.225626
v 0.571966 3.089685 0.249094
v 0.581987 3.079046 0.244943
v 0.579052 3.086570 0.246159
v 0.576199 3.089685 0.270379
v 0.587047 3.079046 0.270379
v 0.583870 3.086570 0.270379
v 0.571966 3.089685 0.291663
v 0.581987 3.079046 0.295815
v 0.579052 3.086570 0.294599
v 0.559909 3.089685 0.309708
v 0.567579 3.079046 0.317378
v 0.565333 3.086570 0.315131
v 0.541865 3.089685 0.321764
v 0.546016 3.079046 0.331786
v 0.544800 3.086570 0.328851
v 0.520580 3.089685 0.325998
v 0.520580 3.079046 0.336846
v 0.520580 3.086570 0.333668
v 0.499295 3.089685 0.321764
v 0.495144 3.079046 0.331786
v 0.496360 3.086570 0.328851
v 0.481251 3.089685 0.309708
v 0.473581 3.079046 0.317378
v 0.475827 3.086570 0.315131
v 0.469194 3.089685 0.291663
v 0.459173 3.079046 0.295815
v 0.462108 3.086570 0.294599
v 0.464961 3.089685 0.270379
v 0.454113 3.079046 0.270379
v 0.457290 3.086570 0.270379
v 0.469194 3.089685 0.249094
v 0.459173 3.079046 0.244943
v 0.462108 3.086570 0.246159
v 0.481251 3.089685 0.231050
v 0.473581 3.079046 0.223380
v 0.475827 3.086570 0.225626
v 0.499295 3.089685 0.218993
v 0.495144 3.079046 0.208971
v 0.496360 3.086570 0.211907
v 0.691422 3.062012 0.377260
v 0.716858 3.062012 0.382320
v 0.738422 3.062012 0.396728
v 0.752830 3.062012 0.418291
v 0.757889 3.062012 0.443727
v 0.752830 3.062012 0.469163
v 0.738422 3.062012 0.490726
v 0.716858 3.062012 0.505134
v 0.691422 3.062012 0.510194
v 0.665987 3.062012 0.505134
v 0.644423 3.062012 0.490726
v 0.630015 3.062012 0.469163
v 0.624956 3.062012 0.443727
v 0.630015 3.062012 0.418291
v 0.644423 3.062012 0.396728
v 0.665987 3.062012 0.382320
v 0.691422 3.089685 0.388108
v 0.691422 3.079046 0.377260
v 0.691422 3.086570 0.380437
v 0.712707 3.089685 0.392341
v 0.716858 3.079046 0.382320
v 0.715642 3.086570 0.385255
v 0.730751 3.089685 0.404398
v 0.738422 3.079046 0.396728
v 0.736175 3.086570 0.398974
v 0.742808 3.089685 0.422442
v 0.752830 3.079046 0.418291
v 0.749895 3.086570 0.419507
v 0.747042 3.089685 0.443727
v 0.757889 3.079046 0.443727
v 0.754712 3.086570 0.443727
v 0.742808 3.089685 0.465012
v 0.752830 3.079046 0.469163
v 0.749895 3.086570 0.467947
v 0.730751 3.089685 0.483056
v 0.738422 3.079046 0.490726
v 0.736175 3.086570 0.488480
v 0.712707 3.089685 0.495113
v 0.716858 3.079046 0.505134
v 0.715642 3.086570 0.502199
v 0.691422 3.089685 0.499346
v 0.691422 3.079046 0.510194
v 0.691422 3.086570 0.507017
v 0.670138 3.089685 0.495113
v 0.665987 3.079046 0.505134
v 0.667203 3.086570 0.502199
v 0.652094 3.089685 0.483056
v 0.644423 3.079046 0.490726
v 0.646670 3.086570 0.488480
v 0.640037 3.089685 0.465012
v 0.630015 3.079046 0.469163
v 0.632950 3.086570 0.467947
v 0.635803 3.089685 0.443727
v 0.624956 3.079046 0.443727
v 0.628133 3.086570 0.443727
v 0.640037 3.089685 0.422442
v 0.630015 3.079046 0.418291
v 0.632950 3.086570 0.419507
v 0.652094 3.089685 0.404398
v 0.644423 3.079046 0.396728
v 0.646670 3.086570 0.398974
v 0.670138 3.089685 0.392341
v 0.665987 3.079046 0.382320
v 0.667203 3.086570 0.385255
v 0.340942 3.062012 0.377260
v 0.366377 3.062012 0.382320
v 0.387941 3.062012 0.396728
v 0.402349 3.062012 0.418291
v 0.407408 3.062012 0.443727
v 0.402349 3.062012 0.469163
v 0.387941 3.062012 0.490726
v 0.366377 3.062012 0.505134
v 0.340942 3.062012 0.510194
v 0.315506 3.062012 0.505134
v 0.293942 3.062012 0.490726
v 0.279534 3.062012 0.469163
v 0.274475 3.062012 0.443727
v 0.279534 3.062012 0.418291
v 0.293942 3.062012 0.396728
v 0.315506 3.062012 0.382320
v 0.340942 3.089685 0.388108
v 0.340942 3.079046 0.377260
v 0.340942 3.086570 0.380437
v 0.362226 3.089685 0.392341
v 0.366377 3.079046 0.382320
v 0.365162 3.086570 0.385255
v 0.380270 3.089685 0.404398
v 0.387941 3.079046 0.396728
v 0.385694 3.086570 0.398974
v 0.392327 3.089685 0.422442
v 0.402349 3.079046 0.418291
v 0.399414 3.086570 0.419507
v 0.396561 3.089685 0.443727
v 0.407408 3.079046 0.443727
v 0.404231 3.086570 0.443727
v 0.392327 3.089685 0.465012
v 0.402349 3.079046 0.469163
v 0.399414 3.086570 0.467947
v 0.380270 3.089685 0.483056
v 0.387941 3.079046 0.490726
v 0.385694 3.086570 0.488480
v 0.362226 3.089685 0.495113
v 0.366377 3.079046 0.505134
v 0.365162 3.086570 0.502199
v 0.340942 3.089685 0.499346
v 0.340942 3.079046 0.510194
v 0.340942 3.086570 0.507017
v 0.319657 3.089685 0.495113
v 0.315506 3.079046 0.505134
v 0.316722 3.086570 0.502199
v 0.301613 3.089685 0.483056
v 0.293942 3.079046 0.490726
v 0.296189 3.086570 0.488480
v 0.289556 3.089685 0.465012
v 0.279534 3.079046 0.469163
v 0.282470 3.086570 0.467947
v 0.285322 3.089685 0.443727
v 0.274475 3.079046 0.443727
v 0.277652 3.086570 0.443727
v 0.289556 3.089685 0.422442
v 0.279534 3.079046 0.418291
v 0.282470 3.086570 0.419507
v 0.301613 3.089685 0.404398
v 0.293942 3.079046 0.396728
v 0.296189 3.086570 0.398974
v 0.319657 3.089685 0.392341
v 0.315506 3.079046 0.382320
v 0.316722 3.086570 0.385255
v 0.520580 3.062012 0.544322
v 0.546016 3.062012 0.549381
v 0.567579 3.062012 0.563789
v 0.581987 3.062012 0.585353
v 0.587047 3.062012 0.610788
v 0.581987 3.062012 0.636224
v 0.567579 3.062012 0.657788
v 0.546016 3.062012 0.672196
v 0.520580 3.062012 0.677255
v 0.495144 3.062012 0.672196
v 0.473581 3.062012 0.657788
v 0.459173 3.062012 0.636224
v 0.454113 3.062012 0.610788
v 0.459173 3.062012 0.585353
v 0.473581 3.062012 0.563789
v 0.495144 3.062012 0.549381
v 0.520580 3.089685 0.555169
v 0.520580 3.079046 0.544322
v 0.520580 3.086570 0.547499
v 0.541865 3.089685 0.559403
v 0.546016 3.079046 0.549381
v 0.544800 3.086570 0.552316
v 0.559909 3.089685 0.571460
v 0.567579 3.079046 0.563789
v 0.565333 3.086570 0.566036
v 0.571966 3.089685 0.589504
v 0.581987 3.079046 0.585353
v 0.579052 3.086570 0.586568
v 0.576199 3.089685 0.610788
v 0.587047 3.079046 0.610788
v 0.583870 3.086570 0.610788
v 0.571966 3.089685 0.632073
v 0.581987 3.079046 0.636224
v 0.579052 3.086570 0.635008
v 0.559909 3.089685 0.650117
v 0.567579 3.079046 0.657788
v 0.565333 3.086570 0.655541
v 0.541865 3.089685 0.662174
v 0.546016 3.079046 0.672196
v 0.544800 3.086570 0.669260
v 0.520580 3.089685 0.666408
v 0.520580 3.079046 0.677255
v 0.520580 3.086570 0.674078
v 0.499295 3.089685 0.662174
v 0.495144 3.079046 0.672196
v 0.496360 3.086570 0.669261
v 0.481251 3.089685 0.650117
v 0.473581 3.079046 0.657788
v 0.475827 3.086570 0.655541
v 0.469194 3.089685 0.632073
v 0.459173 3.079046 0.636224
v 0.462108 3.086570 0.635008
v 0.464961 3.089685 0.610788
v 0.454113 3.079046 0.610788
v 0.457290 3.086570 0.610788
v 0.469194 3.089685 0.589504
v 0.459173 3.079046 0.585353
v 0.462108 3.086570 0.586568
v 0.481251 3.089685 0.571460
v 0.473581 3.079046 0.563789
v 0.475827 3.086570 0.566036
v 0.499295 3.089685 0.559403
v 0.495144 3.079046 0.549381
v 0.496360 3.086570 0.552316
v -0.070148 3.062012 0.079729
v -0.033811 3.062012 0.086957
v -0.003006 3.062012 0.107540
v 0.017577 3.062012 0.138344
v 0.024804 3.062012 0.174681
v 0.017577 3.062012 0.211017
v -0.003006 3.062012 0.241822
v -0.033811 3.062012 0.262405
v -0.070148 3.062012 0.269633
v -0.106484 3.062012 0.262405
v -0.137289 3.062012 0.241822
v -0.157872 3.062012 0.211017
v -0.165099 3.062012 0.174681
v -0.157872 3.062012 0.138344
v -0.137289 3.062012 0.107540
v -0.106484 3.062012 0.086957
v -0.070148 3.089685 0.095225
v -0.070148 3.079046 0.079729
v -0.070148 3.086570 0.084268
v -0.039741 3.089685 0.101273
v -0.033811 3.079046 0.086957
v -0.035548 3.086570 0.091150
v -0.013964 3.089685 0.118497
v -0.003006 3.079046 0.107540
v -0.006216 3.086570 0.110749
v 0.003260 3.089685 0.144274
v 0.017577 3.079046 0.138344
v 0.013383 3.086570 0.140081
v 0.009308 3.089685 0.174681
v 0.024804 3.079046 0.174681
v 0.020266 3.086570 0.174681
v 0.003260 3.089685 0.205087
v 0.017577 3.079046 0.211017
v 0.013383 3.086570 0.209280
v -0.013964 3.089685 0.230864
v -0.003006 3.079046 0.241822
v -0.006216 3.086570 0.238612
v -0.039741 3.089685 0.248088
v -0.033811 3.079046 0.262405
v -0.035548 3.086570 0.258212
v -0.070148 3.089685 0.254136
v -0.070148 3.079046 0.269633
v -0.070148 3.086570 0.265094
v -0.100554 3.089685 0.248088
v -0.106484 3.079046 0.262405
v -0.104747 3.086570 0.258212
v -0.126331 3.089685 0.230864
v -0.137289 3.079046 0.241822
v -0.134079 3.086570 0.238612
v -0.143555 3.089685 0.205087
v -0.157872 3.079046 0.211017
v -0.153678 3.086570 0.209280
v -0.149603 3.089685 0.174681
v -0.165099 3.079046 0.174681
v -0.160561 3.086570 0.174681
v -0.143555 3.089685 0.144274
v -0.157872 3.079046 0.138344
v -0.153678 3.086570 0.140081
v -0.126331 3.089685 0.118497
v -0.137289 3.079046 0.107540
v -0.134079 3.086570 0.110749
v -0.100554 3.089685 0.101273
v -0.106484 3.079046 0.086957
v -0.104747 3.086570 0.091150
v -0.070947 3.055287 0.073094
v -0.032806 3.055287 0.080681
v -0.000472 3.055287 0.102286
v 0.021133 3.055287 0.134620
v 0.028720 3.055287 0.172762
v 0.021133 3.055287 0.210903
v -0.000472 3.055287 0.243237
v -0.032806 3.055287 0.264842
v -0.070947 3.055287 0.272430
v -0.109088 3.055287 0.264842
v -0.141423 3.055287 0.243237
v -0.163028 3.055287 0.210903
v -0.170614 3.055287 0.172762
v -0.163028 3.055287 0.134620
v -0.141423 3.055287 0.102286
v -0.109088 3.055287 0.080681
v -0.070947 3.066426 0.073094
v -0.032806 3.066426 0.080681
v -0.000472 3.066426 0.102286
v 0.021133 3.066426 0.134620
v 0.028720 3.066426 0.172762
v 0.021133 3.066426 0.210903
v -0.000472 3.066426 0.243237
v -0.032806 3.066426 0.264842
v -0.070947 3.066426 0.272430
v -0.109088 3.066426 0.264842
v -0.141423 3.066426 0.243237
v -0.163028 3.066426 0.210903
v -0.170614 3.066426 0.172762
v -0.163028 3.066426 0.134620
v -0.141423 3.066426 0.102286
v -0.109088 3.066426 0.080681
v -0.070947 3.066426 0.058465
v -0.027208 3.066426 0.067167
v 0.009872 3.066426 0.091943
v 0.034648 3.066426 0.129022
v 0.043348 3.066426 0.172762
v 0.034648 3.066426 0.216501
v 0.009872 3.066426 0.253581
v -0.027208 3.066426 0.278357
v -0.070947 3.066426 0.287058
v -0.114686 3.066426 0.278357
v -0.151766 3.066426 0.253581
v -0.176543 3.066426 0.216501
v -0.185243 3.066426 0.172762
v -0.176543 3.066426 0.129022
v -0.151766 3.066426 0.091943
v -0.114686 3.066426 0.067167
v -0.070947 3.060268 0.058465
v -0.027208 3.060268 0.067167
v 0.009872 3.060268 0.091943
v 0.034648 3.060268 0.129022
v 0.043348 3.060268 0.172762
v 0.034648 3.060268 0.216501
v 0.009872 3.060268 0.253581
v -0.027208 3.060268 0.278357
v -0.070947 3.060268 0.287058
v -0.114686 3.060268 0.278357
v -0.151766 3.060268 0.253581
v -0.176543 3.060268 0.216501
v -0.185243 3.060268 0.172762
v -0.176543 3.060268 0.129022
v -0.151766 3.060268 0.091943
v -0.114686 3.060268 0.067167
v -0.070947 3.060268 0.048859
v -0.023532 3.060268 0.058292
v 0.016665 3.060268 0.085150
v 0.043524 3.060268 0.125346
v 0.052955 3.060268 0.172762
v 0.043524 3.060268 0.220177
v 0.016665 3.060268 0.260374
v -0.023532 3.060268 0.287232
v -0.070947 3.060268 0.296664
v -0.118363 3.060268 0.287232
v -0.158559 3.060268 0.260374
v -0.185418 3.060268 0.220177
v -0.194849 3.060268 0.172762
v -0.185418 3.060268 0.125346
v -0.158559 3.060268 0.085150
v -0.118363 3.060268 0.058292
v -0.070947 3.045413 0.048859
v -0.023532 3.045413 0.058292
v 0.016665 3.045413 0.085150
v 0.043524 3.045413 0.125346
v 0.052955 3.045413 0.172762
v 0.043524 3.045413 0.220177
v 0.016665 3.045413 0.260374
v -0.023532 3.045413 0.287232
v -0.070947 3.045413 0.296664
v -0.118363 3.045413 0.287232
v -0.158559 3.045413 0.260374
v -0.185418 3.045413 0.220177
v -0.194849 3.045413 0.172762
v -0.185418 3.045413 0.125346
v -0.158559 3.045413 0.085150
v -0.118363 3.045413 0.058292
v 0.520020 3.055287 0.199268
v 0.546719 3.055287 0.204579
v 0.569353 3.055287 0.219703
v 0.584477 3.055287 0.242337
v 0.589788 3.055287 0.269036
v 0.584477 3.055287 0.295735
v 0.569353 3.055287 0.318369
v 0.546719 3.055287 0.333493
v 0.520020 3.055287 0.338804
v 0.493321 3.055287 0.333493
v 0.470687 3.055287 0.318369
v 0.455563 3.055287 0.295735
v 0.450252 3.055287 0.269036
v 0.455563 3.055287 0.242337
v 0.470687 3.055287 0.219703
v 0.493321 3.055287 0.204579
v 0.520020 3.066426 0.199268
v 0.546719 3.066426 0.204579
v 0.569353 3.066426 0.219703
v 0.584477 3.066426 0.242337
v 0.589788 3.066426 0.269036
v 0.584477 3.066426 0.295735
v 0.569353 3.066426 0.318369
v 0.546719 3.066426 0.333493
v 0.520020 3.066426 0.338804
v 0.493321 3.066426 0.333493
v 0.470687 3.066426 0.318369
v 0.455563 3.066426 0.295735
v 0.450252 3.066426 0.269036
v 0.455563 3.066426 0.242337
v 0.470687 3.066426 0.219703
v 0.493321 3.066426 0.204579
v 0.520020 3.066426 0.189028
v 0.550638 3.066426 0.195119
v 0.576594 3.066426 0.212462
v 0.593938 3.066426 0.238418
v 0.600028 3.066426 0.269036
v 0.593938 3.066426 0.299654
v 0.576594 3.066426 0.325610
v 0.550638 3.066426 0.342953
v 0.520020 3.066426 0.349044
v 0.489402 3.066426 0.342953
v 0.463446 3.066426 0.325610
v 0.446103 3.066426 0.299654
v 0.440013 3.066426 0.269036
v 0.446103 3.066426 0.238418
v 0.463446 3.066426 0.212462
v 0.489402 3.066426 0.195119
v 0.520020 3.060268 0.189028
v 0.550638 3.060268 0.195119
v 0.576594 3.060268 0.212462
v 0.593938 3.060268 0.238418
v 0.600028 3.060268 0.269036
v 0.593938 3.060268 0.299654
v 0.576594 3.060268 0.325610
v 0.550638 3.060268 0.342953
v 0.520020 3.060268 0.349044
v 0.489402 3.060268 0.342953
v 0.463446 3.060268 0.325610
v 0.446103 3.060268 0.299654
v 0.440013 3.060268 0.269036
v 0.446103 3.060268 0.238418
v 0.463446 3.060268 0.212462
v 0.489402 3.060268 0.195119
v 0.520020 3.060268 0.182304
v 0.553211 3.060268 0.188906
v 0.581349 3.060268 0.207707
v 0.600150 3.060268 0.235845
v 0.606752 3.060268 0.269036
v 0.600150 3.060268 0.302227
v 0.581349 3.060268 0.330365
v 0.553211 3.060268 0.349166
v 0.520020 3.060268 0.355768
v 0.486829 3.060268 0.349166
v 0.458691 3.060268 0.330365
v 0.439890 3.060268 0.302227
v 0.433288 3.060268 0.269036
v 0.439890 3.060268 0.235845
v 0.458691 3.060268 0.207707
v 0.486829 3.060268 0.188906
v 0.520020 3.045413 0.182304
v 0.553211 3.045413 0.188906
v 0.581349 3.045413 0.207707
v 0.600150 3.045413 0.235845
v 0.606752 3.045413 0.269036
v 0.600150 3.045413 0.302227
v 0.581349 3.045413 0.330365
v 0.553211 3.045413 0.349166
v 0.520020 3.045413 0.355768
v 0.486829 3.045413 0.349166
v 0.458691 3.045413 0.330365
v 0.439890 3.045413 0.302227
v 0.433288 3.045413 0.269036
v 0.439890 3.045413 0.235845
v 0.458691 3.045413 0.207707
v 0.486829 3.045413 0.188906
v 0.690863 3.055287 0.372616
v 0.717561 3.055287 0.377927
v 0.740196 3.055287 0.393051
v 0.755319 3.055287 0.415685
v 0.760630 3.055287 0.442384
v 0.755319 3.055287 0.469083
v 0.740196 3.055287 0.491717
v 0.717561 3.055287 0.506841
v 0.690863 3.055287 0.512152
v 0.664164 3.055287 0.506841
v 0.641529 3.055287 0.491717
v 0.626406 3.055287 0.469083
v 0.621095 3.055287 0.442384
v 0.626406 3.055287 0.415685
v 0.641529 3.055287 0.393051
v 0.664164 3.055287 0.377927
v 0.690863 3.066426 0.372616
v 0.717561 3.066426 0.377927
v 0.740196 3.066426 0.393051
v 0.755319 3.066426 0.415685
v 0.760630 3.066426 0.442384
v 0.755319 3.066426 0.469083
v 0.740196 3.066426 0.491717
v 0.717561 3.066426 0.506841
v 0.690863 3.066426 0.512152
v 0.664164 3.066426 0.506841
v 0.641529 3.066426 0.491717
v 0.626406 3.066426 0.469083
v 0.621095 3.066426 0.442384
v 0.626406 3.066426 0.415685
v 0.641529 3.066426 0.393051
v 0.664164 3.066426 0.377927
v 0.690863 3.066426 0.362376
v 0.721480 3.066426 0.368467
v 0.747436 3.066426 0.385810
v 0.764780 3.066426 0.411766
v 0.770870 3.066426 0.442384
v 0.764780 3.066426 0.473002
v 0.747436 3.066426 0.498958
v 0.721480 3.066426 0.516301
v 0.690863 3.066426 0.522392
v 0.660245 3.066426 0.516301
v 0.634289 3.066426 0.498958
v 0.616945 3.066426 0.473002
v 0.610855 3.066426 0.442384
v 0.616945 3.066426 0.411766
v 0.634289 3.066426 0.385810
v 0.660245 3.066426 0.368467
v 0.690863 3.060268 0.362376
v 0.721480 3.060268 0.368467
v 0.747436 3.060268 0.385810
v 0.764780 3.060268 0.411766
v 0.770870 3.060268 0.442384
v 0.764780 3.060268 0.473002
v 0.747436 3.060268 0.498958
v 0.721480 3.060268 0.516301
v 0.690863 3.060268 0.522392
v 0.660245 3.060268 0.516301
v 0.634289 3.060268 0.498958
v 0.616945 3.060268 0.473002
v 0.610855 3.060268 0.442384
v 0.616945 3.060268 0.411766
v 0.634289 3.060268 0.385810
v 0.660245 3.060268 0.368467
v 0.690863 3.060268 0.355652
v 0.724054 3.060268 0.362254
v 0.752191 3.060268 0.381055
v 0.770993 3.060268 0.409193
v 0.777595 3.060268 0.442384
v 0.770993 3.060268 0.475575
v 0.752191 3.060268 0.503713
v 0.724053 3.060268 0.522514
v 0.690863 3.060268 0.529117
v 0.657672 3.060268 0.522514
v 0.629534 3.060268 0.503713
v 0.610732 3.060268 0.475575
v 0.604130 3.060268 0.442384
v 0.610732 3.060268 0.409193
v 0.629534 3.060268 0.381055
v 0.657672 3.060268 0.362254
v 0.690863 3.045413 0.355652
v 0.724054 3.045413 0.362254
v 0.752191 3.045413 0.381055
v 0.770993 3.045413 0.409193
v 0.777595 3.045413 0.442384
v 0.770993 3.045413 0.475575
v 0.752191 3.045413 0.503713
v 0.724053 3.045413 0.522514
v 0.690863 3.045413 0.529117
v 0.657672 3.045413 0.522514
v 0.629534 3.045413 0.503713
v 0.610732 3.045413 0.475575
v 0.604130 3.045413 0.442384
v 0.610732 3.045413 0.409193
v 0.629534 3.045413 0.381055
v 0.657672 3.045413 0.362254
v 0.340382 3.055287 0.372616
v 0.367081 3.055287 0.377927
v 0.389715 3.055287 0.393051
v 0.404839 3.055287 0.415685
v 0.410149 3.055287 0.442384
v 0.404839 3.055287 0.469083
v 0.389715 3.055287 0.491717
v 0.367081 3.055287 0.506841
v 0.340382 3.055287 0.512152
v 0.313683 3.055287 0.506841
v 0.291048 3.055287 0.491717
v 0.275925 3.055287 0.469083
v 0.270614 3.055287 0.442384
v 0.275925 3.055287 0.415685
v 0.291049 3.055287 0.393051
v 0.313683 3.055287 0.377927
v 0.340382 3.066426 0.372616
v 0.367081 3.066426 0.377927
v 0.389715 3.066426 0.393051
v 0.404839 3.066426 0.415685
v 0.410149 3.066426 0.442384
v 0.404839 3.066426 0.469083
v 0.389715 3.066426 0.491717
v 0.367081 3.066426 0.506841
v 0.340382 3.066426 0.512152
v 0.313683 3.066426 0.506841
v 0.291048 3.066426 0.491717
v 0.275925 3.066426 0.469083
v 0.270614 3.066426 0.442384
v 0.275925 3.066426 0.415685
v 0.291049 3.066426 0.393051
v 0.313683 3.066426 0.377927
v 0.340382 3.066426 0.362376
v 0.370999 3.066426 0.368467
v 0.396956 3.066426 0.385810
v 0.414299 3.066426 0.411766
v 0.420389 3.066426 0.442384
v 0.414299 3.066426 0.473002
v 0.396956 3.066426 0.498958
v 0.370999 3.066426 0.516301
v 0.340382 3.066426 0.522392
v 0.309764 3.066426 0.516301
v 0.283808 3.066426 0.498958
v 0.266464 3.066426 0.473002
v 0.260374 3.066426 0.442384
v 0.266464 3.066426 0.411766
v 0.283808 3.066426 0.385810
v 0.309764 3.066426 0.368467
v 0.340382 3.060268 0.362376
v 0.370999 3.060268 0.368467
v 0.396956 3.060268 0.385810
v 0.414299 3.060268 0.411766
v 0.420389 3.060268 0.442384
v 0.414299 3.060268 0.473002
v 0.396956 3.060268 0.498958
v 0.370999 3.060268 0.516301
v 0.340382 3.060268 0.522392
v 0.309764 3.060268 0.516301
v 0.283808 3.060268 0.498958
v 0.266464 3.060268 0.473002
v 0.260374 3.060268 0.442384
v 0.266464 3.060268 0.411766
v 0.283808 3.060268 0.385810
v 0.309764 3.060268 0.368467
v 0.340382 3.060268 0.355652
v 0.373573 3.060268 0.362254
v 0.401711 3.060268 0.381055
v 0.420512 3.060268 0.409193
v 0.427114 3.060268 0.442384
v 0.420512 3.060268 0.475575
v 0.401711 3.060268 0.503713
v 0.373573 3.060268 0.522514
v 0.340382 3.060268 0.529117
v 0.307191 3.060268 0.522514
v 0.279053 3.060268 0.503713
v 0.260252 3.060268 0.475575
v 0.253650 3.060268 0.442384
v 0.260252 3.060268 0.409193
v 0.279053 3.060268 0.381055
v 0.307191 3.060268 0.362254
v 0.340382 3.045413 0.355652
v 0.373573 3.045413 0.362254
v 0.401711 3.045413 0.381055
v 0.420512 3.045413 0.409193
v 0.427114 3.045413 0.442384
v 0.420512 3.045413 0.475575
v 0.401711 3.045413 0.503713
v 0.373573 3.045413 0.522514
v 0.340382 3.045413 0.529117
v 0.307191 3.045413 0.522514
v 0.279053 3.045413 0.503713
v 0.260252 3.045413 0.475575
v 0.253650 3.045413 0.442384
v 0.260252 3.045413 0.409193
v 0.279053 3.045413 0.381055
v 0.307191 3.045413 0.362254
v 0.520020 3.055287 0.539678
v 0.546719 3.055287 0.544989
v 0.569353 3.055287 0.560112
v 0.584477 3.055287 0.582746
v 0.589788 3.055287 0.609446
v 0.584477 3.055287 0.636145
v 0.569353 3.055287 0.658779
v 0.546719 3.055287 0.673903
v 0.520020 3.055287 0.679214
v 0.493321 3.055287 0.673903
v 0.470687 3.055287 0.658779
v 0.455563 3.055287 0.636145
v 0.450252 3.055287 0.609446
v 0.455563 3.055287 0.582746
v 0.470687 3.055287 0.560112
v 0.493321 3.055287 0.544989
v 0.520020 3.066426 0.539678
v 0.546719 3.066426 0.544989
v 0.569353 3.066426 0.560112
v 0.584477 3.066426 0.582746
v 0.589788 3.066426 0.609446
v 0.584477 3.066426 0.636145
v 0.569353 3.066426 0.658779
v 0.546719 3.066426 0.673903
v 0.520020 3.066426 0.679214
v 0.493321 3.066426 0.673903
v 0.470687 3.066426 0.658779
v 0.455563 3.066426 0.636145
v 0.450252 3.066426 0.609446
v 0.455563 3.066426 0.582746
v 0.470687 3.066426 0.560112
v 0.493321 3.066426 0.544989
v 0.520020 3.066426 0.529438
v 0.550638 3.066426 0.535528
v 0.576594 3.066426 0.552872
v 0.593938 3.066426 0.578828
v 0.600028 3.066426 0.609446
v 0.593938 3.066426 0.640063
v 0.576594 3.066426 0.666020
v 0.550638 3.066426 0.683363
v 0.520020 3.066426 0.689453
v 0.489402 3.066426 0.683363
v 0.463446 3.066426 0.666020
v 0.446103 3.066426 0.640063
v 0.440013 3.066426 0.609446
v 0.446103 3.066426 0.578828
v 0.463446 3.066426 0.552872
v 0.489402 3.066426 0.535528
v 0.520020 3.060268 0.529438
v 0.550638 3.060268 0.535528
v 0.576594 3.060268 0.552872
v 0.593938 3.060268 0.578828
v 0.600028 3.060268 0.609446
v 0.593938 3.060268 0.640063
v 0.576594 3.060268 0.666020
v 0.550638 3.060268 0.683363
v 0.520020 3.060268 0.689453
v 0.489402 3.060268 0.683363
v 0.463446 3.060268 0.666020
v 0.446103 3.060268 0.640063
v 0.440013 3.060268 0.609446
v 0.446103 3.060268 0.578828
v 0.463446 3.060268 0.552872
v 0.489402 3.060268 0.535528
v 0.520020 3.060268 0.522713
v 0.553211 3.060268 0.529316
v 0.581349 3.060268 0.548117
v 0.600150 3.060268 0.576254
v 0.606752 3.060268 0.609446
v 0.600150 3.060268 0.642637
v 0.581349 3.060268 0.670774
v 0.553211 3.060268 0.689575
v 0.520020 3.060268 0.696178
v 0.486829 3.060268 0.689575
v 0.458691 3.060268 0.670774
v 0.439890 3.060268 0.642637
v 0.433288 3.060268 0.609446
v 0.439890 3.060268 0.576254
v 0.458691 3.060268 0.548117
v 0.486829 3.060268 0.529316
v 0.520020 3.045413 0.522713
v 0.553211 3.045413 0.529316
v 0.581349 3.045413 0.548117
v 0.600150 3.045413 0.576254
v 0.606752 3.045413 0.609446
v 0.600150 3.045413 0.642637
v 0.581349 3.045413 0.670774
v 0.553211 3.045413 0.689575
v 0.520020 3.045413 0.696178
v 0.486829 3.045413 0.689575
v 0.458691 3.045413 0.670774
v 0.439890 3.045413 0.642637
v 0.433288 3.045413 0.609446
v 0.439890 3.045413 0.576254
v 0.458691 3.045413 0.548117
v 0.486829 3.045413 0.529316
v -0.772488 3.051066 0.308675
v -0.736282 3.051066 0.315877
v -0.705588 3.051066 0.336386
v -0.685079 3.051066 0.367080
v -0.677877 3.051066 0.403286
v -0.685079 3.051066 0.439492
v -0.705588 3.051066 0.470186
v -0.736282 3.051066 0.490695
v -0.772488 3.051066 0.497897
v -0.808694 3.051066 0.490695
v -0.839389 3.051066 0.470186
v -0.859898 3.051066 0.439492
v -0.867099 3.051066 0.403286
v -0.859898 3.051066 0.367080
v -0.839388 3.051066 0.336386
v -0.808694 3.051066 0.315877
v -0.772488 3.066172 0.308675
v -0.736282 3.066172 0.315877
v -0.705588 3.066172 0.336386
v -0.685079 3.066172 0.367080
v -0.677877 3.066172 0.403286
v -0.685079 3.066172 0.439492
v -0.705588 3.066172 0.470186
v -0.736282 3.066172 0.490695
v -0.772488 3.066172 0.497897
v -0.808694 3.066172 0.490695
v -0.839389 3.066172 0.470186
v -0.859898 3.066172 0.439492
v -0.867099 3.066172 0.403286
v -0.859898 3.066172 0.367080
v -0.839388 3.066172 0.336386
v -0.808694 3.066172 0.315877
v -0.772488 3.066172 0.294788
v -0.730968 3.066172 0.303048
v -0.695769 3.066172 0.326567
v -0.672250 3.066172 0.361766
v -0.663991 3.066172 0.403286
v -0.672250 3.066172 0.444807
v -0.695769 3.066172 0.480005
v -0.730968 3.066172 0.503524
v -0.772488 3.066172 0.511784
v -0.814009 3.066172 0.503524
v -0.849208 3.066172 0.480005
v -0.872727 3.066172 0.444807
v -0.880985 3.066172 0.403286
v -0.872727 3.066172 0.361766
v -0.849207 3.066172 0.326567
v -0.814009 3.066172 0.303048
v -0.772488 3.057821 0.294788
v -0.730968 3.057821 0.303048
v -0.695769 3.057821 0.326567
v -0.672250 3.057821 0.361766
v -0.663991 3.057821 0.403286
v -0.672250 3.057821 0.444807
v -0.695769 3.057821 0.480005
v -0.730968 3.057821 0.503524
v -0.772488 3.057821 0.511784
v -0.814009 3.057821 0.503524
v -0.849208 3.057821 0.480005
v -0.872727 3.057821 0.444807
v -0.880985 3.057821 0.403286
v -0.872727 3.057821 0.361766
v -0.849207 3.057821 0.326567
v -0.814009 3.057821 0.303048
v -0.772488 3.057821 0.285669
v -0.727478 3.057821 0.294623
v -0.689321 3.057821 0.320119
v -0.663825 3.057821 0.358276
v -0.654872 3.057821 0.403286
v -0.663825 3.057821 0.448296
v -0.689321 3.057821 0.486454
v -0.727479 3.057821 0.511949
v -0.772488 3.057821 0.520903
v -0.817498 3.057821 0.511949
v -0.855656 3.057821 0.486454
v -0.881152 3.057821 0.448296
v -0.890105 3.057821 0.403286
v -0.881152 3.057821 0.358276
v -0.855656 3.057821 0.320119
v -0.817498 3.057821 0.294623
v -0.772488 3.037676 0.285669
v -0.727478 3.037676 0.294623
v -0.689321 3.037676 0.320119
v -0.663825 3.037676 0.358276
v -0.654872 3.037676 0.403286
v -0.663825 3.037676 0.448296
v -0.689321 3.037676 0.486454
v -0.727479 3.037676 0.511949
v -0.772488 3.037676 0.520903
v -0.817498 3.037676 0.511949
v -0.855656 3.037676 0.486454
v -0.881152 3.037676 0.448296
v -0.890105 3.037676 0.403286
v -0.881152 3.037676 0.358276
v -0.855656 3.037676 0.320119
v -0.817498 3.037676 0.294623
v -0.772488 3.323860 0.333769
v -0.772488 3.295065 0.328041
v -0.772488 3.266270 0.333769
v -0.772488 3.225548 0.379770
v -0.761469 3.364582 0.376683
v -0.752127 3.348271 0.354130
v -0.745885 3.323860 0.339061
v -0.743693 3.295065 0.333769
v -0.745885 3.266270 0.339061
v -0.752127 3.241859 0.354130
v -0.763489 3.225548 0.381560
v -0.752127 3.364582 0.382925
v -0.734866 3.348271 0.365664
v -0.723332 3.323860 0.354130
v -0.719282 3.295065 0.350080
v -0.723332 3.266270 0.354130
v -0.734866 3.241859 0.365664
v -0.755859 3.225548 0.386657
v -0.745885 3.364582 0.392267
v -0.723332 3.348271 0.382925
v -0.708263 3.323860 0.376683
v -0.702971 3.295065 0.374491
v -0.708263 3.266270 0.376683
v -0.723332 3.241859 0.382925
v -0.750762 3.225548 0.394287
v -0.743693 3.364582 0.403286
v -0.719282 3.348271 0.403286
v -0.702971 3.323860 0.403286
v -0.697243 3.295065 0.403286
v -0.702971 3.266270 0.403286
v -0.719282 3.241859 0.403286
v -0.748972 3.225548 0.403286
v -0.745885 3.364582 0.414306
v -0.723332 3.348271 0.423647
v -0.708263 3.323860 0.429889
v -0.702971 3.295065 0.432081
v -0.708263 3.266270 0.429889
v -0.723332 3.241859 0.423647
v -0.750762 3.225548 0.412286
v -0.752127 3.364582 0.423647
v -0.734866 3.348271 0.440909
v -0.723332 3.323860 0.452442
v -0.719282 3.295065 0.456492
v -0.723332 3.266270 0.452442
v -0.734866 3.241859 0.440909
v -0.755859 3.225548 0.419915
v -0.761469 3.364582 0.429889
v -0.752127 3.348271 0.452442
v -0.745885 3.323860 0.467512
v -0.743693 3.295065 0.472804
v -0.745885 3.266270 0.467512
v -0.752127 3.241859 0.452442
v -0.763489 3.225548 0.425013
v -0.772488 3.364582 0.432081
v -0.772488 3.348271 0.456492
v -0.772488 3.323860 0.472804
v -0.772488 3.295065 0.478531
v -0.772488 3.266270 0.472804
v -0.772488 3.241859 0.456492
v -0.772488 3.225548 0.426803
v -0.772488 3.098553 0.367214
v -0.772488 3.370310 0.403286
v -0.783508 3.364582 0.429889
v -0.792849 3.348271 0.452442
v -0.799092 3.323860 0.467512
v -0.801283 3.295065 0.472804
v -0.799092 3.266270 0.467512
v -0.792849 3.241859 0.452442
v -0.781488 3.225548 0.425013
v -0.792849 3.364582 0.423647
v -0.810111 3.348271 0.440909
v -0.821644 3.323860 0.452442
v -0.825695 3.295065 0.456492
v -0.821644 3.266270 0.452442
v -0.810111 3.241859 0.440909
v -0.789117 3.225548 0.419915
v -0.799092 3.364582 0.414306
v -0.821644 3.348271 0.423647
v -0.836714 3.323860 0.429889
v -0.842006 3.295065 0.432081
v -0.836714 3.266270 0.429889
v -0.821644 3.241859 0.423647
v -0.794215 3.225548 0.412286
v -0.801283 3.364582 0.403286
v -0.825695 3.348271 0.403286
v -0.842006 3.323860 0.403286
v -0.847733 3.295065 0.403286
v -0.842006 3.266270 0.403286
v -0.825695 3.241859 0.403286
v -0.796005 3.225548 0.403286
v -0.799091 3.364582 0.392267
v -0.821644 3.348271 0.382925
v -0.836714 3.323860 0.376683
v -0.842006 3.295065 0.374491
v -0.836714 3.266270 0.376683
v -0.821644 3.241859 0.382925
v -0.794215 3.225548 0.394287
v -0.792849 3.364582 0.382925
v -0.810111 3.348271 0.365664
v -0.821644 3.323860 0.354130
v -0.825695 3.295065 0.350080
v -0.821644 3.266270 0.354130
v -0.810111 3.241859 0.365664
v -0.789117 3.225548 0.386657
v -0.783508 3.364582 0.376683
v -0.792849 3.348271 0.354130
v -0.799091 3.323860 0.339061
v -0.801283 3.295065 0.333769
v -0.799091 3.266270 0.339061
v -0.792849 3.241859 0.354130
v -0.781488 3.225548 0.381560
v -0.772488 3.364582 0.374491
v -0.772488 3.348271 0.350080
v -0.772488 3.241859 0.350080
v -0.772488 3.103392 0.379770
v -0.763489 3.103392 0.381560
v -0.755859 3.103392 0.386657
v -0.750762 3.103392 0.394287
v -0.748972 3.103392 0.403286
v -0.750762 3.103392 0.412286
v -0.755859 3.103392 0.419915
v -0.763489 3.103392 0.425013
v -0.772488 3.103392 0.426803
v -0.772488 3.071477 0.342017
v -0.781488 3.103392 0.425013
v -0.789117 3.103392 0.419915
v -0.794215 3.103392 0.412286
v -0.796005 3.103392 0.403286
v -0.794215 3.103392 0.394287
v -0.789117 3.103392 0.386657
v -0.781488 3.103392 0.381560
v -0.758684 3.098553 0.369960
v -0.746981 3.098553 0.377779
v -0.739162 3.098553 0.389482
v -0.736416 3.098553 0.403286
v -0.739162 3.098553 0.417091
v -0.746981 3.098553 0.428794
v -0.758684 3.098553 0.436613
v -0.772488 3.098553 0.439359
v -0.786293 3.098553 0.436613
v -0.797995 3.098553 0.428794
v -0.805815 3.098553 0.417091
v -0.808561 3.098553 0.403286
v -0.805815 3.098553 0.389482
v -0.797995 3.098553 0.377779
v -0.786293 3.098553 0.369960
v -0.749042 3.071477 0.346681
v -0.729164 3.071477 0.359962
v -0.715883 3.071477 0.379839
v -0.711219 3.071477 0.403286
v -0.715883 3.071477 0.426733
v -0.729164 3.071477 0.446610
v -0.749042 3.071477 0.459892
v -0.772488 3.071477 0.464556
v -0.795935 3.071477 0.459892
v -0.815812 3.071477 0.446610
v -0.829094 3.071477 0.426733
v -0.833758 3.071477 0.403286
v -0.829094 3.071477 0.379839
v -0.815812 3.071477 0.359962
v -0.795935 3.071477 0.346681
v -0.772488 3.010055 0.295089
v -0.772488 3.039845 0.301238
v -0.733436 3.039845 0.309006
v -0.731083 3.010055 0.303325
v -0.700329 3.039845 0.331127
v -0.695981 3.010055 0.326779
v -0.678208 3.039845 0.364234
v -0.672527 3.010055 0.361881
v -0.670440 3.039845 0.403286
v -0.664291 3.010055 0.403286
v -0.678208 3.039845 0.442338
v -0.672527 3.010055 0.444692
v -0.700329 3.039845 0.475445
v -0.695981 3.010055 0.479794
v -0.733436 3.039845 0.497567
v -0.731083 3.010055 0.503247
v -0.772488 3.039845 0.505335
v -0.772488 3.010055 0.511483
v -0.811541 3.039845 0.497567
v -0.813894 3.010055 0.503247
v -0.844647 3.039845 0.475445
v -0.848995 3.010055 0.479793
v -0.866769 3.039845 0.442338
v -0.872450 3.010055 0.444692
v -0.874537 3.039845 0.403286
v -0.880686 3.010055 0.403286
v -0.866769 3.039845 0.364234
v -0.872449 3.010055 0.361881
v -0.844647 3.039845 0.331127
v -0.848995 3.010055 0.326779
v -0.811540 3.039845 0.309006
v -0.813893 3.010055 0.303325
v -0.797188 3.105529 0.413517
v -0.801942 3.104569 0.415486
v -0.745754 3.105529 0.403286
v -0.740608 3.104569 0.403286
v -0.791392 3.105529 0.422190
v -0.795031 3.104569 0.425829
v -0.747789 3.105529 0.393056
v -0.743035 3.104569 0.391086
v -0.782719 3.105529 0.427986
v -0.784688 3.104569 0.432740
v -0.753584 3.105529 0.384382
v -0.749946 3.104569 0.380743
v -0.772488 3.105529 0.430021
v -0.772488 3.104569 0.435167
v -0.782719 3.105529 0.378587
v -0.784688 3.104569 0.373833
v -0.772488 3.104569 0.371406
v -0.772488 3.105529 0.376552
v -0.762258 3.105529 0.378587
v -0.760288 3.104569 0.373833
v -0.791392 3.105529 0.384382
v -0.795031 3.104569 0.380743
v -0.762258 3.105529 0.427986
v -0.760288 3.104569 0.432740
v -0.804368 3.104569 0.403286
v -0.799223 3.105529 0.403286
v -0.797188 3.105529 0.393056
v -0.801942 3.104569 0.391086
v -0.743035 3.104569 0.415486
v -0.747789 3.105529 0.413517
v -0.753584 3.105529 0.422190
v -0.749946 3.104569 0.425829
v 1.354319 3.199305 0.499999
v 1.354319 3.066764 0.438440
v 1.264319 3.199295 0.500012
v -1.354319 3.199303 0.500003
v -1.264319 3.199311 0.499991
vn -0.0000 0.2047 0.9788
vn -0.0000 -0.2784 -0.9605
vn -0.0000 -0.9785 0.2061
vn -0.0000 -0.9736 0.2281
vn -0.0000 -0.0000 -1.0000
vn -0.0000 0.0034 1.0000
vn -0.0000 -1.0000 -0.0000
vn -0.0000 0.4790 0.8778
vn -0.0000 0.6710 0.7415
vn -0.0000 0.9348 0.3552
vn -0.0000 0.9919 0.1268
vn -0.0000 0.9942 -0.1074
vn -0.0000 -0.8926 0.4509
vn -0.0000 -0.7540 0.6568
vn -0.0000 -0.3490 0.9371
vn -0.0000 -0.1075 0.9942
vn -0.0000 -0.9992 -0.0408
vn 0.0028 0.2247 0.9744
vn -0.0028 0.2247 0.9744
vn -0.0019 0.2235 0.9747
vn 0.0020 0.2237 0.9747
vn -0.0026 0.2280 0.9737
vn 0.0026 0.2280 0.9737
vn -0.0020 0.2237 0.9747
vn 1.0000 -0.0000 -0.0000
vn -0.0000 0.9736 -0.2281
vn -1.0000 -0.0000 -0.0000
vn -0.0000 0.2281 0.9736
vn -0.0000 0.3844 0.9232
vn -0.0000 0.2731 0.9620
vn -0.0000 1.0000 -0.0000
vn -0.0000 -0.9848 0.1736
vn -0.0000 0.9945 -0.1048
vn -0.0000 0.9938 -0.1113
vn -0.0000 -0.0000 1.0000
vn -0.0000 0.1736 0.9848
vn -0.0000 0.2986 0.9544
vn -0.0000 -0.0872 0.9962
vn -0.0000 -0.3420 0.9397
vn -0.0000 -0.7660 0.6428
vn -0.0000 -0.9063 0.4226
vn -0.0000 -0.9039 0.4278
vn -0.0000 -0.7475 0.6643
vn -0.0000 -0.2718 0.9623
vn -0.0000 0.0092 1.0000
vn -0.0000 0.9998 0.0217
vn -0.0000 0.9245 0.3813
vn -0.0000 0.6297 0.7768
vn -0.0000 0.6579 0.7531
vn -0.0000 0.7979 0.6028
vn -0.0000 0.9042 0.4272
vn -0.0000 0.9723 0.2335
vn -0.0000 0.9659 0.2588
vn -0.0000 0.8660 0.5000
vn -0.0000 0.5000 0.8660
vn -0.0000 0.2588 0.9659
vn -0.0000 0.2519 -0.9678
vn -0.0000 0.4765 -0.8792
vn -0.0000 0.8309 -0.5564
vn -0.0000 0.9401 -0.3410
vn 1.0000 0.0081 0.0026
vn 1.0000 0.0063 0.0009
vn -0.0000 0.0378 0.9993
vn -0.0000 -0.0859 0.9963
vn -0.0000 -0.7617 0.6480
vn -0.0000 -0.3768 0.9263
vn -0.0000 -0.9999 0.0126
vn -0.0000 -0.9989 0.0460
vn -0.0000 0.3579 0.9338
vn -0.0000 0.8183 0.5747
vn -0.0000 -0.9527 0.3040
vn -0.0000 -0.9925 0.1223
vn -0.0000 -1.0000 0.0030
vn -0.0000 0.9868 0.1622
vn -0.0000 0.9998 0.0182
vn 0.0249 0.9997 -0.0000
vn 0.4561 0.8899 -0.0000
vn -0.1120 0.9937 -0.0000
vn 0.8899 -0.4561 -0.0000
vn 0.4561 -0.8899 -0.0000
vn 0.8899 0.4561 -0.0000
vn 0.9896 0.1303 0.0612
vn 0.9976 0.0696 -0.0000
vn -0.9975 0.0706 -0.0000
vn -0.9896 0.1303 -0.0602
vn -0.8792 -0.4765 -0.0000
vn -0.4765 -0.8792 -0.0000
vn -0.0301 0.9995 -0.0000
vn -0.4765 0.8792 -0.0000
vn 0.0953 0.9954 -0.0000
vn -0.8792 0.4765 -0.0000
vn -0.9896 -0.1303 0.0602
vn -0.9975 -0.0706 -0.0000
vn 0.0953 -0.9954 -0.0000
vn -0.1120 -0.9937 -0.0000
vn -0.0301 -0.9995 -0.0000
vn -0.0301 -0.9995 0.0001
vn 0.9976 -0.0696 -0.0000
vn 0.9896 -0.1303 -0.0612
vn 0.0249 -0.9997 -0.0001
vn 0.0249 -0.9997 -0.0000
vn -0.0427 -0.9991 -0.0000
vn -0.5000 -0.8660 -0.0000
vn 0.0835 -0.9965 -0.0000
vn -0.8660 0.5000 -0.0000
vn -0.5000 0.8660 -0.0000
vn -0.8660 -0.5000 -0.0000
vn 0.0835 0.9965 -0.0000
vn -0.9898 0.1303 -0.0577
vn -0.9973 0.0731 -0.0000
vn -0.9973 -0.0731 -0.0000
vn -0.9898 -0.1303 0.0577
vn -0.0427 0.9991 -0.0000
vn -0.0427 0.9991 -0.0001
vn -0.0249 0.9997 0.0001
vn -0.0249 0.9997 -0.0000
vn -0.4561 0.8899 -0.0000
vn 0.1120 0.9937 -0.0000
vn -0.8899 -0.4561 -0.0000
vn -0.4561 -0.8899 -0.0000
vn -0.8899 0.4561 -0.0000
vn -0.9976 0.0696 -0.0000
vn -0.9896 0.1303 0.0612
vn 0.9975 0.0706 -0.0000
vn 0.9896 0.1303 -0.0602
vn 0.8792 -0.4765 -0.0000
vn 0.4765 -0.8792 -0.0000
vn 0.0301 0.9995 -0.0000
vn 0.4765 0.8792 -0.0000
vn -0.0953 0.9954 -0.0000
vn 0.8792 0.4765 -0.0000
vn 0.9896 -0.1303 0.0602
vn 0.9975 -0.0706 -0.0000
vn -0.0953 -0.9954 -0.0000
vn 0.1120 -0.9937 -0.0000
vn 0.0301 -0.9995 -0.0000
vn -0.9976 -0.0696 -0.0000
vn -0.9896 -0.1303 -0.0612
vn -0.0249 -0.9997 -0.0000
vn 0.0427 -0.9991 -0.0000
vn 0.5000 -0.8660 -0.0000
vn -0.0835 -0.9965 -0.0000
vn 0.8660 0.5000 -0.0000
vn 0.5000 0.8660 -0.0000
vn 0.8660 -0.5000 -0.0000
vn -0.0835 0.9965 -0.0000
vn 0.9898 0.1303 -0.0577
vn 0.9973 0.0731 -0.0000
vn 0.9898 -0.1303 0.0577
vn 0.9973 -0.0731 -0.0000
vn 0.0427 0.9991 -0.0000
vn 0.0427 0.9991 -0.0001
vn -0.0083 0.0863 0.9962
vn 0.0083 0.0863 0.9962
vn 0.0219 0.0669 0.9975
vn -0.0219 0.0669 0.9975
vn 0.9929 0.0180 -0.1174
vn 0.8501 0.4977 -0.1719
vn 0.8502 0.4976 -0.1719
vn 0.9929 0.0203 -0.1175
vn 0.0083 -0.0863 0.9962
vn -0.0083 -0.0863 0.9962
vn -0.0219 -0.0669 0.9975
vn 0.0219 -0.0669 0.9975
vn -0.0863 -0.0083 0.9962
vn -0.0863 0.0083 0.9962
vn -0.0669 0.0219 0.9975
vn -0.0669 -0.0219 0.9975
vn 0.0334 0.0497 0.9982
vn 0.0355 0.0463 0.9983
vn 0.0497 0.0334 0.9982
vn 0.0463 0.0355 0.9983
vn 0.0863 0.0083 0.9962
vn 0.0669 0.0219 0.9975
vn 0.0355 -0.0463 0.9983
vn 0.0334 -0.0497 0.9982
vn 0.0463 -0.0355 0.9983
vn 0.0497 -0.0334 0.9982
vn 0.0669 -0.0219 0.9975
vn 0.0863 -0.0083 0.9962
vn -0.0334 -0.0497 0.9982
vn -0.0355 -0.0463 0.9983
vn -0.0497 -0.0334 0.9982
vn -0.0463 -0.0355 0.9983
vn -0.0355 0.0463 0.9983
vn -0.0334 0.0497 0.9982
vn -0.0463 0.0355 0.9983
vn -0.0497 0.0334 0.9982
vn -0.4977 0.8501 -0.1719
vn -0.8501 0.4977 -0.1719
vn -0.8502 0.4976 -0.1719
vn -0.4976 0.8502 -0.1719
vn 0.0419 0.9922 -0.1174
vn -0.0419 0.9922 -0.1174
vn -0.0438 0.9921 -0.1174
vn 0.0437 0.9921 -0.1174
vn 0.4977 0.8501 -0.1719
vn 0.4976 0.8502 -0.1719
vn 0.8501 -0.4977 -0.1719
vn 0.9929 -0.0180 -0.1175
vn 0.9929 -0.0203 -0.1175
vn 0.8502 -0.4976 -0.1719
vn 0.0419 -0.9922 -0.1174
vn 0.4977 -0.8501 -0.1719
vn 0.4976 -0.8502 -0.1719
vn 0.0437 -0.9921 -0.1174
vn -0.9929 -0.0180 -0.1174
vn -0.8501 -0.4977 -0.1719
vn -0.8502 -0.4976 -0.1719
vn -0.9929 -0.0203 -0.1175
vn -0.4977 -0.8501 -0.1719
vn -0.0419 -0.9922 -0.1174
vn -0.0437 -0.9921 -0.1174
vn -0.4976 -0.8502 -0.1719
vn -0.9929 0.0180 -0.1175
vn -0.9929 0.0203 -0.1175
vn -0.1305 -0.9914 -0.0000
vn -0.9914 -0.1305 -0.0000
vn -0.1305 0.9914 -0.0000
vn -0.9914 0.1305 -0.0000
vn 0.1305 0.9914 -0.0000
vn 0.9914 0.1305 -0.0000
vn 0.1305 -0.9914 -0.0000
vn 0.9914 -0.1305 -0.0000
vn 1.0000 0.0085 0.0001
vn 1.0000 0.0085 -0.0000
vn -0.9999 0.0105 -0.0000
vn -0.9999 -0.0105 -0.0000
vn -0.9999 0.0105 -0.0001
vn 1.0000 -0.0085 -0.0000
vn 1.0000 -0.0085 -0.0001
vn -0.9999 0.0155 -0.0000
vn -0.9999 -0.0155 -0.0000
vn -1.0000 0.0085 -0.0000
vn 0.9999 0.0105 0.0001
vn 0.9999 0.0105 -0.0000
vn 0.9999 -0.0105 -0.0000
vn -1.0000 -0.0085 -0.0000
vn -1.0000 -0.0085 -0.0001
vn 0.0301 -0.9995 0.0001
vn -0.0249 -0.9997 0.0001
vn 0.9999 0.0155 -0.0000
vn 0.9999 -0.0155 -0.0000
vn 0.9999 -0.0155 -0.0001
vn 1.0000 0.0085 -0.0001
vn -0.9999 0.0105 0.0001
vn -0.9999 0.0155 -0.0001
vn -1.0000 0.0085 0.0001
vn 0.9999 0.0105 -0.0001
vn 0.3827 -0.9239 -0.0000
vn 0.7071 -0.7071 -0.0000
vn 0.9239 -0.3827 -0.0000
vn 0.9239 0.3827 -0.0000
vn 0.7071 0.7071 -0.0000
vn 0.3827 0.9239 -0.0000
vn -0.3827 0.9239 -0.0000
vn -0.7071 0.7071 -0.0000
vn -0.9239 0.3827 -0.0000
vn -0.9239 -0.3827 -0.0000
vn -0.7071 -0.7071 -0.0000
vn -0.3827 -0.9239 -0.0000
vn -1.0000 0.0026 -0.0000
vn -0.9994 -0.0355 -0.0000
vn -1.0000 0.0019 -0.0000
vn -0.9970 -0.0772 -0.0000
vn 0.9947 -0.1033 -0.0000
vn 0.9953 0.0972 -0.0000
vn 0.9975 0.0701 -0.0000
vn 0.9754 -0.2207 -0.0000
vn -0.0000 0.0001 1.0000
vn -0.0001 -0.0000 1.0000
vn -0.0000 -0.0001 1.0000
vn 0.0001 -0.0000 1.0000
vn 0.9947 -0.1032 -0.0000
vn 0.9975 0.0701 -0.0001
vn -1.0000 0.0018 -0.0000
vn -0.0000 0.6413 0.7673
vn -0.0000 -0.6413 0.7673
vn -0.6413 -0.0000 0.7673
vn 0.6413 -0.0000 0.7673
vn -0.0000 0.0821 0.9966
vn -0.3827 -0.0000 -0.9239
vn -0.3754 0.1938 -0.9064
vn -0.0000 0.1938 -0.9810
vn 0.7071 -0.0000 -0.7071
vn 0.6937 0.1938 -0.6937
vn 0.9064 0.1938 -0.3754
vn 0.9239 -0.0000 -0.3827
vn 0.9810 0.1938 -0.0000
vn 0.9064 0.1938 0.3754
vn 0.9239 -0.0000 0.3827
vn 0.6937 0.1938 0.6937
vn 0.7071 -0.0000 0.7071
vn 0.3754 0.1938 0.9064
vn 0.3827 -0.0000 0.9239
vn -0.0000 0.1938 0.9810
vn -0.3754 0.1938 0.9064
vn -0.3827 -0.0000 0.9239
vn -0.6937 0.1938 0.6937
vn -0.7071 -0.0000 0.7071
vn -0.9064 0.1938 0.3754
vn -0.9239 -0.0000 0.3827
vn -0.9810 0.1938 -0.0000
vn -0.9064 0.1938 -0.3754
vn -0.9239 -0.0000 -0.3827
vn -0.6937 0.1938 -0.6937
vn -0.7071 -0.0000 -0.7071
vn 0.3754 0.1938 -0.9064
vn 0.3827 -0.0000 -0.9239
vn -0.0000 0.3890 -0.9212
vn 0.3525 0.3890 -0.8511
vn 0.1440 0.9265 -0.3477
vn -0.0000 0.9265 -0.3764
vn 0.6514 0.3890 -0.6514
vn 0.2661 0.9265 -0.2661
vn 0.8511 0.3890 -0.3525
vn 0.3477 0.9265 -0.1440
vn 0.9212 0.3891 -0.0000
vn 0.3764 0.9265 -0.0000
vn 0.8511 0.3890 0.3525
vn 0.3477 0.9265 0.1440
vn 0.6514 0.3890 0.6514
vn 0.2661 0.9265 0.2661
vn 0.3525 0.3890 0.8511
vn 0.1440 0.9265 0.3477
vn -0.0000 0.3890 0.9212
vn -0.0000 0.9265 0.3764
vn -0.3525 0.3890 0.8511
vn -0.1440 0.9265 0.3477
vn -0.6514 0.3890 0.6514
vn -0.2661 0.9265 0.2661
vn -0.8511 0.3890 0.3525
vn -0.3477 0.9265 0.1440
vn -0.9212 0.3891 -0.0000
vn -0.3764 0.9265 -0.0000
vn -0.8511 0.3890 -0.3525
vn -0.3477 0.9265 -0.1440
vn -0.6514 0.3890 -0.6514
vn -0.2661 0.9265 -0.2661
vn -0.3525 0.3890 -0.8511
vn -0.1440 0.9265 -0.3477
vn 0.9212 0.3890 -0.0000
vn 0.3763 0.9265 -0.0000
vn -0.9212 0.3890 -0.0000
vn -0.3763 0.9265 -0.0000
vn -0.3695 0.2599 -0.8921
vn -0.0000 0.2599 -0.9656
vn 0.6828 0.2599 -0.6828
vn 0.8921 0.2599 -0.3695
vn 0.9656 0.2599 -0.0000
vn 0.8921 0.2599 0.3695
vn 0.6828 0.2599 0.6828
vn 0.3695 0.2599 0.8921
vn -0.0000 0.2599 0.9656
vn -0.3695 0.2599 0.8921
vn -0.6828 0.2599 0.6828
vn -0.8921 0.2599 0.3695
vn -0.9656 0.2599 -0.0000
vn -0.8921 0.2599 -0.3695
vn -0.6828 0.2599 -0.6828
vn 0.3695 0.2599 -0.8921
vn -0.0000 0.5166 -0.8562
vn 0.3277 0.5166 -0.7911
vn 0.1047 0.9619 -0.2527
vn -0.0000 0.9619 -0.2735
vn 0.6054 0.5166 -0.6055
vn 0.1934 0.9619 -0.1934
vn 0.7911 0.5166 -0.3277
vn 0.2527 0.9619 -0.1047
vn 0.8563 0.5166 -0.0000
vn 0.2735 0.9619 -0.0000
vn 0.7911 0.5166 0.3277
vn 0.2527 0.9619 0.1047
vn 0.6055 0.5166 0.6055
vn 0.1934 0.9619 0.1934
vn 0.3277 0.5166 0.7911
vn 0.1047 0.9619 0.2527
vn -0.0000 0.5166 0.8562
vn -0.0000 0.9619 0.2735
vn -0.3277 0.5166 0.7911
vn -0.1047 0.9619 0.2527
vn -0.6055 0.5166 0.6055
vn -0.1934 0.9619 0.1934
vn -0.7911 0.5166 0.3277
vn -0.2527 0.9619 0.1047
vn -0.8563 0.5166 -0.0000
vn -0.2735 0.9619 -0.0000
vn -0.7911 0.5166 -0.3277
vn -0.2527 0.9619 -0.1047
vn -0.6055 0.5166 -0.6055
vn -0.1934 0.9619 -0.1934
vn -0.3277 0.5166 -0.7911
vn -0.1047 0.9619 -0.2527
vn -0.0000 -0.7098 -0.7044
vn -0.0000 -0.3675 -0.9300
vn 0.3559 -0.3675 -0.8592
vn 0.2696 -0.7098 -0.6508
vn -0.0000 0.3675 -0.9300
vn 0.3559 0.3675 -0.8592
vn -0.0000 0.6786 -0.7345
vn -0.0000 0.8833 -0.4688
vn 0.1794 0.8833 -0.4331
vn 0.2811 0.6786 -0.6786
vn -0.0000 -0.8764 -0.4815
vn 0.1843 -0.8764 -0.4449
vn 0.4981 -0.7098 -0.4981
vn 0.3405 -0.8764 -0.3405
vn 0.6576 -0.3675 -0.6576
vn 0.5194 0.6786 -0.5194
vn 0.6576 0.3675 -0.6576
vn 0.3315 0.8833 -0.3315
vn 0.8592 -0.3675 -0.3559
vn 0.6786 0.6786 -0.2811
vn 0.8592 0.3675 -0.3559
vn 0.4331 0.8833 -0.1794
vn 0.6508 -0.7098 -0.2696
vn 0.4449 -0.8764 -0.1843
vn 0.9300 -0.3675 -0.0000
vn 0.7044 -0.7098 -0.0000
vn 0.9300 0.3675 -0.0000
vn 0.4688 0.8833 -0.0000
vn 0.7345 0.6786 -0.0000
vn 0.4815 -0.8764 -0.0000
vn 0.8592 0.3675 0.3559
vn 0.4331 0.8833 0.1794
vn 0.6786 0.6786 0.2811
vn 0.6508 -0.7098 0.2696
vn 0.4448 -0.8764 0.1843
vn 0.8592 -0.3675 0.3559
vn 0.4981 -0.7098 0.4981
vn 0.3405 -0.8764 0.3405
vn 0.6576 -0.3675 0.6576
vn 0.5194 0.6786 0.5194
vn 0.6576 0.3675 0.6576
vn 0.3315 0.8833 0.3315
vn 0.2811 0.6786 0.6786
vn 0.3559 0.3675 0.8592
vn 0.1794 0.8833 0.4331
vn 0.3559 -0.3675 0.8592
vn 0.2696 -0.7098 0.6508
vn 0.1843 -0.8764 0.4449
vn -0.0000 -0.3675 0.9300
vn -0.0000 -0.7098 0.7044
vn -0.0000 0.3675 0.9300
vn -0.0000 0.8833 0.4688
vn -0.0000 0.6786 0.7345
vn -0.0000 -0.8764 0.4815
vn -0.1794 0.8833 0.4331
vn -0.2811 0.6786 0.6786
vn -0.2696 -0.7098 0.6508
vn -0.1843 -0.8764 0.4449
vn -0.3559 -0.3675 0.8592
vn -0.3559 0.3675 0.8592
vn -0.4981 -0.7098 0.4981
vn -0.3405 -0.8764 0.3405
vn -0.6576 -0.3675 0.6576
vn -0.5194 0.6786 0.5194
vn -0.6576 0.3675 0.6576
vn -0.3315 0.8833 0.3315
vn -0.4331 0.8833 0.1794
vn -0.8592 -0.3675 0.3559
vn -0.6508 -0.7098 0.2696
vn -0.8592 0.3675 0.3559
vn -0.6786 0.6786 0.2811
vn -0.4448 -0.8764 0.1843
vn -0.9300 -0.3675 -0.0000
vn -0.7044 -0.7098 -0.0000
vn -0.9300 0.3675 -0.0000
vn -0.4688 0.8833 -0.0000
vn -0.7345 0.6786 -0.0000
vn -0.4815 -0.8764 -0.0000
vn -0.6508 -0.7098 -0.2696
vn -0.4449 -0.8764 -0.1843
vn -0.8592 -0.3675 -0.3559
vn -0.6786 0.6786 -0.2811
vn -0.8592 0.3675 -0.3559
vn -0.4331 0.8833 -0.1794
vn -0.6576 -0.3675 -0.6576
vn -0.5194 0.6786 -0.5194
vn -0.6576 0.3675 -0.6576
vn -0.3315 0.8833 -0.3315
vn -0.4981 -0.7098 -0.4981
vn -0.3405 -0.8764 -0.3405
vn -0.3559 -0.3675 -0.8592
vn -0.2696 -0.7098 -0.6508
vn -0.3559 0.3675 -0.8592
vn -0.1794 0.8833 -0.4331
vn -0.2811 0.6786 -0.6786
vn -0.1843 -0.8764 -0.4448
vn 0.5304 0.8188 -0.2197
vn 0.5741 0.8188 -0.0000
vn 0.8204 0.5718 -0.0000
vn 0.7580 0.5718 -0.3140
vn -0.2197 0.8188 0.5304
vn -0.4060 0.8188 0.4060
vn -0.5801 0.5718 0.5801
vn -0.3140 0.5718 0.7579
vn 0.5112 0.8330 -0.2117
vn 0.5533 0.8330 -0.0000
vn 0.1537 0.9881 -0.0000
vn 0.1420 0.9881 -0.0588
vn -0.5533 0.8330 -0.0000
vn -0.5111 0.8330 -0.2117
vn -0.1420 0.9881 -0.0588
vn -0.1537 0.9881 -0.0000
vn 0.2117 0.8330 -0.5112
vn 0.3912 0.8330 -0.3912
vn 0.1087 0.9881 -0.1087
vn 0.0588 0.9881 -0.1420
vn -0.3912 0.8330 0.3912
vn -0.5112 0.8330 0.2117
vn -0.1420 0.9881 0.0588
vn -0.1087 0.9881 0.1087
vn -0.0000 0.8330 -0.5533
vn -0.0000 0.9881 -0.1537
vn -0.0000 0.8330 0.5532
vn -0.2117 0.8330 0.5111
vn -0.0588 0.9881 0.1420
vn -0.0000 0.9881 0.1537
vn -0.2117 0.8330 -0.5112
vn -0.0588 0.9881 -0.1420
vn 0.2117 0.8330 0.5111
vn 0.0588 0.9881 0.1420
vn -0.5304 0.8188 -0.2197
vn -0.4060 0.8188 -0.4060
vn -0.5801 0.5718 -0.5801
vn -0.7580 0.5718 -0.3140
vn 0.5112 0.8330 0.2117
vn 0.3912 0.8330 0.3912
vn 0.1087 0.9881 0.1087
vn 0.1420 0.9881 0.0588
vn -0.3912 0.8330 -0.3912
vn -0.1087 0.9881 -0.1087
vn 0.5176 0.6812 -0.5176
vn 0.6763 0.6812 -0.2801
vn 0.6009 0.7596 -0.2489
vn 0.4599 0.7596 -0.4599
vn -0.0000 0.6812 0.7321
vn -0.2801 0.6812 0.6763
vn -0.2489 0.7596 0.6009
vn -0.0000 0.7596 0.6504
vn -0.2801 0.6812 -0.6763
vn -0.0000 0.6812 -0.7321
vn -0.0000 0.7596 -0.6504
vn -0.2489 0.7596 -0.6009
vn 0.2801 0.6812 -0.6763
vn 0.2489 0.7596 -0.6009
vn 0.2801 0.6812 0.6763
vn 0.2489 0.7596 0.6009
vn -0.5176 0.6812 -0.5176
vn -0.4599 0.7596 -0.4599
vn -0.6763 0.6812 -0.2801
vn -0.6009 0.7596 -0.2489
vn 0.5176 0.6812 0.5176
vn 0.4599 0.7596 0.4599
vn -0.7321 0.6812 -0.0000
vn -0.6504 0.7596 -0.0000
vn 0.6763 0.6812 0.2801
vn 0.6009 0.7596 0.2489
vn -0.6763 0.6812 0.2801
vn -0.6009 0.7596 0.2489
vn 0.7321 0.6812 -0.0000
vn 0.6504 0.7596 -0.0000
vn -0.5176 0.6812 0.5176
vn -0.4599 0.7596 0.4599
vn 0.3141 0.5712 -0.7584
vn -0.0000 0.5712 -0.8208
vn 0.3141 0.5712 0.7584
vn 0.5804 0.5712 0.5804
vn -0.7584 0.5712 -0.3141
vn -0.8208 0.5712 -0.0000
vn 0.7584 0.5712 0.3141
vn -0.7584 0.5712 0.3141
vn 0.8208 0.5712 -0.0000
vn -0.5804 0.5712 0.5804
vn 0.7584 0.5712 -0.3141
vn -0.3141 0.5712 0.7584
vn 0.5804 0.5712 -0.5804
vn -0.0000 0.5712 0.8208
vn -0.3141 0.5712 -0.7584
vn -0.5804 0.5712 -0.5804
vn 0.3748 0.2021 -0.9048
vn -0.0000 0.2021 -0.9794
vn 0.6925 0.2021 -0.6925
vn 0.9048 0.2021 -0.3748
vn 0.9794 0.2021 -0.0000
vn 0.9048 0.2021 0.3748
vn 0.6925 0.2021 0.6925
vn 0.3748 0.2021 0.9048
vn -0.0000 0.2021 0.9794
vn -0.3748 0.2021 0.9048
vn -0.6925 0.2021 0.6925
vn -0.9048 0.2021 0.3748
vn -0.9794 0.2021 -0.0000
vn -0.9048 0.2021 -0.3748
vn -0.6925 0.2022 -0.6925
vn -0.3748 0.2021 -0.9048
vn 0.5304 0.8188 0.2197
vn 0.4060 0.8188 0.4060
vn 0.5801 0.5718 0.5801
vn 0.7579 0.5718 0.3140
vn -0.5741 0.8188 -0.0000
vn -0.8204 0.5718 -0.0000
vn 0.2197 0.8188 0.5304
vn 0.3140 0.5718 0.7579
vn -0.0000 0.8188 -0.5741
vn 0.2197 0.8188 -0.5304
vn 0.3140 0.5718 -0.7580
vn -0.0000 0.5718 -0.8204
vn -0.2197 0.8188 -0.5304
vn -0.3140 0.5718 -0.7580
vn -0.0000 0.8188 0.5741
vn -0.0000 0.5718 0.8204
vn 0.4060 0.8188 -0.4060
vn 0.5801 0.5718 -0.5801
vn -0.5304 0.8188 0.2197
vn -0.7579 0.5718 0.3140
vt 0.000959 0.127437
vt 0.212049 0.127437
vt 0.212049 0.160258
vt 0.000959 0.160257
vt 0.000959 0.182425
vt 0.212049 0.182426
vt 0.212049 0.201148
vt 0.000959 0.201147
vt 0.212048 0.283782
vt 0.000959 0.283782
vt 0.033233 0.484823
vt 0.033233 0.306051
vt 0.043229 0.306051
vt 0.043229 0.484823
vt 0.213964 0.000957
vt 0.425055 0.000957
vt 0.425055 0.489300
vt 0.213964 0.489300
vt 0.203847 0.998369
vt 0.003924 0.998369
vt 0.003924 0.768259
vt 0.203847 0.768259
vt 0.002254 0.577836
vt 0.134267 0.577836
vt 0.134267 0.766270
vt 0.002254 0.766270
vt 0.000959 0.123697
vt 0.212049 0.123698
vt 0.000959 0.119851
vt 0.212049 0.119852
vt 0.000959 0.116112
vt 0.212049 0.116112
vt 0.000959 0.000957
vt 0.212049 0.000957
vt 0.212049 0.168720
vt 0.000959 0.168719
vt 0.000959 0.165913
vt 0.212049 0.165913
vt 0.000959 0.163064
vt 0.212049 0.163065
vt 0.199113 0.302607
vt 0.013894 0.302607
vt 0.013893 0.490318
vt 0.199114 0.490318
vt 0.212050 0.503111
vt 0.000957 0.503111
vt 0.200363 0.764230
vt 0.200363 0.576519
vt 0.210720 0.576519
vt 0.210720 0.764230
vt 0.031385 0.306051
vt 0.031385 0.484823
vt 0.021388 0.484823
vt 0.021388 0.306051
vt 0.198449 0.576519
vt 0.198449 0.764230
vt 0.188091 0.764230
vt 0.188091 0.576519
vt 0.067478 0.467905
vt 0.067478 0.341955
vt 0.191756 0.341955
vt 0.191756 0.467905
vt 0.802806 0.268099
vt 0.804986 0.252153
vt 0.922983 0.252152
vt 0.922983 0.442497
vt 0.857080 0.443183
vt 0.849281 0.431776
vt 0.279867 0.933440
vt 0.294260 0.932555
vt 0.349094 0.942223
vt 0.353261 0.944167
vt 0.355898 0.947933
vt 0.356299 0.952514
vt 0.349788 0.989439
vt 0.347359 0.994707
vt 0.342642 0.998222
vt 0.336900 0.999043
vt 0.281246 0.993540
vt 0.922983 0.000957
vt 0.804986 0.000957
vt 0.331961 0.742411
vt 0.334141 0.758356
vt 0.287666 0.922033
vt 0.213964 0.932753
vt 0.213964 0.742409
vt 0.934195 0.252153
vt 0.934195 0.000957
vt 0.941578 0.000957
vt 0.941578 0.252152
vt 0.052203 0.306051
vt 0.052203 0.419940
vt 0.045077 0.419940
vt 0.045077 0.306051
vt 0.355978 0.927110
vt 0.355978 0.756963
vt 0.363361 0.756963
vt 0.363361 0.927110
vt 0.389238 0.517141
vt 0.389238 0.497012
vt 0.396620 0.497012
vt 0.396620 0.517141
vt 0.052203 0.464401
vt 0.045077 0.464401
vt 0.045077 0.419940
vt 0.934195 0.442497
vt 0.934195 0.252152
vt 0.941577 0.252152
vt 0.941577 0.442497
vt 0.407833 0.739784
vt 0.407832 0.684105
vt 0.415215 0.684105
vt 0.415215 0.739784
vt 0.221044 0.986801
vt 0.217504 0.985517
vt 0.214913 0.982672
vt 0.213964 0.979028
vt 0.407832 0.559406
vt 0.407832 0.498828
vt 0.415215 0.498828
vt 0.415215 0.559406
vt 0.389238 0.779916
vt 0.389238 0.533260
vt 0.396620 0.533260
vt 0.396620 0.779916
vt 0.407832 0.670311
vt 0.407832 0.632816
vt 0.415215 0.632816
vt 0.415215 0.670311
vt 0.213964 0.491214
vt 0.331961 0.491214
vt 0.415215 0.674909
vt 0.407832 0.674909
vt 0.415215 0.679507
vt 0.407833 0.679507
vt 0.842687 0.442298
vt 0.855702 0.503284
vt 0.800047 0.508786
vt 0.794305 0.507965
vt 0.789588 0.504450
vt 0.787159 0.499183
vt 0.780648 0.462257
vt 0.781049 0.457676
vt 0.783686 0.453910
vt 0.787853 0.451967
vt 0.846911 0.440299
vt 0.287623 0.926705
vt 0.415215 0.744457
vt 0.407833 0.744457
vt 0.415215 0.749002
vt 0.407833 0.749002
vt 0.355978 0.752291
vt 0.363361 0.752291
vt 0.934195 0.488771
vt 0.934195 0.442497
vt 0.941577 0.442497
vt 0.941578 0.488771
vt 0.407833 0.615332
vt 0.415215 0.615332
vt 0.415215 0.621132
vt 0.407832 0.621132
vt 0.415215 0.627015
vt 0.407833 0.627015
vt 0.799964 0.263046
vt 0.799937 0.263025
vt 0.347517 0.748249
vt 0.341879 0.749603
vt 0.363361 0.932908
vt 0.355978 0.932908
vt 0.363361 0.932944
vt 0.363361 0.939045
vt 0.355978 0.939045
vt 0.355978 0.932942
vt 0.389238 0.491214
vt 0.396620 0.491214
vt 0.331961 0.491214
vt 0.378026 0.491214
vt 0.378026 0.737869
vt 0.376635 0.743059
vt 0.372836 0.746858
vt 0.367646 0.748249
vt 0.396620 0.522514
vt 0.389238 0.522514
vt 0.396620 0.527887
vt 0.389238 0.527887
vt 0.804987 0.000957
vt 0.789430 0.257992
vt 0.769301 0.257992
vt 0.764111 0.256602
vt 0.760312 0.252802
vt 0.758921 0.247613
vt 0.758921 0.000957
vt 0.941578 0.492536
vt 0.934195 0.492536
vt 0.407832 0.491214
vt 0.415215 0.491214
vt 0.415215 0.495062
vt 0.407832 0.495062
vt 0.922983 0.488771
vt 0.922034 0.492415
vt 0.919443 0.495260
vt 0.915903 0.496544
vt 0.636831 0.241644
vt 0.683305 0.077967
vt 0.691104 0.066560
vt 0.757007 0.067247
vt 0.757007 0.257591
vt 0.639010 0.257592
vt 0.492876 0.066550
vt 0.494250 0.006460
vt 0.549905 0.000957
vt 0.555647 0.001778
vt 0.560364 0.005293
vt 0.562793 0.010561
vt 0.569304 0.047487
vt 0.568903 0.052067
vt 0.566266 0.055833
vt 0.562099 0.057776
vt 0.507265 0.067445
vt 0.757007 0.508786
vt 0.639010 0.508786
vt 0.544971 0.257605
vt 0.426967 0.257585
vt 0.426958 0.067271
vt 0.500671 0.077967
vt 0.547146 0.241644
vt 0.931786 0.252136
vt 0.925714 0.252180
vt 0.924897 0.000957
vt 0.932280 0.000957
vt 0.054051 0.306051
vt 0.061176 0.306051
vt 0.061176 0.419940
vt 0.054051 0.419940
vt 0.424512 0.666034
vt 0.417129 0.666034
vt 0.417129 0.495886
vt 0.424512 0.495886
vt 0.379940 0.753988
vt 0.387323 0.753988
vt 0.387323 0.774117
vt 0.379940 0.774117
vt 0.054051 0.419940
vt 0.061176 0.419940
vt 0.061176 0.464401
vt 0.054051 0.464401
vt 0.932375 0.442500
vt 0.924518 0.442484
vt 0.398535 0.500431
vt 0.405918 0.500431
vt 0.405918 0.556112
vt 0.398535 0.556112
vt 0.426969 0.020972
vt 0.427918 0.017328
vt 0.430509 0.014483
vt 0.434049 0.013199
vt 0.398535 0.680811
vt 0.405918 0.680811
vt 0.405918 0.741389
vt 0.398535 0.741389
vt 0.379940 0.491214
vt 0.387323 0.491214
vt 0.387323 0.737869
vt 0.379940 0.737869
vt 0.398535 0.569905
vt 0.405918 0.569905
vt 0.405918 0.607401
vt 0.398535 0.607401
vt 0.426969 0.508786
vt 0.544964 0.508784
vt 0.398535 0.565307
vt 0.405918 0.565307
vt 0.398535 0.560709
vt 0.405918 0.560709
vt 0.676711 0.067445
vt 0.621877 0.057776
vt 0.617710 0.055833
vt 0.615073 0.052067
vt 0.614672 0.047486
vt 0.621183 0.010561
vt 0.623612 0.005293
vt 0.628329 0.001778
vt 0.634071 0.000957
vt 0.689726 0.006460
vt 0.691104 0.066560
vt 0.691104 0.066560
vt 0.680934 0.069444
vt 0.500628 0.073295
vt 0.398535 0.495759
vt 0.405918 0.495759
vt 0.398535 0.491214
vt 0.405918 0.491214
vt 0.424512 0.491214
vt 0.417129 0.491214
vt 0.932280 0.488771
vt 0.924897 0.488771
vt 0.398535 0.624885
vt 0.398535 0.619084
vt 0.405918 0.619084
vt 0.405918 0.624885
vt 0.398535 0.613201
vt 0.405918 0.613201
vt 0.633960 0.246718
vt 0.633988 0.246697
vt 0.560522 0.251751
vt 0.554884 0.250397
vt 0.424512 0.671832
vt 0.417129 0.671832
vt 0.424512 0.671866
vt 0.424512 0.677968
vt 0.417129 0.677968
vt 0.417129 0.671865
vt 0.379940 0.779915
vt 0.387323 0.779915
vt 0.580651 0.251751
vt 0.585841 0.253142
vt 0.589640 0.256941
vt 0.591031 0.262131
vt 0.591031 0.508786
vt 0.379940 0.748615
vt 0.387323 0.748615
vt 0.379940 0.743242
vt 0.387323 0.743242
vt 0.639011 0.508786
vt 0.592945 0.508786
vt 0.592945 0.262131
vt 0.594336 0.256941
vt 0.598135 0.253142
vt 0.603325 0.251751
vt 0.623454 0.251751
vt 0.932280 0.492536
vt 0.924897 0.492536
vt 0.398535 0.749002
vt 0.398535 0.745154
vt 0.405918 0.745154
vt 0.405918 0.749002
vt 0.691104 0.066560
vt 0.749928 0.013199
vt 0.753467 0.014483
vt 0.756058 0.017328
vt 0.757007 0.020972
vt 0.873195 0.517149
vt 0.873195 0.728239
vt 0.857946 0.728239
vt 0.857946 0.517149
vt 0.854921 0.728239
vt 0.854921 0.517149
vt 0.856272 0.517149
vt 0.856272 0.728239
vt 0.844151 0.728239
vt 0.844151 0.517149
vt 0.847741 0.517149
vt 0.847741 0.728239
vt 0.875523 0.728239
vt 0.875523 0.517149
vt 0.877616 0.517149
vt 0.877616 0.728239
vt 0.853270 0.728239
vt 0.853270 0.517149
vt 0.850854 0.517149
vt 0.850854 0.728239
vt 0.840320 0.728239
vt 0.840320 0.517149
vt 0.881373 0.517149
vt 0.881373 0.728239
vt 0.958206 0.517149
vt 0.958206 0.728239
vt 0.405951 0.987149
vt 0.407438 0.991336
vt 0.401585 0.995764
vt 0.398978 0.988818
vt 0.724140 0.983346
vt 0.718899 0.982765
vt 0.719112 0.975865
vt 0.726852 0.976613
vt 0.564659 0.698652
vt 0.585417 0.698608
vt 0.590631 0.734641
vt 0.571597 0.734681
vt 0.567717 0.733651
vt 0.565768 0.731709
vt 0.564721 0.727834
vt 0.986346 0.386138
vt 0.985001 0.390453
vt 0.978170 0.389015
vt 0.980463 0.382017
vt 0.984514 0.415086
vt 0.984497 0.433425
vt 0.978090 0.433425
vt 0.978098 0.414684
vt 0.411455 0.981308
vt 0.411961 0.985862
vt 0.409179 0.986420
vt 0.408785 0.981378
vt 0.984494 0.395865
vt 0.977749 0.395942
vt 0.405250 0.981583
vt 0.398293 0.981696
vt 0.521554 0.983162
vt 0.516509 0.983813
vt 0.513836 0.977283
vt 0.521279 0.976532
vt 0.405356 0.960879
vt 0.398285 0.961352
vt 0.414977 0.981099
vt 0.415430 0.985339
vt 0.414960 0.960703
vt 0.411525 0.960703
vt 0.995256 0.389999
vt 0.994336 0.392746
vt 0.990962 0.391767
vt 0.992054 0.388927
vt 0.722370 0.992427
vt 0.718325 0.991982
vt 0.718574 0.988673
vt 0.722726 0.989195
vt 0.550951 0.983102
vt 0.550963 0.986348
vt 0.521752 0.986361
vt 0.410510 0.990317
vt 0.988281 0.391159
vt 0.987718 0.396057
vt 0.609222 0.525671
vt 0.609418 0.618041
vt 0.585247 0.618092
vt 0.590189 0.525712
vt 0.987581 0.415095
vt 0.630807 0.991818
vt 0.630806 0.988650
vt 0.412785 0.988814
vt 0.718711 0.986064
vt 0.723768 0.986672
vt 0.990276 0.396202
vt 0.989718 0.387203
vt 0.521877 0.988875
vt 0.517867 0.989369
vt 0.516872 0.986906
vt 0.630804 0.986146
vt 0.408858 0.960880
vt 0.990000 0.415271
vt 0.989970 0.433425
vt 0.987554 0.433425
vt 0.405386 0.940335
vt 0.408819 0.940335
vt 0.993054 0.415304
vt 0.993025 0.433425
vt 0.522045 0.992085
vt 0.518179 0.992427
vt 0.993503 0.396626
vt 0.415986 0.988086
vt 0.392991 0.990381
vt 0.391640 0.982331
vt 0.391311 0.961403
vt 0.972089 0.388187
vt 0.973853 0.380291
vt 0.395410 0.997783
vt 0.971954 0.433425
vt 0.971916 0.414723
vt 0.513291 0.970939
vt 0.520896 0.970286
vt 0.719329 0.969342
vt 0.727373 0.969861
vt 0.630801 0.982976
vt 0.630793 0.976327
vt 0.971627 0.395791
vt 0.550939 0.976551
vt 0.550968 0.988815
vt 0.630769 0.969848
vt 0.550977 0.991995
vt 0.550901 0.970070
vt 0.836098 0.603394
vt 0.836098 0.627616
vt 0.833698 0.627616
vt 0.833698 0.603394
vt 0.398190 0.940335
vt 0.391281 0.940335
vt 0.411531 0.940335
vt 0.414963 0.940335
vt 0.564489 0.618136
vt 0.504443 0.867106
vt 0.528666 0.867106
vt 0.528666 0.947794
vt 0.504443 0.947794
vt 0.564308 0.532628
vt 0.565339 0.528749
vt 0.567280 0.526799
vt 0.571156 0.525752
vt 0.609588 0.698557
vt 0.609664 0.734601
vt 0.674107 0.843885
vt 0.674107 0.819663
vt 0.676507 0.819663
vt 0.676507 0.843885
vt 0.676507 0.737677
vt 0.676507 0.818365
vt 0.674107 0.818365
vt 0.674107 0.737677
vt 0.405951 0.893520
vt 0.398978 0.891852
vt 0.401585 0.884905
vt 0.407438 0.889333
vt 0.662485 0.523776
vt 0.669263 0.521012
vt 0.670052 0.528814
vt 0.663093 0.529060
vt 0.653863 0.698462
vt 0.653925 0.727644
vt 0.652894 0.731524
vt 0.651606 0.733473
vt 0.647731 0.734521
vt 0.628697 0.734561
vt 0.633759 0.698506
vt 0.986346 0.480712
vt 0.980463 0.484834
vt 0.978169 0.477836
vt 0.985001 0.476398
vt 0.984514 0.451765
vt 0.978098 0.452167
vt 0.411455 0.899362
vt 0.408785 0.899292
vt 0.409179 0.894250
vt 0.411961 0.894807
vt 0.977749 0.470909
vt 0.984494 0.470986
vt 0.405250 0.899087
vt 0.398293 0.898974
vt 0.663553 0.728099
vt 0.670241 0.728347
vt 0.669517 0.735857
vt 0.662919 0.733190
vt 0.405356 0.919791
vt 0.398285 0.919318
vt 0.414977 0.899571
vt 0.415430 0.895331
vt 0.414960 0.919967
vt 0.411525 0.919966
vt 0.995256 0.476852
vt 0.992054 0.477924
vt 0.990962 0.475084
vt 0.994336 0.474105
vt 0.653334 0.525600
vt 0.656592 0.525228
vt 0.657136 0.529413
vt 0.653800 0.529678
vt 0.660326 0.727913
vt 0.660212 0.698451
vt 0.663486 0.698449
vt 0.410510 0.890353
vt 0.987718 0.470794
vt 0.988281 0.475692
vt 0.628256 0.525631
vt 0.633589 0.617990
vt 0.987581 0.451756
vt 0.657542 0.617933
vt 0.653693 0.617946
vt 0.412785 0.891856
vt 0.659132 0.524165
vt 0.659767 0.529263
vt 0.990276 0.470649
vt 0.989718 0.479648
vt 0.657790 0.727797
vt 0.659798 0.732837
vt 0.657309 0.731845
vt 0.660068 0.617925
vt 0.408858 0.919790
vt 0.990000 0.451580
vt 0.993054 0.451547
vt 0.654552 0.727642
vt 0.654224 0.731543
vt 0.993502 0.470224
vt 0.415986 0.892584
vt 0.391640 0.898338
vt 0.392991 0.890288
vt 0.391311 0.919267
vt 0.973852 0.486560
vt 0.972089 0.478664
vt 0.395410 0.882887
vt 0.971916 0.452127
vt 0.676543 0.728706
vt 0.675918 0.736379
vt 0.676071 0.520456
vt 0.676630 0.528567
vt 0.669971 0.617893
vt 0.663265 0.617914
vt 0.971627 0.471059
vt 0.670093 0.698433
vt 0.657724 0.698457
vt 0.676505 0.617889
vt 0.676630 0.698443
vt 0.836098 0.651839
vt 0.833698 0.651839
vt 0.552888 0.867106
vt 0.552888 0.947794
vt 0.647289 0.525591
vt 0.650515 0.526622
vt 0.652465 0.528563
vt 0.653512 0.532439
vt 0.676507 0.868107
vt 0.674107 0.868107
vt 0.833698 0.521408
vt 0.836098 0.521408
vt 0.836098 0.602096
vt 0.833698 0.602096
vt 0.573523 0.857442
vt 0.573287 0.771424
vt 0.590712 0.753316
vt 0.590659 0.876497
vt 0.431174 0.543420
vt 0.433403 0.533507
vt 0.437507 0.534213
vt 0.435338 0.543903
vt 0.607406 0.857442
vt 0.607170 0.771424
vt 0.624595 0.753316
vt 0.624542 0.876497
vt 0.974269 0.341119
vt 0.973967 0.035463
vt 0.991937 0.015651
vt 0.991759 0.360969
vt 0.571293 0.762068
vt 0.589419 0.746595
vt 0.565196 0.753877
vt 0.586174 0.740203
vt 0.962318 0.368968
vt 0.943547 0.350623
vt 0.946110 0.341119
vt 0.963600 0.360969
vt 0.622943 0.883504
vt 0.604940 0.866792
vt 0.619221 0.890151
vt 0.598191 0.874937
vt 0.943400 0.025751
vt 0.962657 0.007732
vt 0.963778 0.015651
vt 0.945809 0.035463
vt 0.605176 0.762068
vt 0.623302 0.746595
vt 0.599079 0.753877
vt 0.620057 0.740203
vt 0.990477 0.368968
vt 0.971705 0.350623
vt 0.589060 0.883505
vt 0.571057 0.866792
vt 0.585338 0.890151
vt 0.564308 0.874937
vt 0.971559 0.025751
vt 0.990816 0.007732
vt 0.453691 0.855199
vt 0.444606 0.852418
vt 0.437336 0.845311
vt 0.435246 0.835518
vt 0.445466 0.526865
vt 0.454472 0.524671
vt 0.540493 0.525910
vt 0.549579 0.528691
vt 0.556848 0.535799
vt 0.558939 0.545591
vt 0.558846 0.837207
vt 0.556677 0.846896
vt 0.548718 0.854244
vt 0.539712 0.856439
vt 0.551651 0.525052
vt 0.559574 0.532641
vt 0.453901 0.520456
vt 0.541288 0.521591
vt 0.443485 0.523099
vt 0.433215 0.845935
vt 0.431174 0.835973
vt 0.452896 0.859518
vt 0.442533 0.856057
vt 0.563010 0.837689
vt 0.560781 0.847602
vt 0.550699 0.858010
vt 0.540283 0.860653
vt 0.560970 0.535174
vt 0.563010 0.545136
vt 0.434771 0.530754
vt 0.434610 0.848468
vt 0.559413 0.850355
vt 0.594875 0.744590
vt 0.596893 0.752367
vt 0.591734 0.737677
vt 0.970205 0.361436
vt 0.969185 0.369917
vt 0.630776 0.877330
vt 0.628961 0.885410
vt 0.625492 0.893239
vt 0.969225 0.006944
vt 0.970205 0.015112
vt 0.628758 0.744590
vt 0.630776 0.752367
vt 0.625617 0.737677
vt 0.998363 0.361436
vt 0.997344 0.369917
vt 0.596893 0.877330
vt 0.595078 0.885410
vt 0.591609 0.893239
vt 0.997384 0.006945
vt 0.998363 0.015112
vt 0.379865 0.987215
vt 0.381370 0.991407
vt 0.375507 0.995873
vt 0.372872 0.988899
vt 0.816382 0.521043
vt 0.815770 0.526159
vt 0.809138 0.525930
vt 0.809871 0.518341
vt 0.815922 0.647302
vt 0.809074 0.647564
vt 0.959745 0.386763
vt 0.958412 0.391015
vt 0.951669 0.389580
vt 0.953955 0.382678
vt 0.957922 0.396360
vt 0.957982 0.434196
vt 0.951669 0.434196
vt 0.951243 0.396453
vt 0.385357 0.981360
vt 0.385877 0.985909
vt 0.383097 0.986476
vt 0.382696 0.981433
vt 0.379161 0.981643
vt 0.372191 0.981733
vt 0.816565 0.652416
vt 0.809869 0.655191
vt 0.379232 0.940407
vt 0.372299 0.940407
vt 0.388870 0.981134
vt 0.389344 0.985371
vt 0.388850 0.940407
vt 0.385418 0.940407
vt 0.968504 0.390565
vt 0.967602 0.393266
vt 0.964284 0.392307
vt 0.965357 0.389513
vt 0.825224 0.522797
vt 0.824786 0.526730
vt 0.821558 0.526483
vt 0.822082 0.522447
vt 0.819060 0.526350
vt 0.819098 0.647101
vt 0.384443 0.990373
vt 0.961645 0.391710
vt 0.961099 0.396540
vt 0.824857 0.646810
vt 0.821685 0.646978
vt 0.961005 0.434196
vt 0.722953 0.841816
vt 0.722953 0.707931
vt 0.761101 0.707931
vt 0.764987 0.708973
vt 0.766937 0.710922
vt 0.767978 0.714808
vt 0.767978 0.834939
vt 0.766937 0.838825
vt 0.764987 0.840775
vt 0.761101 0.841816
vt 0.386714 0.988859
vt 0.819637 0.521423
vt 0.963615 0.396673
vt 0.963062 0.387816
vt 0.822174 0.651015
vt 0.819682 0.652038
vt 0.382807 0.940407
vt 0.963393 0.434196
vt 0.966790 0.397078
vt 0.966408 0.434196
vt 0.825224 0.650685
vt 0.389912 0.988117
vt 0.366840 0.990487
vt 0.365453 0.982366
vt 0.365179 0.940407
vt 0.945650 0.388735
vt 0.947430 0.380942
vt 0.369301 0.997926
vt 0.945440 0.434196
vt 0.945132 0.396257
vt 0.803358 0.655764
vt 0.802671 0.647960
vt 0.802605 0.525698
vt 0.803191 0.517763
vt 0.379865 0.893598
vt 0.372872 0.891914
vt 0.375507 0.884940
vt 0.381370 0.889406
vt 0.645851 0.872397
vt 0.639340 0.875100
vt 0.638606 0.867511
vt 0.645238 0.867282
vt 0.638543 0.745877
vt 0.645391 0.746139
vt 0.959745 0.481630
vt 0.953955 0.485715
vt 0.951669 0.478812
vt 0.958412 0.477378
vt 0.957922 0.472033
vt 0.951243 0.471940
vt 0.385357 0.899454
vt 0.382696 0.899380
vt 0.383097 0.894337
vt 0.385877 0.894904
vt 0.379161 0.899170
vt 0.372191 0.899081
vt 0.639337 0.738250
vt 0.646033 0.741024
vt 0.388870 0.899679
vt 0.389344 0.895442
vt 0.968504 0.477827
vt 0.965357 0.478880
vt 0.964284 0.476086
vt 0.967602 0.475127
vt 0.654693 0.870644
vt 0.651550 0.870994
vt 0.651027 0.866958
vt 0.654254 0.866711
vt 0.648566 0.746340
vt 0.648529 0.867091
vt 0.384443 0.890441
vt 0.961099 0.471853
vt 0.961645 0.476683
vt 0.651154 0.746462
vt 0.654325 0.746631
vt 0.684805 0.841816
vt 0.680919 0.840775
vt 0.678970 0.838825
vt 0.677928 0.834939
vt 0.677928 0.714808
vt 0.678970 0.710922
vt 0.680919 0.708973
vt 0.684805 0.707931
vt 0.386714 0.891954
vt 0.649106 0.872018
vt 0.963615 0.471719
vt 0.963062 0.480576
vt 0.649151 0.741403
vt 0.651643 0.742426
vt 0.966790 0.471315
vt 0.654693 0.742756
vt 0.389912 0.892697
vt 0.365453 0.898448
vt 0.366840 0.890326
vt 0.947430 0.487451
vt 0.945650 0.479658
vt 0.369301 0.882887
vt 0.945132 0.472136
vt 0.632140 0.745481
vt 0.632827 0.737677
vt 0.632660 0.875678
vt 0.632074 0.867743
vt 0.788642 0.693272
vt 0.792789 0.692155
vt 0.796597 0.698061
vt 0.789763 0.700057
vt 0.729327 0.952735
vt 0.724211 0.952123
vt 0.724440 0.945491
vt 0.732029 0.946224
vt 0.603069 0.952275
vt 0.602807 0.945427
vt 0.792872 0.535003
vt 0.788393 0.533907
vt 0.789388 0.526795
vt 0.796734 0.528693
vt 0.782792 0.533805
vt 0.743273 0.536865
vt 0.742775 0.530252
vt 0.782191 0.526855
vt 0.783440 0.687679
vt 0.787815 0.687461
vt 0.788146 0.690122
vt 0.783339 0.690199
vt 0.783307 0.693568
vt 0.782913 0.700202
vt 0.597954 0.952918
vt 0.595180 0.946222
vt 0.744204 0.690852
vt 0.743754 0.697413
vt 0.783435 0.684342
vt 0.787443 0.684135
vt 0.744808 0.681732
vt 0.744594 0.685028
vt 0.789797 0.544263
vt 0.786862 0.543636
vt 0.787493 0.540102
vt 0.790527 0.540841
vt 0.727574 0.961577
vt 0.723641 0.961139
vt 0.723888 0.957911
vt 0.727924 0.958435
vt 0.724021 0.955413
vt 0.603269 0.955451
vt 0.792053 0.689115
vt 0.787931 0.537293
vt 0.782849 0.537130
vt 0.603561 0.961210
vt 0.603392 0.958038
vt 0.743513 0.540019
vt 0.743934 0.545652
vt 0.782707 0.545403
vt 0.786664 0.546436
vt 0.788658 0.548405
vt 0.789742 0.552348
vt 0.790526 0.674449
vt 0.789494 0.678405
vt 0.787525 0.680399
vt 0.783582 0.681483
vt 0.790635 0.686700
vt 0.728948 0.955990
vt 0.782912 0.539774
vt 0.791976 0.538490
vt 0.599355 0.958527
vt 0.598333 0.956035
vt 0.744431 0.687484
vt 0.743700 0.542507
vt 0.782765 0.543135
vt 0.599685 0.961577
vt 0.790027 0.683691
vt 0.790839 0.705897
vt 0.783050 0.706634
vt 0.743281 0.704155
vt 0.789837 0.520456
vt 0.798089 0.521765
vt 0.798089 0.704109
vt 0.742281 0.523721
vt 0.781941 0.520459
vt 0.594606 0.939711
vt 0.602410 0.939024
vt 0.724673 0.938958
vt 0.732608 0.939544
vt 0.700451 0.686597
vt 0.697982 0.693151
vt 0.691406 0.689729
vt 0.696540 0.684517
vt 0.692970 0.678643
vt 0.686524 0.681391
vt 0.685694 0.673880
vt 0.692234 0.673525
vt 0.684227 0.554902
vt 0.690973 0.555132
vt 0.694131 0.543511
vt 0.688722 0.537873
vt 0.695933 0.534323
vt 0.698449 0.541278
vt 0.704023 0.539928
vt 0.703241 0.532951
vt 0.706795 0.682382
vt 0.706351 0.684790
vt 0.701669 0.683587
vt 0.702684 0.681115
vt 0.705697 0.688057
vt 0.704817 0.694596
vt 0.684942 0.547348
vt 0.691618 0.550022
vt 0.707511 0.679259
vt 0.704096 0.678363
vt 0.700513 0.551923
vt 0.698206 0.548878
vt 0.700908 0.547106
vt 0.702393 0.550004
vt 0.702033 0.676501
vt 0.698716 0.677096
vt 0.697948 0.673004
vt 0.701155 0.672591
vt 0.694102 0.555351
vt 0.695486 0.673244
vt 0.698016 0.681555
vt 0.704644 0.543181
vt 0.699747 0.544536
vt 0.696648 0.555524
vt 0.699726 0.555848
vt 0.705926 0.548811
vt 0.700148 0.679446
vt 0.696242 0.678200
vt 0.705140 0.545725
vt 0.695978 0.546915
vt 0.694762 0.550392
vt 0.697296 0.551451
vt 0.703571 0.701001
vt 0.695789 0.698860
vt 0.685877 0.530953
vt 0.694201 0.527897
vt 0.688713 0.695632
vt 0.702356 0.526451
vt 0.677928 0.554576
vt 0.678508 0.546865
vt 0.679931 0.682033
vt 0.679271 0.674196
vt 0.460192 0.934909
vt 0.457781 0.934979
vt 0.457835 0.932655
vt 0.460318 0.932886
vt 0.458213 0.930293
vt 0.460702 0.930825
vt 0.458904 0.927953
vt 0.461323 0.928759
vt 0.459919 0.925810
vt 0.462129 0.926759
vt 0.481402 0.942420
vt 0.479165 0.943280
vt 0.478274 0.941278
vt 0.480637 0.940433
vt 0.477669 0.939059
vt 0.480046 0.938453
vt 0.477219 0.936790
vt 0.479648 0.936447
vt 0.477066 0.934510
vt 0.479497 0.934466
vt 0.477208 0.932238
vt 0.479611 0.932501
vt 0.477635 0.929991
vt 0.479985 0.930550
vt 0.478355 0.927822
vt 0.480598 0.928644
vt 0.479387 0.925869
vt 0.481402 0.926818
vt 0.462129 0.942261
vt 0.460130 0.943170
vt 0.459191 0.941378
vt 0.461320 0.940484
vt 0.458443 0.939373
vt 0.460689 0.938709
vt 0.457248 0.930096
vt 0.457947 0.927602
vt 0.457986 0.937227
vt 0.460314 0.936860
vt 0.516319 0.962738
vt 0.518199 0.962166
vt 0.518469 0.962348
vt 0.518189 0.963514
vt 0.522085 0.954104
vt 0.522281 0.956062
vt 0.522112 0.955952
vt 0.520213 0.953331
vt 0.520214 0.963514
vt 0.518189 0.953332
vt 0.524296 0.957415
vt 0.522447 0.956176
vt 0.523525 0.955542
vt 0.521067 0.957279
vt 0.516318 0.954108
vt 0.660121 0.848772
vt 0.660105 0.850745
vt 0.658838 0.850691
vt 0.658823 0.848793
vt 0.520148 0.959837
vt 0.522085 0.962740
vt 0.660116 0.848116
vt 0.658791 0.848133
vt 0.514112 0.959436
vt 0.517928 0.961986
vt 0.514887 0.961306
vt 0.658663 0.852317
vt 0.658467 0.852310
vt 0.658522 0.850687
vt 0.659971 0.852437
vt 0.523517 0.961309
vt 0.520723 0.959440
vt 0.521828 0.957788
vt 0.524293 0.959440
vt 0.658112 0.843676
vt 0.658442 0.843675
vt 0.658442 0.844994
vt 0.658116 0.844994
vt 0.514887 0.955540
vt 0.519962 0.958931
vt 0.519606 0.959476
vt 0.514112 0.957411
vt 0.660121 0.844996
vt 0.658776 0.844994
vt 0.656735 0.850805
vt 0.656663 0.848786
vt 0.657951 0.848844
vt 0.657979 0.850677
vt 0.658425 0.853577
vt 0.658229 0.853570
vt 0.658271 0.852304
vt 0.656721 0.848036
vt 0.658106 0.848158
vt 0.658453 0.848144
vt 0.658499 0.848804
vt 0.656832 0.844963
vt 0.656993 0.852499
vt 0.658622 0.853583
vt 0.658772 0.843674
vt 0.456872 0.932588
vt 0.456337 0.932550
vt 0.456712 0.929986
vt 0.476285 0.936893
vt 0.476134 0.934498
vt 0.459440 0.943716
vt 0.458391 0.941725
vt 0.456856 0.935029
vt 0.477426 0.941604
vt 0.476705 0.939291
vt 0.476738 0.929747
vt 0.477529 0.927455
vt 0.457098 0.937385
vt 0.459080 0.925175
vt 0.476288 0.932112
vt 0.457653 0.939606
vt 0.478714 0.925285
vt 0.478465 0.943794
vt 0.475771 0.936957
vt 0.476202 0.939415
vt 0.475711 0.939530
vt 0.475273 0.937010
vt 0.475777 0.932052
vt 0.476233 0.929619
vt 0.457402 0.927404
vt 0.477033 0.927242
vt 0.458533 0.924923
vt 0.478228 0.925011
vt 0.478026 0.944006
vt 0.476955 0.941787
vt 0.459039 0.943924
vt 0.457965 0.941917
vt 0.457188 0.939749
vt 0.456603 0.937474
vt 0.475618 0.934501
vt 0.456343 0.935057
vt 0.477794 0.924653
vt 0.476546 0.927039
vt 0.474629 0.926329
vt 0.475839 0.923694
vt 0.456711 0.939897
vt 0.456155 0.937555
vt 0.475152 0.934500
vt 0.455816 0.935087
vt 0.455852 0.932516
vt 0.475282 0.931997
vt 0.456158 0.929874
vt 0.475742 0.929497
vt 0.456901 0.927218
vt 0.458095 0.924605
vt 0.477590 0.944334
vt 0.476470 0.941972
vt 0.458693 0.944210
vt 0.457553 0.942107
vt 0.475774 0.945148
vt 0.474671 0.942687
vt 0.457083 0.945052
vt 0.455941 0.942870
vt 0.473805 0.940039
vt 0.454967 0.940502
vt 0.473317 0.937279
vt 0.454277 0.937961
vt 0.473179 0.934535
vt 0.453855 0.935271
vt 0.453794 0.932441
vt 0.473317 0.931803
vt 0.454078 0.929525
vt 0.473787 0.929051
vt 0.454817 0.926569
vt 0.455958 0.923694
vt 0.495410 0.929850
vt 0.492967 0.929919
vt 0.493029 0.927555
vt 0.495534 0.927786
vt 0.493404 0.925185
vt 0.495901 0.925712
vt 0.494105 0.922881
vt 0.496504 0.923655
vt 0.495054 0.920745
vt 0.497275 0.921651
vt 0.406132 0.830938
vt 0.403911 0.831745
vt 0.403057 0.829780
vt 0.405414 0.828964
vt 0.402470 0.827565
vt 0.404855 0.826972
vt 0.402010 0.825275
vt 0.404467 0.824933
vt 0.401850 0.822966
vt 0.404316 0.822918
vt 0.401992 0.820664
vt 0.404426 0.820917
vt 0.402429 0.818391
vt 0.404788 0.818934
vt 0.403127 0.816222
vt 0.405368 0.817016
vt 0.404119 0.814293
vt 0.406132 0.815202
vt 0.497275 0.937240
vt 0.495293 0.938129
vt 0.494365 0.936355
vt 0.496485 0.935478
vt 0.493619 0.934369
vt 0.495874 0.933713
vt 0.492438 0.924981
vt 0.493155 0.922522
vt 0.493175 0.932207
vt 0.495521 0.931846
vt 0.593189 0.935660
vt 0.592617 0.933779
vt 0.592798 0.933509
vt 0.593964 0.933789
vt 0.584555 0.929893
vt 0.586513 0.929697
vt 0.586403 0.929865
vt 0.583782 0.931765
vt 0.593965 0.931764
vt 0.583783 0.933789
vt 0.587866 0.927682
vt 0.586627 0.929531
vt 0.585993 0.928453
vt 0.587730 0.930911
vt 0.584558 0.935659
vt 0.837156 0.658236
vt 0.837140 0.660208
vt 0.835873 0.660154
vt 0.835858 0.658256
vt 0.590288 0.931831
vt 0.593191 0.929893
vt 0.837151 0.657579
vt 0.835826 0.657596
vt 0.589886 0.937866
vt 0.592436 0.934050
vt 0.591757 0.937091
vt 0.835699 0.661780
vt 0.835502 0.661774
vt 0.835557 0.660150
vt 0.837007 0.661900
vt 0.591760 0.928461
vt 0.589890 0.931255
vt 0.588239 0.930150
vt 0.589891 0.927684
vt 0.835147 0.653139
vt 0.835477 0.653138
vt 0.835477 0.654458
vt 0.835151 0.654457
vt 0.585990 0.937091
vt 0.589381 0.932016
vt 0.589926 0.932372
vt 0.587861 0.937866
vt 0.837156 0.654460
vt 0.835811 0.654457
vt 0.833770 0.660268
vt 0.833698 0.658250
vt 0.834986 0.658308
vt 0.835014 0.660141
vt 0.835461 0.663040
vt 0.835264 0.663033
vt 0.835306 0.661767
vt 0.833757 0.657499
vt 0.835141 0.657621
vt 0.835488 0.657607
vt 0.835535 0.658268
vt 0.833867 0.654427
vt 0.834028 0.661962
vt 0.835657 0.663046
vt 0.835807 0.653137
vt 0.492061 0.927481
vt 0.491523 0.927439
vt 0.491902 0.924865
vt 0.401064 0.825381
vt 0.400905 0.822955
vt 0.494611 0.938667
vt 0.493572 0.936699
vt 0.492025 0.929967
vt 0.402217 0.830102
vt 0.401508 0.827801
vt 0.401532 0.818146
vt 0.402305 0.815861
vt 0.492280 0.932366
vt 0.494292 0.920171
vt 0.401062 0.820537
vt 0.492826 0.934604
vt 0.403454 0.813732
vt 0.403224 0.832236
vt 0.400543 0.825447
vt 0.401007 0.827928
vt 0.400489 0.828060
vt 0.400038 0.825503
vt 0.400544 0.820475
vt 0.401029 0.818016
vt 0.492623 0.922324
vt 0.401815 0.815651
vt 0.493762 0.919916
vt 0.402976 0.813470
vt 0.402796 0.832439
vt 0.401753 0.830284
vt 0.494216 0.938873
vt 0.493151 0.936889
vt 0.492360 0.934750
vt 0.491782 0.932457
vt 0.400382 0.822958
vt 0.491503 0.929995
vt 0.402599 0.813155
vt 0.401363 0.815452
vt 0.399479 0.814716
vt 0.400713 0.812178
vt 0.491912 0.934896
vt 0.491299 0.932552
vt 0.399909 0.822958
vt 0.490961 0.930025
vt 0.491000 0.927392
vt 0.400041 0.820418
vt 0.491383 0.924748
vt 0.400509 0.817879
vt 0.492134 0.922137
vt 0.493339 0.919599
vt 0.402420 0.832727
vt 0.401305 0.830468
vt 0.493875 0.939155
vt 0.492745 0.937078
vt 0.400682 0.833567
vt 0.399544 0.831212
vt 0.492290 0.939992
vt 0.491156 0.937845
vt 0.398590 0.828601
vt 0.490169 0.935521
vt 0.398052 0.825792
vt 0.489406 0.932981
vt 0.397901 0.822995
vt 0.488952 0.930206
vt 0.488922 0.927289
vt 0.398045 0.820210
vt 0.489306 0.924357
vt 0.398557 0.817409
vt 0.490096 0.921466
vt 0.491261 0.918671
vt 0.497517 0.980472
vt 0.495003 0.980540
vt 0.495176 0.978163
vt 0.497650 0.978390
vt 0.495517 0.975793
vt 0.497982 0.976295
vt 0.496173 0.973542
vt 0.498517 0.974297
vt 0.497148 0.971528
vt 0.499249 0.972407
vt 0.471811 0.942324
vt 0.469626 0.943216
vt 0.468702 0.941253
vt 0.471018 0.940382
vt 0.468000 0.939081
vt 0.470407 0.938451
vt 0.467643 0.936784
vt 0.470049 0.936460
vt 0.467435 0.934475
vt 0.469911 0.934439
vt 0.467647 0.932171
vt 0.470042 0.932440
vt 0.468015 0.929900
vt 0.470398 0.930466
vt 0.468783 0.927756
vt 0.471005 0.928582
vt 0.469812 0.925820
vt 0.471811 0.926771
vt 0.499249 0.988146
vt 0.497179 0.988968
vt 0.496303 0.987120
vt 0.498519 0.986307
vt 0.495657 0.985055
vt 0.497969 0.984460
vt 0.494572 0.975566
vt 0.495314 0.973192
vt 0.495259 0.982841
vt 0.497640 0.982508
vt 0.498838 0.949768
vt 0.498235 0.947786
vt 0.498426 0.947501
vt 0.499655 0.947796
vt 0.489735 0.943692
vt 0.491800 0.943485
vt 0.491683 0.943662
vt 0.488922 0.945666
vt 0.499655 0.945662
vt 0.488923 0.947799
vt 0.493225 0.941360
vt 0.491919 0.943309
vt 0.491251 0.942174
vt 0.493083 0.944764
vt 0.489741 0.949770
vt 0.660121 0.859980
vt 0.660105 0.861952
vt 0.658838 0.861898
vt 0.658823 0.860000
vt 0.495779 0.945733
vt 0.498839 0.943690
vt 0.660116 0.859323
vt 0.658791 0.859340
vt 0.495358 0.952095
vt 0.498045 0.948072
vt 0.497330 0.951277
vt 0.658663 0.863524
vt 0.658467 0.863518
vt 0.658522 0.861894
vt 0.659971 0.863644
vt 0.497330 0.942180
vt 0.495360 0.945126
vt 0.493619 0.943962
vt 0.495359 0.941363
vt 0.658112 0.854883
vt 0.658442 0.854882
vt 0.658442 0.856202
vt 0.658116 0.856202
vt 0.491251 0.951279
vt 0.494824 0.945928
vt 0.495398 0.946303
vt 0.493223 0.952095
vt 0.660121 0.856204
vt 0.658776 0.856202
vt 0.656734 0.862013
vt 0.656663 0.859994
vt 0.657951 0.860052
vt 0.657979 0.861885
vt 0.658425 0.864784
vt 0.658229 0.864778
vt 0.658271 0.863511
vt 0.656721 0.859243
vt 0.658106 0.859365
vt 0.658453 0.859352
vt 0.658499 0.860012
vt 0.656832 0.856171
vt 0.656993 0.863706
vt 0.658622 0.864791
vt 0.658772 0.854881
vt 0.494163 0.978060
vt 0.493630 0.978011
vt 0.494046 0.975444
vt 0.466664 0.936904
vt 0.466539 0.934473
vt 0.496544 0.989457
vt 0.495522 0.987446
vt 0.494094 0.980562
vt 0.467829 0.941587
vt 0.467144 0.939291
vt 0.467158 0.929677
vt 0.467916 0.927390
vt 0.494293 0.982990
vt 0.496449 0.970968
vt 0.466673 0.932047
vt 0.494785 0.985297
vt 0.469068 0.925200
vt 0.468860 0.943770
vt 0.466148 0.936971
vt 0.466642 0.939420
vt 0.466124 0.939553
vt 0.465645 0.937029
vt 0.466160 0.931984
vt 0.466653 0.929545
vt 0.494801 0.972989
vt 0.467422 0.927183
vt 0.495951 0.970710
vt 0.468575 0.924944
vt 0.468420 0.943973
vt 0.467365 0.941772
vt 0.496142 0.989666
vt 0.495089 0.987630
vt 0.494305 0.985433
vt 0.493788 0.983071
vt 0.466014 0.934474
vt 0.493561 0.980582
vt 0.468187 0.924632
vt 0.466968 0.926989
vt 0.465079 0.926277
vt 0.466267 0.923694
vt 0.493872 0.985556
vt 0.493299 0.983155
vt 0.465507 0.934468
vt 0.493044 0.980607
vt 0.493077 0.977959
vt 0.465661 0.931915
vt 0.493536 0.975318
vt 0.466165 0.929412
vt 0.494334 0.972801
vt 0.495507 0.970364
vt 0.468036 0.944264
vt 0.466914 0.941955
vt 0.495747 0.989981
vt 0.494643 0.987816
vt 0.466266 0.945089
vt 0.465147 0.942691
vt 0.494092 0.990791
vt 0.492995 0.988548
vt 0.464227 0.940094
vt 0.492074 0.986138
vt 0.463665 0.937322
vt 0.491380 0.983539
vt 0.463497 0.934501
vt 0.491008 0.980744
vt 0.491012 0.977817
vt 0.463676 0.931697
vt 0.491498 0.974884
vt 0.464217 0.928943
vt 0.492366 0.972105
vt 0.493526 0.969446
vt 0.666310 0.807043
vt 0.666310 0.773009
vt 0.672809 0.773009
vt 0.672809 0.807043
vt 0.672809 0.808341
vt 0.672809 0.842376
vt 0.666310 0.842376
vt 0.666310 0.808341
vt 0.447893 0.990843
vt 0.447893 0.958607
vt 0.450265 0.960427
vt 0.450265 0.989023
vt 0.438672 0.992662
vt 0.438672 0.956787
vt 0.445522 0.956787
vt 0.445522 0.992662
vt 0.367936 0.879223
vt 0.367936 0.843348
vt 0.374785 0.843348
vt 0.374785 0.879223
vt 0.379528 0.875584
vt 0.379528 0.846987
vt 0.385663 0.846987
vt 0.385663 0.875584
vt 0.377157 0.877404
vt 0.377157 0.845168
vt 0.664061 0.810068
vt 0.664061 0.840649
vt 0.661811 0.838923
vt 0.661811 0.811794
vt 0.664061 0.774735
vt 0.664061 0.805317
vt 0.661811 0.803591
vt 0.661811 0.776462
vt 0.655991 0.838923
vt 0.655991 0.811794
vt 0.456399 0.960427
vt 0.456399 0.989023
vt 0.655991 0.803591
vt 0.655991 0.776462
vt 0.554437 0.921362
vt 0.554437 0.893090
vt 0.581566 0.893090
vt 0.581566 0.921362
vt 0.666310 0.771711
vt 0.666310 0.737677
vt 0.672809 0.737677
vt 0.672809 0.771711
vt 0.387031 0.879223
vt 0.387031 0.843348
vt 0.393881 0.843348
vt 0.393881 0.879223
vt 0.481134 0.990843
vt 0.481134 0.958607
vt 0.483506 0.960427
vt 0.483506 0.989023
vt 0.471913 0.992662
vt 0.471913 0.956787
vt 0.478763 0.956787
vt 0.478763 0.992662
vt 0.419577 0.992662
vt 0.419577 0.956787
vt 0.426427 0.956787
vt 0.426427 0.992662
vt 0.431169 0.989023
vt 0.431170 0.960427
vt 0.437304 0.960427
vt 0.437304 0.989023
vt 0.428798 0.990843
vt 0.428798 0.958607
vt 0.396252 0.877404
vt 0.396252 0.845168
vt 0.398624 0.846987
vt 0.398624 0.875584
vt 0.664061 0.739403
vt 0.664061 0.769985
vt 0.661811 0.768258
vt 0.661811 0.741129
vt 0.404758 0.846987
vt 0.404758 0.875584
vt 0.489640 0.960427
vt 0.489640 0.989023
vt 0.655991 0.768258
vt 0.655991 0.741129
vt 0.367936 0.841980
vt 0.367936 0.812178
vt 0.396532 0.812178
vt 0.396532 0.841980
vt 0.445236 0.886592
vt 0.448278 0.886592
vt 0.448278 0.888602
vt 0.445236 0.888602
vt 0.451770 0.922326
vt 0.445236 0.922326
vt 0.445236 0.915755
vt 0.451770 0.915755
vt 0.558244 0.958487
vt 0.531453 0.958487
vt 0.532895 0.956329
vt 0.556588 0.956329
vt 0.672809 0.843674
vt 0.672809 0.847617
vt 0.666575 0.847615
vt 0.666575 0.843674
vt 0.558244 0.964721
vt 0.531452 0.964721
vt 0.448279 0.911205
vt 0.445236 0.911205
vt 0.445236 0.910320
vt 0.448279 0.910320
vt 0.469660 0.963321
vt 0.469660 0.960278
vt 0.470545 0.960278
vt 0.470545 0.963321
vt 0.467385 0.989457
vt 0.467385 0.984669
vt 0.469660 0.984669
vt 0.469660 0.987711
vt 0.532417 0.954171
vt 0.528906 0.954171
vt 0.528906 0.953331
vt 0.532421 0.953331
vt 0.445236 0.882887
vt 0.448278 0.882887
vt 0.662258 0.846986
vt 0.662258 0.850497
vt 0.661419 0.850500
vt 0.661419 0.846986
vt 0.423888 0.922326
vt 0.417354 0.922326
vt 0.417354 0.915755
vt 0.423888 0.915755
vt 0.465110 0.991202
vt 0.465110 0.984669
vt 0.445236 0.913480
vt 0.450024 0.913480
vt 0.530974 0.956329
vt 0.527250 0.956329
vt 0.664417 0.850974
vt 0.664416 0.874667
vt 0.662258 0.873011
vt 0.662258 0.852411
vt 0.666575 0.849533
vt 0.666575 0.876323
vt 0.573230 0.924817
vt 0.575138 0.924817
vt 0.575138 0.945070
vt 0.573230 0.945070
vt 0.672809 0.849531
vt 0.672809 0.876323
vt 0.661419 0.873011
vt 0.661419 0.852407
vt 0.529536 0.958487
vt 0.525594 0.958487
vt 0.554932 0.954171
vt 0.534331 0.954171
vt 0.534328 0.953331
vt 0.554932 0.953331
vt 0.529537 0.964721
vt 0.525594 0.964721
vt 0.664417 0.845330
vt 0.664417 0.849053
vt 0.420846 0.886592
vt 0.423888 0.886592
vt 0.423888 0.888602
vt 0.420846 0.888602
vt 0.467385 0.963321
vt 0.467385 0.958533
vt 0.420846 0.882887
vt 0.423888 0.882887
vt 0.423888 0.911205
vt 0.420846 0.911205
vt 0.420846 0.910320
vt 0.423888 0.910320
vt 0.465110 0.963321
vt 0.465110 0.956787
vt 0.423888 0.913480
vt 0.419100 0.913480
vt 0.470545 0.984669
vt 0.470545 0.987711
vt 0.458539 0.963321
vt 0.458539 0.956787
vt 0.458539 0.991202
vt 0.458539 0.984669
vt 0.443813 0.908590
vt 0.443813 0.895085
vt 0.573230 0.922660
vt 0.575138 0.922660
vt 0.571073 0.945070
vt 0.571073 0.924817
vt 0.575138 0.947228
vt 0.573230 0.947228
vt 0.577295 0.924817
vt 0.577295 0.945070
vt 0.674107 0.882218
vt 0.674107 0.869406
vt 0.675067 0.869406
vt 0.675067 0.882218
vt 0.425311 0.895085
vt 0.425311 0.908591
vt 0.552774 0.994685
vt 0.565586 0.994685
vt 0.565382 0.994965
vt 0.552979 0.994965
vt 0.566884 0.993725
vt 0.584437 0.993725
vt 0.584437 0.994685
vt 0.566884 0.994685
vt 0.552774 0.993725
vt 0.565586 0.993725
vt 0.573341 0.968044
vt 0.555788 0.968044
vt 0.555788 0.967083
vt 0.573341 0.967083
vt 0.419243 0.923694
vt 0.432317 0.923694
vt 0.432317 0.925583
vt 0.419243 0.925583
vt 0.584156 0.994890
vt 0.567165 0.994890
vt 0.675347 0.869610
vt 0.675347 0.882013
vt 0.556068 0.966879
vt 0.573060 0.966879
vt 0.432317 0.943494
vt 0.419243 0.943494
vt 0.417354 0.943494
vt 0.417354 0.925583
vt 0.432317 0.945383
vt 0.419243 0.945383
vt 0.434206 0.925583
vt 0.434206 0.943494
vt 0.481020 0.886592
vt 0.484062 0.886592
vt 0.484062 0.888602
vt 0.481020 0.888602
vt 0.487553 0.922326
vt 0.481020 0.922326
vt 0.481020 0.915755
vt 0.487553 0.915755
vt 0.588938 0.893734
vt 0.588938 0.920525
vt 0.586780 0.919083
vt 0.586780 0.895390
vt 0.592191 0.964721
vt 0.588248 0.964721
vt 0.588250 0.958487
vt 0.592191 0.958487
vt 0.595172 0.893734
vt 0.595172 0.920526
vt 0.484062 0.911205
vt 0.481020 0.911205
vt 0.481020 0.910320
vt 0.484062 0.910320
vt 0.489806 0.910769
vt 0.489806 0.913811
vt 0.488922 0.913811
vt 0.488922 0.910769
vt 0.492081 0.884633
vt 0.492081 0.889421
vt 0.489806 0.889420
vt 0.489806 0.886378
vt 0.584622 0.919561
vt 0.584622 0.923072
vt 0.583782 0.923072
vt 0.583782 0.919557
vt 0.481020 0.882887
vt 0.484062 0.882887
vt 0.588879 0.954171
vt 0.585368 0.954171
vt 0.585365 0.953331
vt 0.588879 0.953331
vt 0.459672 0.922326
vt 0.453138 0.922326
vt 0.453138 0.915755
vt 0.459672 0.915755
vt 0.494356 0.882887
vt 0.494356 0.889420
vt 0.481020 0.913480
vt 0.485808 0.913480
vt 0.586780 0.921004
vt 0.586780 0.924728
vt 0.584890 0.956329
vt 0.561198 0.956329
vt 0.562854 0.954171
vt 0.583454 0.954171
vt 0.586332 0.958487
vt 0.559542 0.958487
vt 0.504901 0.993069
vt 0.502891 0.993069
vt 0.502891 0.971720
vt 0.504901 0.971720
vt 0.586334 0.964721
vt 0.559542 0.964721
vt 0.562854 0.953331
vt 0.583457 0.953331
vt 0.588938 0.922442
vt 0.588938 0.926384
vt 0.584622 0.897046
vt 0.584622 0.917646
vt 0.583782 0.917650
vt 0.583782 0.897046
vt 0.595172 0.922441
vt 0.595172 0.926383
vt 0.590535 0.956329
vt 0.586812 0.956329
vt 0.456629 0.886592
vt 0.459671 0.886592
vt 0.459671 0.888602
vt 0.456629 0.888602
vt 0.492081 0.910769
vt 0.492081 0.915557
vt 0.456629 0.882887
vt 0.459671 0.882887
vt 0.459671 0.911205
vt 0.456629 0.911205
vt 0.456629 0.910320
vt 0.459671 0.910320
vt 0.494356 0.910769
vt 0.494356 0.917302
vt 0.459671 0.913480
vt 0.454884 0.913480
vt 0.488922 0.889420
vt 0.488922 0.886378
vt 0.500927 0.910769
vt 0.500927 0.917302
vt 0.500927 0.882887
vt 0.500927 0.889421
vt 0.479597 0.908590
vt 0.479597 0.895085
vt 0.504901 0.995343
vt 0.502891 0.995343
vt 0.507175 0.971720
vt 0.507175 0.993069
vt 0.502891 0.969446
vt 0.504901 0.969446
vt 0.500617 0.993069
vt 0.500617 0.971720
vt 0.571625 0.996188
vt 0.584437 0.996188
vt 0.584437 0.997148
vt 0.571625 0.997148
vt 0.461095 0.895085
vt 0.461095 0.908590
vt 0.552774 0.997223
vt 0.565586 0.997223
vt 0.565382 0.997504
vt 0.552979 0.997504
vt 0.574638 0.966879
vt 0.592191 0.966879
vt 0.592191 0.967839
vt 0.574638 0.967839
vt 0.552774 0.996263
vt 0.565586 0.996263
vt 0.560574 0.861951
vt 0.560574 0.879503
vt 0.559614 0.879503
vt 0.559614 0.861951
vt 0.437463 0.923694
vt 0.450537 0.923694
vt 0.450537 0.925583
vt 0.437463 0.925583
vt 0.591910 0.968044
vt 0.574919 0.968044
vt 0.584232 0.997428
vt 0.571829 0.997428
vt 0.559409 0.879223
vt 0.559409 0.862231
vt 0.450537 0.943494
vt 0.437463 0.943494
vt 0.435574 0.943494
vt 0.435574 0.925583
vt 0.450537 0.945383
vt 0.437463 0.945383
vt 0.452426 0.925583
vt 0.452426 0.943494
vt 0.872722 0.781193
vt 0.877359 0.781718
vt 0.876872 0.788711
vt 0.872130 0.788488
vt 0.872468 0.803329
vt 0.877300 0.802919
vt 0.878222 0.810077
vt 0.873341 0.810819
vt 0.879680 0.817338
vt 0.874738 0.818430
vt 0.881675 0.824670
vt 0.876689 0.826129
vt 0.884219 0.832042
vt 0.879217 0.833877
vt 0.887322 0.839425
vt 0.882336 0.841631
vt 0.891099 0.846816
vt 0.886035 0.849316
vt 0.888100 0.737605
vt 0.891696 0.739688
vt 0.888499 0.745059
vt 0.884930 0.743080
vt 0.885761 0.750508
vt 0.882029 0.748723
vt 0.883345 0.756180
vt 0.879432 0.754614
vt 0.881278 0.762156
vt 0.877167 0.760822
vt 0.879574 0.768417
vt 0.875273 0.767333
vt 0.878259 0.774944
vt 0.873781 0.774131
vt 0.876849 0.795817
vt 0.872055 0.795905
vt 0.879176 0.788792
vt 0.879134 0.795757
vt 0.866701 0.975077
vt 0.869352 0.968683
vt 0.871282 0.969970
vt 0.868970 0.975524
vt 0.879560 0.802694
vt 0.866706 0.981979
vt 0.868969 0.981535
vt 0.880536 0.809678
vt 0.869305 0.988376
vt 0.871241 0.987105
vt 0.882024 0.816768
vt 0.874180 0.993310
vt 0.875482 0.991379
vt 0.884035 0.823926
vt 0.880584 0.995980
vt 0.881036 0.993707
vt 0.886587 0.831118
vt 0.887496 0.995988
vt 0.887050 0.993722
vt 0.889693 0.838315
vt 0.893905 0.993362
vt 0.892613 0.991426
vt 0.893353 0.845430
vt 0.898806 0.988450
vt 0.896874 0.987164
vt 0.893353 0.740860
vt 0.890222 0.746018
vt 0.901462 0.982054
vt 0.899190 0.981606
vt 0.887525 0.751322
vt 0.901462 0.975139
vt 0.899194 0.975588
vt 0.885222 0.756887
vt 0.898850 0.968756
vt 0.896927 0.970027
vt 0.883250 0.762750
vt 0.893993 0.963836
vt 0.892695 0.965764
vt 0.881634 0.768890
vt 0.887594 0.961172
vt 0.887143 0.963444
vt 0.880401 0.775288
vt 0.880683 0.961164
vt 0.881127 0.963431
vt 0.879577 0.781925
vt 0.874267 0.963783
vt 0.875554 0.965723
vt 0.831775 0.774350
vt 0.836133 0.775204
vt 0.835167 0.781802
vt 0.830645 0.781227
vt 0.829751 0.795682
vt 0.834551 0.795646
vt 0.834952 0.802841
vt 0.830039 0.803208
vt 0.835857 0.810182
vt 0.830852 0.810895
vt 0.837288 0.817636
vt 0.832212 0.818710
vt 0.839265 0.825170
vt 0.834142 0.826619
vt 0.841807 0.832749
vt 0.836661 0.834584
vt 0.844932 0.840345
vt 0.839786 0.842563
vt 0.848729 0.848007
vt 0.843492 0.850511
vt 0.846216 0.739163
vt 0.849587 0.741217
vt 0.846476 0.746252
vt 0.843090 0.744296
vt 0.843760 0.751458
vt 0.840174 0.749676
vt 0.841344 0.756964
vt 0.837551 0.755385
vt 0.839249 0.762767
vt 0.835257 0.761411
vt 0.837503 0.768853
vt 0.833321 0.767738
vt 0.834631 0.788624
vt 0.829962 0.788346
vt 0.837327 0.782030
vt 0.836858 0.788709
vt 0.675035 0.904124
vt 0.672401 0.910500
vt 0.670477 0.909220
vt 0.672775 0.903675
vt 0.836838 0.795580
vt 0.675043 0.897220
vt 0.672767 0.897663
vt 0.837289 0.802617
vt 0.672422 0.890790
vt 0.670478 0.892077
vt 0.838234 0.809792
vt 0.667521 0.885867
vt 0.666232 0.887797
vt 0.839695 0.817073
vt 0.661124 0.883208
vt 0.660676 0.885480
vt 0.841691 0.824428
vt 0.654208 0.883210
vt 0.654664 0.885476
vt 0.844241 0.831823
vt 0.647836 0.885853
vt 0.649115 0.887769
vt 0.847363 0.839222
vt 0.642943 0.890731
vt 0.644872 0.892023
vt 0.851107 0.846578
vt 0.640290 0.897120
vt 0.642554 0.897575
vt 0.851107 0.742329
vt 0.848101 0.747168
vt 0.640268 0.904040
vt 0.642549 0.903594
vt 0.845486 0.752273
vt 0.642896 0.910441
vt 0.644823 0.909165
vt 0.843167 0.757679
vt 0.647766 0.915367
vt 0.649065 0.913434
vt 0.841165 0.763374
vt 0.654179 0.918032
vt 0.654629 0.915754
vt 0.839507 0.769342
vt 0.661110 0.918032
vt 0.660654 0.915758
vt 0.838218 0.775567
vt 0.667510 0.915389
vt 0.666221 0.913465
vt 0.972602 0.640997
vt 0.977126 0.641570
vt 0.976594 0.648395
vt 0.971923 0.648120
vt 0.972009 0.662990
vt 0.976924 0.662620
vt 0.977834 0.669963
vt 0.972826 0.670680
vt 0.979270 0.677420
vt 0.974192 0.678498
vt 0.981252 0.684956
vt 0.976128 0.686409
vt 0.983799 0.692537
vt 0.978653 0.694376
vt 0.986918 0.700134
vt 0.981786 0.702354
vt 0.990728 0.707747
vt 0.985514 0.710267
vt 0.988156 0.598903
vt 0.991530 0.600955
vt 0.988420 0.605995
vt 0.985031 0.604040
vt 0.985706 0.611205
vt 0.982117 0.609425
vt 0.983292 0.616716
vt 0.979496 0.615138
vt 0.981200 0.622523
vt 0.977204 0.621168
vt 0.979456 0.628613
vt 0.975272 0.627500
vt 0.978089 0.634968
vt 0.973728 0.634116
vt 0.976519 0.655421
vt 0.971716 0.655460
vt 0.978823 0.648480
vt 0.978806 0.655354
vt 0.763566 0.972186
vt 0.766214 0.965788
vt 0.768145 0.967074
vt 0.765837 0.972631
vt 0.979261 0.662394
vt 0.763576 0.979089
vt 0.765840 0.978645
vt 0.980211 0.669572
vt 0.766179 0.985488
vt 0.768116 0.984216
vt 0.981678 0.676855
vt 0.771054 0.990424
vt 0.772356 0.988493
vt 0.983680 0.684213
vt 0.777458 0.993086
vt 0.777908 0.990815
vt 0.986235 0.691610
vt 0.784361 0.993086
vt 0.783914 0.990825
vt 0.989358 0.699017
vt 0.790745 0.990460
vt 0.789466 0.988531
vt 0.993051 0.706345
vt 0.795657 0.985566
vt 0.793721 0.984269
vt 0.993051 0.602067
vt 0.990046 0.606910
vt 0.798325 0.979155
vt 0.796048 0.978703
vt 0.987433 0.612020
vt 0.798332 0.972226
vt 0.796058 0.972677
vt 0.985117 0.617430
vt 0.795705 0.965823
vt 0.793780 0.967108
vt 0.983117 0.623129
vt 0.790826 0.960922
vt 0.789541 0.962846
vt 0.981461 0.629101
vt 0.784443 0.958266
vt 0.783995 0.960533
vt 0.980175 0.635330
vt 0.777540 0.958263
vt 0.777986 0.960528
vt 0.979287 0.641797
vt 0.771127 0.960885
vt 0.772415 0.962824
vt 0.973614 0.762522
vt 0.978221 0.763021
vt 0.977770 0.769969
vt 0.973059 0.769770
vt 0.973464 0.784507
vt 0.978261 0.784078
vt 0.979209 0.791182
vt 0.974365 0.791941
vt 0.980691 0.798386
vt 0.975787 0.799494
vt 0.982705 0.805659
vt 0.977761 0.807130
vt 0.985266 0.812968
vt 0.980306 0.814813
vt 0.988381 0.820286
vt 0.983440 0.822500
vt 0.992166 0.827609
vt 0.987149 0.830115
vt 0.988958 0.718297
vt 0.992702 0.720448
vt 0.989405 0.726032
vt 0.985683 0.723998
vt 0.986572 0.731719
vt 0.982706 0.729902
vt 0.984106 0.737565
vt 0.980116 0.735999
vt 0.982049 0.743580
vt 0.977921 0.742266
vt 0.980363 0.749801
vt 0.976082 0.748745
vt 0.979085 0.756290
vt 0.974633 0.755503
vt 0.977780 0.777026
vt 0.973019 0.777136
vt 0.980059 0.770039
vt 0.980049 0.776956
vt 0.635913 0.920903
vt 0.633261 0.927302
vt 0.631328 0.926018
vt 0.633643 0.920457
vt 0.980504 0.783844
vt 0.635907 0.913997
vt 0.633644 0.914443
vt 0.981506 0.790776
vt 0.633297 0.907606
vt 0.631364 0.908880
vt 0.983015 0.797810
vt 0.628415 0.902687
vt 0.627119 0.904616
vt 0.985046 0.804909
vt 0.622025 0.900040
vt 0.621571 0.902302
vt 0.987613 0.812040
vt 0.615116 0.900023
vt 0.615560 0.902299
vt 0.990730 0.819173
vt 0.608694 0.902663
vt 0.609989 0.904602
vt 0.994398 0.826222
vt 0.603796 0.907586
vt 0.605729 0.908868
vt 0.994398 0.721632
vt 0.991216 0.727019
vt 0.601161 0.913978
vt 0.603426 0.914427
vt 0.988425 0.732577
vt 0.601156 0.920900
vt 0.603438 0.920449
vt 0.986010 0.738297
vt 0.603791 0.927308
vt 0.605718 0.926021
vt 0.983990 0.744166
vt 0.608674 0.932209
vt 0.609957 0.930283
vt 0.982409 0.750263
vt 0.615058 0.934857
vt 0.615504 0.932589
vt 0.981214 0.756622
vt 0.621961 0.934857
vt 0.621513 0.932593
vt 0.980426 0.763217
vt 0.628367 0.932222
vt 0.627072 0.930287
vt 0.960100 0.887541
vt 0.964304 0.888727
vt 0.962323 0.897879
vt 0.957871 0.897063
vt 0.956047 0.917591
vt 0.960906 0.917562
vt 0.961611 0.927954
vt 0.956602 0.928455
vt 0.963343 0.938605
vt 0.958228 0.939608
vt 0.966122 0.949434
vt 0.960992 0.950942
vt 0.969997 0.960144
vt 0.964919 0.962162
vt 0.974892 0.970660
vt 0.969894 0.973205
vt 0.980975 0.981030
vt 0.976083 0.984118
vt 0.988390 0.991192
vt 0.983475 0.994698
vt 0.986792 0.843602
vt 0.989430 0.846186
vt 0.983878 0.851805
vt 0.981172 0.849340
vt 0.978932 0.857905
vt 0.975914 0.855614
vt 0.974427 0.864667
vt 0.971091 0.862595
vt 0.970434 0.872079
vt 0.966792 0.870265
vt 0.967034 0.880111
vt 0.963101 0.878593
vt 0.961166 0.907512
vt 0.956495 0.907102
vt 0.964606 0.898247
vt 0.963557 0.907671
vt 0.859794 0.977185
vt 0.856041 0.986272
vt 0.853398 0.984512
vt 0.856686 0.976568
vt 0.963388 0.917494
vt 0.859794 0.967352
vt 0.856676 0.967966
vt 0.964165 0.927643
vt 0.856043 0.958235
vt 0.853390 0.960001
vt 0.965949 0.938039
vt 0.849076 0.951260
vt 0.847311 0.953904
vt 0.968787 0.948610
vt 0.839981 0.947492
vt 0.839366 0.950607
vt 0.972527 0.959092
vt 0.830144 0.947499
vt 0.830768 0.950608
vt 0.977419 0.969310
vt 0.821072 0.951265
vt 0.822832 0.953897
vt 0.983464 0.979390
vt 0.814119 0.958215
vt 0.816762 0.959981
vt 0.990634 0.989169
vt 0.810353 0.967304
vt 0.813462 0.967924
vt 0.990634 0.847648
vt 0.985280 0.853050
vt 0.810341 0.977143
vt 0.813462 0.976527
vt 0.980499 0.859044
vt 0.814091 0.986240
vt 0.816732 0.984484
vt 0.976153 0.865690
vt 0.821030 0.993221
vt 0.822803 0.990576
vt 0.972315 0.872966
vt 0.830133 0.996998
vt 0.830751 0.993881
vt 0.969060 0.880844
vt 0.839973 0.996999
vt 0.839355 0.993887
vt 0.966465 0.889287
vt 0.849078 0.993242
vt 0.847310 0.990594
vt 0.861824 0.777374
vt 0.858736 0.776917
vt 0.861392 0.766231
vt 0.864100 0.767151
vt 0.813376 0.736842
vt 0.810115 0.736304
vt 0.812888 0.724804
vt 0.815875 0.725729
vt 0.861030 0.788672
vt 0.857651 0.788644
vt 0.812175 0.747904
vt 0.809032 0.747890
vt 0.861684 0.800280
vt 0.858420 0.800696
vt 0.813246 0.758380
vt 0.810372 0.758901
vt 0.863971 0.811363
vt 0.860988 0.812241
vt 0.815900 0.768576
vt 0.813036 0.769589
vt 0.867929 0.821720
vt 0.864991 0.823188
vt 0.820178 0.778256
vt 0.817431 0.779751
vt 0.873745 0.831217
vt 0.871025 0.832883
vt 0.868218 0.758025
vt 0.865629 0.756582
vt 0.871507 0.748269
vt 0.873745 0.749808
vt 0.825904 0.787008
vt 0.823520 0.788603
vt 0.825904 0.705879
vt 0.819964 0.715362
vt 0.817026 0.713856
vt 0.823188 0.704177
vt 0.813391 0.712006
vt 0.819999 0.701167
vt 0.857734 0.764882
vt 0.862499 0.754793
vt 0.808606 0.723458
vt 0.854746 0.776169
vt 0.806030 0.735711
vt 0.853404 0.788516
vt 0.805155 0.747940
vt 0.854173 0.801233
vt 0.806247 0.759656
vt 0.856698 0.813533
vt 0.809307 0.770940
vt 0.861354 0.824993
vt 0.814114 0.781598
vt 0.867821 0.835846
vt 0.868796 0.745450
vt 0.820616 0.791540
vt 0.807756 0.771480
vt 0.804729 0.759932
vt 0.859734 0.825780
vt 0.855123 0.814012
vt 0.812616 0.782413
vt 0.866227 0.836791
vt 0.861087 0.753998
vt 0.867572 0.744614
vt 0.819312 0.792404
vt 0.811772 0.711199
vt 0.818406 0.700202
vt 0.856315 0.764360
vt 0.807031 0.722965
vt 0.853089 0.775847
vt 0.804219 0.735448
vt 0.851524 0.788472
vt 0.803452 0.747977
vt 0.852419 0.801482
vt 0.801036 0.748029
vt 0.801475 0.735065
vt 0.849597 0.801875
vt 0.849010 0.788401
vt 0.802126 0.760411
vt 0.852587 0.814819
vt 0.805420 0.772337
vt 0.857442 0.826899
vt 0.810511 0.783579
vt 0.864069 0.838682
vt 0.859106 0.752859
vt 0.865766 0.742786
vt 0.817379 0.794305
vt 0.809480 0.710052
vt 0.816257 0.698280
vt 0.854033 0.763472
vt 0.804495 0.722137
vt 0.850430 0.775312
vt 0.850515 0.762088
vt 0.855750 0.750986
vt 0.800563 0.720872
vt 0.805623 0.708252
vt 0.846406 0.774381
vt 0.797112 0.734464
vt 0.844514 0.788252
vt 0.796910 0.748223
vt 0.845322 0.802555
vt 0.798326 0.761118
vt 0.848670 0.816049
vt 0.801642 0.773620
vt 0.853586 0.828652
vt 0.806929 0.785495
vt 0.860172 0.840845
vt 0.862600 0.740681
vt 0.814003 0.796479
vt 0.812363 0.696068
vt 0.785143 0.820382
vt 0.782092 0.819996
vt 0.783821 0.812437
vt 0.786603 0.813372
vt 0.808534 0.822061
vt 0.805336 0.821522
vt 0.807262 0.813546
vt 0.810220 0.814461
vt 0.784794 0.827983
vt 0.781527 0.828015
vt 0.807623 0.829605
vt 0.804578 0.829497
vt 0.785337 0.835766
vt 0.782177 0.836194
vt 0.807937 0.836622
vt 0.805124 0.837067
vt 0.786910 0.843188
vt 0.784018 0.844069
vt 0.809779 0.843346
vt 0.806955 0.844411
vt 0.789653 0.850101
vt 0.786803 0.851551
vt 0.813027 0.850016
vt 0.810248 0.851544
vt 0.793584 0.856556
vt 0.790943 0.858164
vt 0.789692 0.806859
vt 0.786972 0.805388
vt 0.791125 0.799004
vt 0.793584 0.800566
vt 0.817043 0.856462
vt 0.814523 0.858073
vt 0.817043 0.800776
vt 0.813026 0.807384
vt 0.810109 0.805902
vt 0.814339 0.799133
vt 0.807573 0.804633
vt 0.812105 0.797056
vt 0.781315 0.811594
vt 0.784494 0.804082
vt 0.804275 0.812616
vt 0.779318 0.819543
vt 0.802508 0.821104
vt 0.778645 0.827981
vt 0.801773 0.829519
vt 0.779289 0.836595
vt 0.802424 0.837534
vt 0.781085 0.844978
vt 0.804516 0.845270
vt 0.784324 0.852793
vt 0.807720 0.852890
vt 0.788761 0.860196
vt 0.788993 0.796952
vt 0.812341 0.860181
vt 0.802962 0.845793
vt 0.800914 0.837787
vt 0.782741 0.853565
vt 0.779541 0.845462
vt 0.806174 0.853702
vt 0.787208 0.861119
vt 0.782979 0.803290
vt 0.787640 0.796096
vt 0.810954 0.861060
vt 0.805954 0.803845
vt 0.810515 0.796113
vt 0.779833 0.811094
vt 0.802699 0.812127
vt 0.777658 0.819264
vt 0.800727 0.820837
vt 0.776818 0.827973
vt 0.800103 0.829536
vt 0.777584 0.836860
vt 0.798442 0.829558
vt 0.798823 0.820566
vt 0.775653 0.837155
vt 0.775104 0.827959
vt 0.799199 0.838056
vt 0.777798 0.846031
vt 0.801201 0.846378
vt 0.781166 0.854338
vt 0.804641 0.854512
vt 0.785729 0.862421
vt 0.781478 0.802495
vt 0.786232 0.794766
vt 0.809513 0.862425
vt 0.804343 0.803058
vt 0.809000 0.794783
vt 0.778052 0.810491
vt 0.800920 0.811555
vt 0.775890 0.818982
vt 0.774327 0.809220
vt 0.777821 0.800651
vt 0.796961 0.810306
vt 0.800457 0.801320
vt 0.771833 0.818173
vt 0.794490 0.819961
vt 0.770680 0.827906
vt 0.794355 0.829745
vt 0.771472 0.837900
vt 0.795403 0.838698
vt 0.773940 0.847270
vt 0.797354 0.847544
vt 0.777372 0.856042
vt 0.800878 0.856395
vt 0.781891 0.864538
vt 0.782707 0.792621
vt 0.805899 0.864629
vt 0.805071 0.792621
vt 0.903539 0.782897
vt 0.900475 0.782476
vt 0.902293 0.774984
vt 0.905002 0.775877
vt 0.949903 0.784587
vt 0.946621 0.784108
vt 0.948407 0.775906
vt 0.951453 0.776773
vt 0.903066 0.790643
vt 0.899735 0.790616
vt 0.949138 0.792324
vt 0.946028 0.792276
vt 0.903464 0.798607
vt 0.900227 0.798978
vt 0.949582 0.799486
vt 0.946752 0.799971
vt 0.904914 0.806223
vt 0.901940 0.807062
vt 0.951425 0.806238
vt 0.948674 0.807248
vt 0.907568 0.813346
vt 0.904625 0.814766
vt 0.954331 0.812680
vt 0.951681 0.814120
vt 0.911446 0.820025
vt 0.908713 0.821612
vt 0.907775 0.769577
vt 0.905178 0.768188
vt 0.909189 0.762325
vt 0.911446 0.763808
vt 0.958116 0.818584
vt 0.955806 0.820112
vt 0.958116 0.762616
vt 0.954161 0.769468
vt 0.951142 0.768020
vt 0.955312 0.760997
vt 0.948518 0.766781
vt 0.952979 0.758924
vt 0.899717 0.774059
vt 0.902979 0.766972
vt 0.945329 0.775024
vt 0.897694 0.781967
vt 0.943718 0.783746
vt 0.896798 0.790522
vt 0.943166 0.792359
vt 0.897269 0.799327
vt 0.944044 0.800496
vt 0.898925 0.807929
vt 0.946160 0.808181
vt 0.902066 0.815982
vt 0.949443 0.815372
vt 0.906441 0.823641
vt 0.907266 0.760385
vt 0.953839 0.822104
vt 0.944654 0.808717
vt 0.942539 0.800783
vt 0.900432 0.816737
vt 0.897337 0.808389
vt 0.947992 0.816165
vt 0.904835 0.824551
vt 0.901558 0.766197
vt 0.906026 0.759564
vt 0.952570 0.822947
vt 0.946843 0.766012
vt 0.951331 0.757996
vt 0.898283 0.773543
vt 0.943706 0.774560
vt 0.896040 0.781653
vt 0.941892 0.783514
vt 0.894935 0.790475
vt 0.941461 0.792417
vt 0.895522 0.799560
vt 0.939762 0.792481
vt 0.939938 0.783282
vt 0.893544 0.799819
vt 0.893184 0.790421
vt 0.940728 0.801139
vt 0.895543 0.808933
vt 0.943058 0.809314
vt 0.898807 0.817492
vt 0.946562 0.816962
vt 0.903295 0.825849
vt 0.900159 0.765415
vt 0.904744 0.758295
vt 0.951257 0.824248
vt 0.945177 0.765244
vt 0.949750 0.756671
vt 0.896667 0.772929
vt 0.941873 0.774016
vt 0.894173 0.781282
vt 0.893094 0.771545
vt 0.896758 0.763575
vt 0.937793 0.772831
vt 0.941162 0.763556
vt 0.890130 0.780327
vt 0.935490 0.782766
vt 0.888667 0.790256
vt 0.935591 0.792784
vt 0.889254 0.800489
vt 0.936951 0.801925
vt 0.891575 0.810116
vt 0.939362 0.810589
vt 0.894894 0.819152
vt 0.943061 0.818838
vt 0.899328 0.827929
vt 0.901510 0.756209
vt 0.947942 0.826391
vt 0.945680 0.754550
vt 0.928283 0.781807
vt 0.925219 0.781385
vt 0.927037 0.773893
vt 0.929746 0.774786
vt 0.864927 0.883448
vt 0.861680 0.882935
vt 0.863547 0.874827
vt 0.866556 0.875723
vt 0.927810 0.789552
vt 0.924479 0.789525
vt 0.864076 0.891106
vt 0.860996 0.891022
vt 0.928208 0.797516
vt 0.924971 0.797887
vt 0.864434 0.898204
vt 0.861627 0.898659
vt 0.929658 0.805133
vt 0.926684 0.805971
vt 0.866218 0.904878
vt 0.863442 0.905932
vt 0.932313 0.812255
vt 0.929369 0.813675
vt 0.869393 0.911339
vt 0.866706 0.912838
vt 0.936190 0.818934
vt 0.933457 0.820521
vt 0.932520 0.768486
vt 0.929922 0.767097
vt 0.933933 0.761234
vt 0.936190 0.762717
vt 0.873329 0.917544
vt 0.870903 0.919123
vt 0.873329 0.861771
vt 0.869327 0.868515
vt 0.866352 0.867044
vt 0.870569 0.860133
vt 0.863767 0.865785
vt 0.868281 0.858051
vt 0.924462 0.772968
vt 0.927724 0.765881
vt 0.860508 0.873916
vt 0.922438 0.780876
vt 0.858808 0.882542
vt 0.921543 0.789432
vt 0.858160 0.891072
vt 0.922014 0.798236
vt 0.858946 0.899147
vt 0.923669 0.806838
vt 0.861038 0.906800
vt 0.926810 0.814891
vt 0.864266 0.914164
vt 0.931185 0.822550
vt 0.932010 0.759294
vt 0.868811 0.921181
vt 0.859511 0.907335
vt 0.857448 0.899418
vt 0.925176 0.815646
vt 0.922081 0.807298
vt 0.862776 0.914967
vt 0.929579 0.823460
vt 0.926303 0.765106
vt 0.930770 0.758473
vt 0.867478 0.922045
vt 0.862116 0.865003
vt 0.866659 0.857112
vt 0.923027 0.772452
vt 0.858904 0.873437
vt 0.920784 0.780562
vt 0.857000 0.882290
vt 0.919679 0.789384
vt 0.856469 0.891109
vt 0.920266 0.798469
vt 0.854783 0.891152
vt 0.855067 0.882037
vt 0.918288 0.798728
vt 0.917928 0.789330
vt 0.855645 0.899752
vt 0.920288 0.807842
vt 0.857894 0.907922
vt 0.923551 0.816402
vt 0.861303 0.915767
vt 0.928039 0.824758
vt 0.924903 0.764324
vt 0.929488 0.757204
vt 0.866096 0.923379
vt 0.860474 0.864222
vt 0.865108 0.855780
vt 0.921411 0.771838
vt 0.857094 0.872876
vt 0.918917 0.780191
vt 0.917838 0.770455
vt 0.921502 0.762484
vt 0.853065 0.871653
vt 0.856514 0.862501
vt 0.914874 0.779236
vt 0.850663 0.881472
vt 0.913411 0.789165
vt 0.850644 0.891403
vt 0.913998 0.799398
vt 0.851877 0.900483
vt 0.916319 0.809025
vt 0.854144 0.909153
vt 0.919638 0.818061
vt 0.857687 0.917637
vt 0.924072 0.826839
vt 0.926254 0.755118
vt 0.862624 0.925546
vt 0.861100 0.853629
vt 0.788531 0.738895
vt 0.785489 0.738502
vt 0.787204 0.731006
vt 0.789936 0.731934
vt 0.883854 0.881034
vt 0.880606 0.880520
vt 0.882474 0.872413
vt 0.885483 0.873309
vt 0.788143 0.746578
vt 0.784841 0.746587
vt 0.883003 0.888692
vt 0.879923 0.888608
vt 0.788625 0.754472
vt 0.785418 0.754876
vt 0.883361 0.895790
vt 0.880554 0.896245
vt 0.790146 0.762011
vt 0.787205 0.762875
vt 0.885145 0.902464
vt 0.882369 0.903518
vt 0.792856 0.769047
vt 0.789952 0.770487
vt 0.888320 0.908924
vt 0.885633 0.910424
vt 0.796775 0.775629
vt 0.794081 0.777233
vt 0.792959 0.725632
vt 0.790331 0.724187
vt 0.794410 0.718047
vt 0.796775 0.719579
vt 0.892256 0.915129
vt 0.889830 0.916709
vt 0.892256 0.859356
vt 0.888254 0.866101
vt 0.885279 0.864630
vt 0.889496 0.857719
vt 0.882693 0.863371
vt 0.887208 0.855637
vt 0.784737 0.730154
vt 0.787939 0.722899
vt 0.879435 0.871502
vt 0.782734 0.738028
vt 0.877735 0.880127
vt 0.781928 0.746525
vt 0.877087 0.888657
vt 0.782489 0.755253
vt 0.877873 0.896733
vt 0.784224 0.763767
vt 0.879965 0.904386
vt 0.787426 0.771721
vt 0.883192 0.911750
vt 0.791849 0.779270
vt 0.792368 0.716043
vt 0.887738 0.918767
vt 0.878438 0.904920
vt 0.876375 0.897003
vt 0.785814 0.772488
vt 0.782653 0.764241
vt 0.881703 0.912552
vt 0.790266 0.780190
vt 0.786481 0.722116
vt 0.791067 0.715201
vt 0.886405 0.919631
vt 0.881043 0.862588
vt 0.885586 0.854698
vt 0.783280 0.729641
vt 0.877831 0.871023
vt 0.781088 0.737731
vt 0.875927 0.879876
vt 0.780078 0.746498
vt 0.875395 0.888695
vt 0.780758 0.755504
vt 0.873711 0.888738
vt 0.873994 0.879622
vt 0.778798 0.755782
vt 0.778340 0.746462
vt 0.874572 0.897338
vt 0.780881 0.764800
vt 0.876821 0.905508
vt 0.784211 0.773255
vt 0.880230 0.913352
vt 0.788753 0.781495
vt 0.785039 0.721331
vt 0.789719 0.713901
vt 0.885023 0.920965
vt 0.879400 0.861807
vt 0.884035 0.853365
vt 0.781643 0.729037
vt 0.876021 0.870461
vt 0.779228 0.737381
vt 0.778012 0.727701
vt 0.781528 0.719498
vt 0.871992 0.869238
vt 0.875441 0.860086
vt 0.775194 0.736480
vt 0.869590 0.879058
vt 0.773856 0.746348
vt 0.869571 0.888989
vt 0.774551 0.756493
vt 0.870804 0.898069
vt 0.776957 0.766016
vt 0.873071 0.906738
vt 0.780347 0.774943
vt 0.876614 0.915222
vt 0.784841 0.783601
vt 0.786335 0.711791
vt 0.881551 0.923132
vt 0.880026 0.851215
vt 0.913804 0.869198
vt 0.909528 0.868652
vt 0.911750 0.857898
vt 0.915706 0.859061
vt 0.941176 0.867554
vt 0.936955 0.866880
vt 0.939288 0.856459
vt 0.943099 0.857648
vt 0.913020 0.879797
vt 0.908470 0.879801
vt 0.939943 0.877836
vt 0.935670 0.877696
vt 0.913816 0.890354
vt 0.909608 0.890895
vt 0.940606 0.887828
vt 0.936578 0.888426
vt 0.915608 0.900275
vt 0.911783 0.901421
vt 0.942992 0.897787
vt 0.938887 0.899106
vt 0.919249 0.909159
vt 0.915586 0.911083
vt 0.946884 0.907567
vt 0.942838 0.909522
vt 0.924464 0.917430
vt 0.921079 0.919564
vt 0.919427 0.849713
vt 0.915555 0.847828
vt 0.921072 0.839011
vt 0.924464 0.841049
vt 0.952096 0.916657
vt 0.948536 0.918765
vt 0.952096 0.840605
vt 0.946816 0.848812
vt 0.943178 0.846858
vt 0.948738 0.838444
vt 0.940023 0.845179
vt 0.945987 0.835749
vt 0.907991 0.856714
vt 0.912273 0.846181
vt 0.935659 0.855236
vt 0.905395 0.868044
vt 0.933009 0.866204
vt 0.904696 0.879813
vt 0.931980 0.877625
vt 0.905555 0.891527
vt 0.932481 0.889012
vt 0.908127 0.902612
vt 0.935136 0.900288
vt 0.912410 0.912735
vt 0.939415 0.911220
vt 0.918299 0.922239
vt 0.918139 0.836286
vt 0.945451 0.921589
vt 0.932897 0.900953
vt 0.930318 0.889310
vt 0.910371 0.913767
vt 0.906097 0.903273
vt 0.937192 0.912290
vt 0.916307 0.923467
vt 0.910148 0.845135
vt 0.916274 0.835159
vt 0.943494 0.922750
vt 0.937998 0.844132
vt 0.944010 0.834506
vt 0.905904 0.856062
vt 0.933641 0.854560
vt 0.903070 0.867688
vt 0.930646 0.865802
vt 0.902172 0.879826
vt 0.929663 0.877591
vt 0.903278 0.891902
vt 0.927205 0.877524
vt 0.928276 0.865368
vt 0.900698 0.892334
vt 0.899808 0.879840
vt 0.927855 0.889618
vt 0.903813 0.904056
vt 0.930360 0.901711
vt 0.908342 0.914800
vt 0.934995 0.913366
vt 0.914417 0.925183
vt 0.908049 0.844078
vt 0.914319 0.833380
vt 0.941435 0.924590
vt 0.935983 0.843083
vt 0.942140 0.832776
vt 0.903395 0.855268
vt 0.931376 0.853765
vt 0.900589 0.867339
vt 0.898158 0.853577
vt 0.902950 0.841613
vt 0.926344 0.851981
vt 0.931124 0.840744
vt 0.894892 0.866328
vt 0.922557 0.864336
vt 0.893723 0.879887
vt 0.921543 0.877538
vt 0.895109 0.893452
vt 0.922405 0.890330
vt 0.898770 0.905797
vt 0.924816 0.903217
vt 0.903453 0.917098
vt 0.929618 0.915878
vt 0.909489 0.928008
vt 0.909452 0.830526
vt 0.936320 0.927532
vt 0.937247 0.829911
vt 0.974805 0.897654
vt 0.977353 0.897654
vt 0.977353 0.931575
vt 0.974805 0.931575
vt 0.820703 0.942685
vt 0.810949 0.948627
vt 0.808336 0.939462
vt 0.816772 0.936551
vt 0.799272 0.950677
vt 0.788022 0.947078
vt 0.791762 0.938531
vt 0.799942 0.940065
vt 0.779501 0.939886
vt 0.774053 0.930391
vt 0.777468 0.928453
vt 0.784058 0.934776
vt 0.829071 0.932557
vt 0.826756 0.929854
vt 0.772395 0.919983
vt 0.814603 0.930811
vt 0.825133 0.926915
vt 0.800325 0.932519
vt 0.807233 0.932382
vt 0.786747 0.929697
vt 0.793591 0.931817
vt 0.779777 0.925907
vt 0.748364 0.994925
vt 0.745817 0.994925
vt 0.745817 0.961003
vt 0.748364 0.961003
vt 0.800559 0.926303
vt 0.806757 0.926173
vt 0.788191 0.924856
vt 0.794526 0.925848
vt 0.781056 0.923064
vt 0.743268 0.994925
vt 0.743268 0.961003
vt 0.813522 0.925517
vt 0.824140 0.923800
vt 0.982449 0.897654
vt 0.984997 0.897654
vt 0.984997 0.931575
vt 0.982449 0.931575
vt 0.806596 0.920411
vt 0.813239 0.920451
vt 0.794836 0.920323
vt 0.800665 0.920385
vt 0.781466 0.920120
vt 0.788682 0.920207
vt 0.824116 0.920521
vt 0.794642 0.914775
vt 0.800651 0.914488
vt 0.781139 0.917168
vt 0.788305 0.915559
vt 0.813630 0.915351
vt 0.824207 0.917241
vt 0.806736 0.914717
vt 0.979901 0.897654
vt 0.979901 0.931575
vt 0.814670 0.910076
vt 0.825264 0.914131
vt 0.800459 0.908064
vt 0.807328 0.908537
vt 0.787039 0.910824
vt 0.793781 0.908920
vt 0.779878 0.914312
vt 0.753461 0.994925
vt 0.750913 0.994925
vt 0.750913 0.961003
vt 0.753461 0.961003
vt 0.784440 0.905744
vt 0.792050 0.901991
vt 0.777727 0.911707
vt 0.808553 0.901327
vt 0.816828 0.904418
vt 0.800194 0.900549
vt 0.826699 0.911011
vt 0.990093 0.897654
vt 0.992641 0.897654
vt 0.992641 0.931575
vt 0.990093 0.931575
vt 0.810814 0.892422
vt 0.820890 0.898041
vt 0.788957 0.893474
vt 0.799759 0.891157
vt 0.774416 0.909744
vt 0.779660 0.900111
vt 0.829071 0.908350
vt 0.947714 0.946789
vt 0.955012 0.955215
vt 0.952015 0.957834
vt 0.944241 0.953019
vt 0.901205 0.963026
vt 0.907446 0.951811
vt 0.912393 0.957299
vt 0.903909 0.965211
vt 0.916200 0.944731
vt 0.926654 0.941603
vt 0.927839 0.950787
vt 0.919873 0.952957
vt 0.937565 0.941972
vt 0.936057 0.950766
vt 0.958737 0.965206
vt 0.740720 0.994925
vt 0.738172 0.994925
vt 0.738172 0.961003
vt 0.740720 0.961003
vt 0.915400 0.962430
vt 0.905780 0.967991
vt 0.928833 0.958171
vt 0.922241 0.959763
vt 0.942588 0.958562
vt 0.935555 0.957863
vt 0.950326 0.960793
vt 0.987545 0.897654
vt 0.987545 0.931575
vt 0.949575 0.963843
vt 0.923822 0.965637
vt 0.917260 0.967382
vt 0.935750 0.963841
vt 0.929835 0.964475
vt 0.942168 0.963503
vt 0.907275 0.970834
vt 0.924927 0.971264
vt 0.918373 0.972301
vt 0.936511 0.969254
vt 0.930776 0.970281
vt 0.949680 0.966842
vt 0.942586 0.968169
vt 0.907858 0.973995
vt 0.918832 0.977375
vt 0.907898 0.977258
vt 0.931856 0.976102
vt 0.925725 0.976959
vt 0.943822 0.972674
vt 0.937766 0.974666
vt 0.950587 0.969701
vt 0.756009 0.994925
vt 0.756009 0.961003
vt 0.933102 0.982214
vt 0.926221 0.983219
vt 0.946081 0.977253
vt 0.939619 0.980373
vt 0.952336 0.972313
vt 0.918585 0.982832
vt 0.907376 0.980552
vt 0.735624 0.994925
vt 0.735624 0.961003
vt 0.926269 0.990481
vt 0.917327 0.988935
vt 0.942660 0.986808
vt 0.934757 0.989699
vt 0.955044 0.974447
vt 0.949538 0.981759
vt 0.906202 0.983771
vt 0.947817 0.994616
vt 0.937216 1.000180
vt 0.958737 0.975814
vt 0.954918 0.986036
vt 0.914370 0.995744
vt 0.904300 0.986870
vt 0.925169 1.000106
vt 0.995189 0.897654
vt 0.995189 0.931575
vt 0.765772 0.897889
vt 0.763747 0.900556
vt 0.761978 0.899576
vt 0.764332 0.896463
vt 0.723201 0.894869
vt 0.720066 0.896162
vt 0.719042 0.894401
vt 0.722699 0.892883
vt 0.719288 0.900050
vt 0.717718 0.902214
vt 0.716740 0.901692
vt 0.718491 0.899287
vt 0.765939 0.901791
vt 0.764986 0.904253
vt 0.763914 0.904006
vt 0.764981 0.901253
vt 0.723806 0.897355
vt 0.721364 0.898370
vt 0.720803 0.897419
vt 0.723546 0.896276
vt 0.769721 0.898134
vt 0.767563 0.899706
vt 0.766792 0.898918
vt 0.769193 0.897152
vt 0.726444 0.897143
vt 0.726537 0.896033
vt 0.774963 0.897050
vt 0.772261 0.897214
vt 0.772030 0.896111
vt 0.775080 0.895917
vt 0.765227 0.909516
vt 0.766487 0.911853
vt 0.765607 0.912532
vt 0.764178 0.909885
vt 0.717287 0.910039
vt 0.718636 0.912408
vt 0.717744 0.913131
vt 0.716230 0.910450
vt 0.714303 0.904189
vt 0.714077 0.907594
vt 0.712014 0.907718
vt 0.712330 0.903767
vt 0.716823 0.904720
vt 0.716670 0.907396
vt 0.715553 0.907486
vt 0.715735 0.904495
vt 0.764746 0.906904
vt 0.763647 0.906959
vt 0.767475 0.894072
vt 0.756962 0.889164
vt 0.762252 0.884969
vt 0.726690 0.892406
vt 0.719823 0.882661
vt 0.726690 0.881610
vt 0.712814 0.911692
vt 0.714728 0.915402
vt 0.705493 0.921370
vt 0.702592 0.914983
vt 0.771217 0.892595
vt 0.768535 0.882253
vt 0.760863 0.911025
vt 0.762637 0.914639
vt 0.753570 0.920479
vt 0.750738 0.914164
vt 0.701440 0.908226
vt 0.775329 0.892181
vt 0.775391 0.881292
vt 0.702148 0.901495
vt 0.760142 0.907126
vt 0.749678 0.907444
vt 0.713658 0.900065
vt 0.704521 0.895224
vt 0.760540 0.903207
vt 0.750475 0.900764
vt 0.715957 0.896861
vt 0.708398 0.889749
vt 0.752972 0.894549
vt 0.713583 0.885431
vt 0.764520 0.868592
vt 0.775391 0.866415
vt 0.736982 0.917926
vt 0.735836 0.907606
vt 0.688634 0.898322
vt 0.692324 0.888713
vt 0.737019 0.897385
vt 0.698240 0.880304
vt 0.740848 0.887805
vt 0.706099 0.873654
vt 0.746948 0.879451
vt 0.715485 0.869082
vt 0.755024 0.872995
vt 0.726286 0.866468
vt 0.688845 0.918826
vt 0.687570 0.908553
vt 0.740703 0.928252
vt 0.761755 0.860681
vt 0.773695 0.857648
vt 0.750709 0.865749
vt 0.740881 0.873361
vt 0.733085 0.883511
vt 0.728685 0.895485
vt 0.727461 0.907730
vt 0.728870 0.919656
vt 0.732419 0.931303
vt 0.712290 0.861163
vt 0.724248 0.857648
vt 0.701562 0.866781
vt 0.692139 0.874445
vt 0.684567 0.884570
vt 0.680298 0.896519
vt 0.679185 0.908783
vt 0.680773 0.920744
vt 0.684396 0.932116
vt 0.692481 0.929185
vt 0.762508 0.903665
vt 0.762170 0.907023
vt 0.715480 0.901027
vt 0.762805 0.910364
vt 0.775280 0.894390
vt 0.771710 0.894638
vt 0.714811 0.910988
vt 0.716566 0.914141
vt 0.764407 0.913495
vt 0.768486 0.895862
vt 0.726690 0.894508
vt 0.717418 0.898270
vt 0.795068 0.259346
vt 0.337012 0.753281
vt 0.336983 0.753302
vt 0.629092 0.250397
vt 0.550015 0.246718
vt 0.549988 0.246698
vt 0.849324 0.436448
vt 0.683348 0.073295
vt 0.691104 0.066560
vt 0.691104 0.066560
vt 0.503042 0.069444
vt 0.290037 0.930556
s 1
usemtl Arcade
f 22/1/1 17/2/1 26/3/1 29/4/1
f 4/5/2 3/6/2 5/7/2 6/8/2
f 6/8/3 5/7/3 7/9/3 8/10/3
f 34/11/4 33/12/4 37/13/4 40/14/4
f 1/15/5 2/16/5 12/17/5 11/18/5
f 14/19/6 13/20/6 15/21/6 16/22/6
f 12/23/7 16/24/7 15/25/7 11/26/7
f 17/2/8 22/1/8 24/27/9 19/28/9
f 19/28/9 24/27/9 23/29/10 20/30/10
f 20/30/10 23/29/10 21/31/11 18/32/11
f 18/32/12 21/31/12 2/33/12 1/34/12
f 25/35/13 30/36/13 32/37/14 27/38/14
f 27/38/14 32/37/14 31/39/15 28/40/15
f 28/40/15 31/39/15 29/4/16 26/3/16
f 30/36/17 25/35/17 3/6/17 4/5/17
f 33/41/18 34/42/19 8/10/20 7/9/21
f 36/43/22 35/44/23 9/45/23 10/46/22
f 35/44/23 33/41/18 7/9/21 9/45/23
f 34/42/19 36/43/22 10/46/22 8/10/24
f 33/47/25 35/48/25 38/49/25 37/50/25
f 35/51/26 36/52/26 39/53/26 38/54/26
f 36/55/27 34/56/27 40/57/27 39/58/27
f 37/59/28 38/60/28 39/61/28 40/62/28
f 79/63/25 2349/64/25 43/65/25 45/66/25 63/67/25 62/68/25
f 68/69/27 67/70/27 57/71/27 59/72/27 60/73/27 58/74/27 75/75/27 77/76/27 78/77/27 76/78/27 52/79/27
f 42/80/25 43/65/25 2349/64/25 44/81/25
f 85/82/27 84/83/27 66/84/27 68/69/27 51/85/27 49/86/27
f 43/87/5 42/88/5 48/89/5 49/90/5
f 42/91/7 44/92/7 50/93/7 48/94/7
f 79/95/29 62/96/30 66/97/30 84/98/29
f 88/99/31 80/100/31 83/101/31 93/102/31
f 44/92/7 41/103/7 47/104/7 50/105/7
f 45/106/5 43/107/5 49/108/5 51/109/5
f 61/110/32 54/111/32 57/112/32 67/113/32
f 68/69/27 52/79/27 100/114/27 102/115/27 103/116/27 101/117/27 51/85/27
f 46/118/33 97/119/34 100/120/34 52/121/33
f 41/122/35 89/123/35 92/124/35 47/125/35
f 53/126/36 72/127/37 75/128/37 58/129/36
f 48/130/27 50/131/27 85/82/27 49/86/27
f 53/126/38 58/129/38 60/132/39 55/133/39
f 55/133/39 60/132/39 59/134/40 56/135/40
f 56/135/40 59/134/40 57/112/41 54/111/41
f 61/136/25 63/67/25 46/137/25 71/138/25 73/139/25 74/140/25 72/141/25 53/142/25 55/143/25 56/144/25 54/145/25
f 61/136/25 64/146/25 63/67/25
f 66/84/27 69/147/27 68/69/27
f 61/110/42 67/113/42 70/148/43 64/149/43
f 64/149/43 70/148/43 69/150/44 65/151/44
f 65/152/44 69/153/44 66/97/45 62/96/45
f 96/154/5 45/155/5 51/156/5 101/157/5
f 71/158/46 76/159/46 78/160/47 73/161/47
f 73/161/47 78/160/47 77/162/48 74/163/48
f 74/163/48 77/162/48 75/128/37 72/127/37
f 71/158/46 46/118/33 52/121/33 76/159/46
f 79/63/25 81/164/25 2348/165/25 2349/64/25
f 83/166/27 86/167/27 85/82/27
f 79/95/29 84/98/29 87/168/49 81/169/49
f 81/169/49 87/168/49 2350/170/50 86/171/51 82/172/51 2348/173/50
f 82/174/51 86/175/51 83/101/52 80/100/52
f 50/176/27 47/177/27 92/178/27 94/179/27 95/180/27 93/181/27 83/166/27 85/82/27
f 88/99/53 93/102/53 95/182/54 90/183/54
f 90/183/54 95/182/54 94/184/55 91/185/55
f 91/185/55 94/184/55 92/124/56 89/123/56
f 44/186/25 2349/64/25 80/187/25 88/188/25 90/189/25 91/190/25 89/191/25 41/192/25
f 96/154/57 101/157/57 103/193/58 98/194/58
f 98/195/58 103/196/58 102/197/59 99/198/59
f 99/198/59 102/197/59 100/120/60 97/119/60
f 63/67/25 45/66/25 96/199/25 98/200/25 99/201/25 97/202/25 46/137/25
f 142/203/27 125/204/27 126/205/27 108/206/27 106/207/27 144/208/27
f 131/209/61 115/210/25 139/211/25 141/212/25 140/213/25 138/214/25 121/215/25 123/216/25 122/217/25 120/218/25 130/219/25
f 105/220/27 107/221/27 144/208/27 106/207/27
f 149/222/62 112/223/25 114/224/25 131/209/61 129/225/25 148/226/25
f 106/227/5 112/228/5 111/229/5 105/230/5
f 105/231/7 111/232/7 113/233/7 107/234/7
f 142/235/29 148/236/29 129/237/30 125/238/30
f 152/239/31 157/240/31 147/241/31 143/242/31
f 107/243/7 113/244/7 110/245/7 104/246/7
f 108/247/5 114/248/5 112/228/5 106/227/5
f 124/249/32 130/250/32 120/251/32 117/252/32
f 131/209/61 114/224/25 165/253/25 167/254/25 166/255/25 164/256/25 115/210/25
f 109/257/33 115/258/33 164/259/34 161/260/34
f 104/261/35 110/262/35 156/263/35 153/264/35
f 116/265/36 121/266/36 138/267/37 135/268/37
f 111/269/25 112/223/25 149/222/62 113/270/25
f 116/265/38 118/271/39 123/272/39 121/266/38
f 118/271/39 119/273/40 122/274/40 123/272/39
f 119/273/40 117/252/41 120/251/41 122/274/40
f 124/275/27 117/276/27 119/277/27 118/278/27 116/279/27 135/280/27 137/281/27 136/282/27 134/283/27 109/284/27 126/285/27
f 124/275/27 126/286/27 127/287/27
f 129/225/25 131/209/61 132/288/25
f 124/249/42 127/289/43 133/290/43 130/250/42
f 127/289/43 128/291/44 132/292/44 133/290/43
f 128/293/44 125/238/45 129/237/45 132/294/44
f 160/295/5 165/296/5 114/248/5 108/247/5
f 134/297/46 136/298/47 141/299/47 139/300/46
f 136/298/47 137/301/48 140/302/48 141/299/47
f 137/301/48 135/268/37 138/267/37 140/302/48
f 134/297/46 139/300/46 115/258/33 109/257/33
f 142/203/27 144/208/27 2351/303/27 145/304/27
f 147/305/25 149/222/62 150/306/25
f 142/235/29 145/307/49 151/308/49 148/236/29
f 145/307/49 2351/309/50 146/310/51 150/311/51 2352/312/50 151/308/49
f 146/313/51 143/242/52 147/241/52 150/314/51
f 113/270/25 149/222/62 147/305/25 157/315/25 159/316/25 158/317/25 156/318/25 110/319/25
f 152/239/53 154/320/54 159/321/54 157/240/53
f 154/320/54 155/322/55 158/323/55 159/321/54
f 155/322/55 153/264/56 156/263/56 158/323/55
f 107/324/27 104/325/27 153/326/27 155/327/27 154/328/27 152/329/27 143/330/27 144/208/27
f 160/295/57 162/331/58 167/332/58 165/296/57
f 162/333/58 163/334/59 166/335/59 167/336/58
f 163/334/59 161/260/60 164/259/60 166/335/59
f 126/337/27 109/284/27 161/338/27 163/339/27 162/340/27 160/341/27 108/206/27
f 172/342/63 173/343/63 188/344/64 187/345/64
f 190/346/65 185/347/65 186/348/66 189/349/66
f 181/350/67 176/351/67 177/352/68 180/353/68
f 193/354/69 182/355/69 183/356/70 192/357/70
f 189/349/66 186/348/66 187/345/64 188/344/64
f 190/346/65 168/358/71 169/359/71 185/347/65
f 180/353/68 177/352/68 178/360/72 179/361/72
f 181/350/67 170/362/73 171/363/73 176/351/67
f 169/359/71 168/358/71 179/361/72 178/360/72
f 192/357/70 183/356/70 184/364/74 191/365/74
f 193/354/69 173/343/63 172/342/63 182/355/69
f 184/364/74 174/366/75 175/367/75 191/365/74
f 217/368/35 219/369/35 196/370/35 195/371/35
f 219/372/35 221/373/35 197/374/35 196/375/35
f 264/376/35 281/377/35 259/378/35 224/379/35 223/380/35 227/381/35 229/382/35
f 226/383/35 222/384/35 198/385/35 200/386/35
f 258/387/35 232/388/35 213/389/35 260/390/35
f 210/391/35 209/392/35 208/393/35 212/394/35
f 222/384/35 225/395/35 199/396/35 198/385/35
f 214/397/35 217/368/35 195/371/35 194/398/35
f 228/399/35 226/400/35 200/401/35 201/402/35
f 276/403/35 214/397/35 194/398/35 254/404/35
f 215/405/76 216/406/77 209/392/77 210/391/76
f 275/407/31 215/405/76 210/391/76 277/408/78
f 227/409/79 223/410/80 202/411/80 237/412/79
f 218/413/81 220/414/82 205/415/83 207/416/81
f 228/399/84 265/417/27 269/418/27 238/419/85
f 219/369/86 217/368/87 208/393/87 206/420/86
f 225/395/88 222/384/89 203/421/89 235/422/88
f 230/423/35 274/424/35 280/425/35 275/426/35
f 258/387/31 225/395/88 235/422/88 256/427/90
f 220/414/82 263/428/25 267/429/25 205/415/83
f 209/392/35 207/430/35 206/420/35 208/393/35
f 207/416/35 205/415/35 204/431/35 206/432/35
f 202/411/35 234/433/35 235/422/35 203/421/35
f 237/412/35 202/411/35 203/421/35 236/434/35
f 239/435/35 237/436/35 236/437/35 238/419/35
f 205/415/35 267/429/35 270/438/35 204/431/35
f 277/408/35 210/391/35 212/394/35 278/439/35
f 257/440/35 242/441/35 243/442/35 256/427/35
f 222/384/89 226/383/91 236/434/91 203/421/89
f 221/373/92 219/372/86 206/432/86 204/431/93
f 276/403/94 231/443/7 240/444/7 278/439/7
f 259/445/95 233/446/7 242/441/7 257/440/7
f 217/368/87 214/397/96 212/394/97 208/393/87
f 229/447/98 227/448/79 237/436/79 239/435/99
f 223/410/80 224/449/100 234/433/101 202/411/80
f 216/406/77 218/450/81 207/430/81 209/392/77
f 226/400/91 228/399/84 238/419/85 236/437/91
f 194/398/102 195/371/103 245/451/103 244/452/102
f 254/404/7 194/398/102 244/452/102 279/453/104
f 200/386/105 198/385/106 248/454/106 250/455/105
f 195/371/103 196/370/107 246/456/107 245/451/103
f 260/390/108 213/389/31 253/457/31 255/458/31
f 201/402/109 200/401/105 250/459/105 251/460/110
f 196/375/107 197/374/111 247/461/112 246/462/107
f 221/373/35 266/463/35 261/464/35 197/374/35
f 198/385/106 199/396/113 249/465/114 248/454/106
f 265/417/35 228/399/35 201/402/35 262/466/35
f 199/396/113 260/390/108 255/458/31 249/465/114
f 266/463/27 221/373/92 204/431/93 270/438/27
f 268/467/35 239/435/35 238/419/35 269/418/35
f 197/374/111 261/464/27 271/468/27 247/461/112
f 264/469/25 229/447/98 239/435/99 268/467/25
f 262/466/27 272/470/27 271/468/27 261/464/27
f 268/467/35 269/418/35 270/438/35 267/429/35
f 264/469/25 268/467/25 267/429/25 263/428/25
f 266/463/27 270/438/27 269/418/27 265/417/27
f 265/417/35 262/466/35 261/464/35 266/463/35
f 280/471/31 274/472/31 283/473/31 282/474/31
f 262/466/27 201/402/109 251/460/110 272/470/27
f 224/449/100 259/445/95 257/440/7 234/433/101
f 234/433/35 257/440/35 256/427/35 235/422/35
f 232/388/31 258/387/31 256/427/90 243/442/31
f 225/395/35 258/387/35 260/390/35 199/396/35
f 211/475/7 254/404/7 279/453/104 252/476/7
f 214/397/96 276/403/94 278/439/7 212/394/97
f 241/477/35 277/408/35 278/439/35 240/444/35
f 230/478/31 275/407/31 277/408/78 241/477/31
f 231/443/35 276/403/35 254/404/35 211/475/35
f 263/479/35 280/425/35 281/377/35 264/376/35
f 282/480/35 283/481/35 284/482/35 285/483/35
f 275/426/35 280/425/35 263/479/35 220/484/35 218/485/35 216/486/35 215/487/35
f 259/378/35 281/377/35 273/488/35 233/489/35
f 273/490/7 281/491/7 285/492/7 284/493/7
f 281/494/25 280/495/25 282/496/25 285/497/25
f 307/498/35 287/499/35 288/500/35 309/501/35
f 309/502/35 288/503/35 289/504/35 311/505/35
f 344/506/35 319/507/35 317/508/35 313/509/35 314/510/35 339/511/35 359/512/35
f 316/513/35 292/514/35 290/515/35 312/516/35
f 338/517/35 340/518/35 213/389/35 232/388/35
f 302/519/35 303/520/35 300/521/35 301/522/35
f 312/516/35 290/515/35 291/523/35 315/524/35
f 304/525/35 286/526/35 287/499/35 307/498/35
f 318/527/35 293/528/35 292/529/35 316/530/35
f 354/531/35 334/532/35 286/526/35 304/525/35
f 305/533/115 302/519/116 301/522/117 306/534/117
f 353/535/31 355/536/118 302/519/116 305/533/115
f 317/537/119 323/538/119 294/539/120 313/540/120
f 308/541/121 299/542/121 297/543/122 310/544/123
f 318/527/124 324/545/125 349/546/25 345/547/25
f 309/501/126 298/548/126 300/521/127 307/498/127
f 315/524/128 321/549/128 295/550/129 312/516/129
f 230/423/35 353/551/35 358/552/35 274/424/35
f 338/517/31 336/553/130 321/549/128 315/524/128
f 310/544/123 297/543/122 347/554/27 343/555/27
f 301/522/35 300/521/35 298/548/35 299/556/35
f 299/542/35 298/557/35 296/558/35 297/543/35
f 294/539/35 295/550/35 321/549/35 320/559/35
f 323/538/35 322/560/35 295/550/35 294/539/35
f 325/561/35 324/545/35 322/562/35 323/563/35
f 297/543/35 296/558/35 350/564/35 347/554/35
f 355/536/35 356/565/35 303/520/35 302/519/35
f 337/566/35 336/553/35 243/442/35 242/441/35
f 312/516/129 295/550/129 322/560/131 316/513/131
f 311/505/132 296/558/133 298/557/126 309/502/126
f 354/531/134 356/565/7 240/444/7 231/443/7
f 339/567/135 337/566/7 242/441/7 233/446/7
f 307/498/127 300/521/127 303/520/136 304/525/136
f 319/568/137 325/561/138 323/563/119 317/569/119
f 313/540/120 294/539/120 320/559/139 314/570/139
f 306/534/117 301/522/117 299/556/121 308/571/121
f 316/530/131 322/562/131 324/545/125 318/527/124
f 286/526/140 326/572/140 327/573/141 287/499/141
f 334/532/7 357/574/142 326/572/140 286/526/140
f 292/514/143 332/575/143 330/576/144 290/515/144
f 287/499/141 327/573/141 328/577/145 288/500/145
f 340/518/146 335/578/31 253/457/31 213/389/31
f 293/528/147 333/579/148 332/580/143 292/529/143
f 288/503/145 328/581/145 329/582/149 289/504/150
f 311/505/35 289/504/35 341/583/35 346/584/35
f 290/515/144 330/576/144 331/585/151 291/523/152
f 345/547/35 342/586/35 293/528/35 318/527/35
f 291/523/152 331/585/151 335/578/31 340/518/146
f 346/584/25 350/564/25 296/558/133 311/505/132
f 348/587/35 349/546/35 324/545/35 325/561/35
f 289/504/150 329/582/149 351/588/25 341/583/25
f 344/506/27 348/587/27 325/561/138 319/568/137
f 342/586/25 341/583/25 351/588/25 352/589/25
f 348/587/35 347/554/35 350/564/35 349/546/35
f 344/506/27 343/555/27 347/554/27 348/587/27
f 346/584/25 345/547/25 349/546/25 350/564/25
f 345/547/35 346/584/35 341/583/35 342/586/35
f 358/590/31 360/591/31 283/473/31 274/472/31
f 342/586/25 352/589/25 333/579/148 293/528/147
f 314/570/139 320/559/139 337/566/7 339/567/135
f 320/559/35 321/549/35 336/553/35 337/566/35
f 232/388/31 243/442/31 336/553/130 338/517/31
f 315/524/35 291/523/35 340/518/35 338/517/35
f 211/475/7 252/476/7 357/574/142 334/532/7
f 304/525/136 303/520/136 356/565/7 354/531/134
f 241/477/35 240/444/35 356/565/35 355/536/35
f 230/478/31 241/477/31 355/536/118 353/535/31
f 231/443/35 211/475/35 334/532/35 354/531/35
f 343/555/35 344/506/35 359/512/35 358/552/35
f 360/592/35 361/593/35 284/482/35 283/481/35
f 353/551/35 305/594/35 306/595/35 308/596/35 310/597/35 343/555/35 358/552/35
f 339/511/35 233/489/35 273/488/35 359/512/35
f 273/490/7 284/493/7 361/598/7 359/599/7
f 359/600/27 361/601/27 360/602/27 358/603/27
f 390/604/153 379/605/154 362/606/155 371/607/156
f 386/608/157 388/609/158 404/610/159 405/611/160
f 382/612/161 387/613/162 374/614/163 367/615/164
f 386/616/165 391/617/166 370/618/167 375/619/168
f 362/606/155 379/605/154 381/620/169 364/621/170
f 364/621/170 381/620/169 380/622/171 365/623/172
f 365/624/172 380/625/171 378/626/173 363/627/174
f 382/612/161 367/615/164 369/628/175 384/629/176
f 384/629/176 369/628/175 368/630/177 385/631/178
f 385/632/178 368/633/177 366/634/179 383/635/180
f 374/614/163 387/613/162 389/636/181 376/637/182
f 376/637/182 389/636/181 388/638/183 377/639/184
f 377/640/184 388/641/183 386/616/165 375/619/168
f 390/604/153 371/607/156 373/642/185 392/643/186
f 392/643/186 373/642/185 372/644/187 393/645/188
f 393/646/188 372/647/187 370/618/167 391/617/166
f 378/626/173 383/635/180 366/634/179 363/627/174
f 407/648/35 406/649/35 408/650/35 409/651/35 405/611/35 404/610/35 403/652/35 402/653/35 399/654/35 398/655/35 400/656/35 401/657/35 397/658/35 396/659/35 395/660/35 394/661/35
f 384/662/189 385/663/190 400/656/191 398/655/192
f 387/664/193 382/665/194 399/654/195 402/653/196
f 389/666/197 387/664/193 402/653/196 403/652/198
f 393/667/199 391/668/200 409/651/201 408/650/202
f 390/669/203 392/670/204 406/649/205 407/648/206
f 378/671/207 380/672/208 396/659/209 397/658/210
f 391/668/200 386/608/157 405/611/160 409/651/201
f 381/673/211 379/674/212 394/661/213 395/660/214
f 385/675/190 383/676/215 401/657/216 400/656/191
f 382/665/194 384/662/189 398/655/192 399/654/195
f 388/677/158 389/666/197 403/652/198 404/610/159
f 383/676/215 378/671/207 397/658/210 401/657/216
f 392/670/204 393/678/199 408/650/202 406/649/205
f 379/674/212 390/669/203 407/648/206 394/661/213
f 380/679/208 381/673/211 395/660/214 396/659/209
f 362/606/217 364/621/103 412/680/103 410/681/217
f 364/621/103 365/623/107 413/682/107 412/680/103
f 365/624/107 363/627/218 411/683/218 413/684/107
f 369/628/106 367/615/219 415/685/219 417/686/106
f 368/630/105 369/628/106 417/686/106 416/687/105
f 366/634/220 368/633/105 416/688/105 414/689/220
f 374/614/221 376/637/144 424/690/144 422/691/221
f 376/637/144 377/639/143 425/692/143 424/690/144
f 377/640/143 375/619/222 423/693/222 425/694/143
f 373/642/141 371/607/223 419/695/223 421/696/141
f 372/644/145 373/642/141 421/696/141 420/697/145
f 370/618/224 372/647/145 420/698/145 418/699/224
f 363/627/218 366/634/220 414/689/220 411/683/218
f 371/607/223 362/606/217 410/681/217 419/695/223
f 367/615/219 374/614/221 422/691/221 415/685/219
f 375/619/222 370/618/224 418/699/224 423/693/222
f 449/700/35 451/701/35 428/702/35 427/703/35
f 451/704/35 453/705/35 429/706/35 428/707/35
f 453/705/35 460/708/35 433/709/35 429/706/35
f 458/710/35 454/711/35 430/712/35 432/713/35
f 457/714/35 464/715/35 445/716/35 431/717/35
f 442/718/35 441/719/35 440/720/35 444/721/35
f 454/711/35 457/714/35 431/717/35 430/712/35
f 446/722/35 449/700/35 427/703/35 426/723/35
f 460/708/35 458/724/35 432/725/35 433/709/35
f 463/726/35 446/722/35 426/723/35 443/727/35
f 447/728/76 448/729/77 441/719/77 442/718/76
f 462/730/31 447/728/76 442/718/76 473/731/31
f 459/732/79 455/733/80 434/734/80 469/735/79
f 450/736/81 452/737/225 437/738/226 439/739/81
f 460/708/227 453/705/228 436/740/228 470/741/229
f 451/701/86 449/700/87 440/720/87 438/742/86
f 457/714/88 454/711/89 435/743/89 467/744/88
f 452/737/225 461/745/230 471/746/231 437/738/226
f 464/715/31 457/714/88 467/744/88 475/747/31
f 462/748/35 465/749/35 456/750/35 455/751/35 459/752/35 461/753/35 452/754/35 450/755/35 448/756/35 447/757/35
f 441/719/35 439/758/35 438/742/35 440/720/35
f 439/739/35 437/738/35 436/740/35 438/759/35
f 434/734/35 466/760/35 467/744/35 435/743/35
f 469/735/35 434/734/35 435/743/35 468/761/35
f 471/746/35 469/762/35 468/763/35 470/741/35
f 437/738/35 471/746/35 470/741/35 436/740/35
f 473/731/35 442/718/35 444/721/35 472/764/35
f 466/760/35 474/765/35 475/747/35 467/744/35
f 454/711/89 458/710/91 468/761/91 435/743/89
f 453/705/228 451/704/86 438/759/86 436/740/228
f 446/722/96 463/726/7 472/764/7 444/721/96
f 456/766/100 465/767/7 474/765/7 466/760/101
f 449/700/87 446/722/96 444/721/96 440/720/87
f 461/745/230 459/768/79 469/762/79 471/746/231
f 455/733/80 456/766/100 466/760/101 434/734/80
f 448/729/77 450/769/81 439/758/81 441/719/77
f 458/724/91 460/708/227 470/741/229 468/763/91
f 426/723/102 427/703/103 477/770/103 476/771/102
f 443/727/7 426/723/102 476/771/102 484/772/7
f 432/713/105 430/712/106 480/773/106 482/774/105
f 427/703/103 428/702/107 478/775/107 477/770/103
f 431/717/113 445/716/31 485/776/31 481/777/113
f 433/709/232 432/725/105 482/778/105 483/779/232
f 428/707/107 429/706/233 479/780/233 478/781/107
f 429/706/233 433/709/232 483/779/232 479/780/233
f 430/712/106 431/717/113 481/777/113 480/773/106
f 507/782/35 487/783/35 488/784/35 509/785/35
f 509/786/35 488/787/35 489/788/35 511/789/35
f 511/789/35 489/788/35 493/790/35 518/791/35
f 516/792/35 492/793/35 490/794/35 512/795/35
f 515/796/35 491/797/35 445/716/35 464/715/35
f 502/798/35 503/799/35 500/800/35 501/801/35
f 512/795/35 490/794/35 491/797/35 515/796/35
f 504/802/35 486/803/35 487/783/35 507/782/35
f 518/791/35 493/790/35 492/804/35 516/805/35
f 463/726/35 443/727/35 486/803/35 504/802/35
f 505/806/116 502/798/116 501/801/117 506/807/117
f 462/730/31 473/731/31 502/798/116 505/806/116
f 517/808/119 523/809/119 494/810/120 513/811/120
f 508/812/121 499/813/121 497/814/234 510/815/234
f 518/791/235 524/816/236 496/817/237 511/789/237
f 509/785/126 498/818/126 500/800/127 507/782/127
f 515/796/128 521/819/128 495/820/129 512/795/129
f 510/815/234 497/814/234 525/821/238 519/822/239
f 464/715/31 475/747/31 521/819/128 515/796/128
f 462/748/35 505/823/35 506/824/35 508/825/35 510/826/35 519/827/35 517/828/35 513/829/35 514/830/35 465/749/35
f 501/801/35 500/800/35 498/818/35 499/831/35
f 499/813/35 498/832/35 496/817/35 497/814/35
f 494/810/35 495/820/35 521/819/35 520/833/35
f 523/809/35 522/834/35 495/820/35 494/810/35
f 525/821/35 524/816/35 522/835/35 523/836/35
f 497/814/35 496/817/35 524/816/35 525/821/35
f 473/731/35 472/764/35 503/799/35 502/798/35
f 520/833/35 521/819/35 475/747/35 474/765/35
f 512/795/129 495/820/129 522/834/131 516/792/131
f 511/789/237 496/817/237 498/832/126 509/786/126
f 504/802/240 503/799/136 472/764/7 463/726/7
f 514/837/139 520/833/241 474/765/7 465/767/7
f 507/782/127 500/800/127 503/799/136 504/802/240
f 519/822/239 525/821/238 523/836/119 517/838/119
f 513/811/120 494/810/120 520/833/241 514/837/139
f 506/807/117 501/801/117 499/831/121 508/839/121
f 516/805/131 522/835/131 524/816/236 518/791/235
f 486/803/140 526/840/140 527/841/141 487/783/141
f 443/727/7 484/772/7 526/840/140 486/803/140
f 492/793/143 532/842/143 530/843/144 490/794/144
f 487/783/141 527/841/141 528/844/145 488/784/145
f 491/797/152 531/845/151 485/776/31 445/716/31
f 493/790/242 533/846/242 532/847/143 492/804/143
f 488/787/145 528/848/145 529/849/243 489/788/244
f 489/788/244 529/849/243 533/846/242 493/790/242
f 490/794/144 530/843/144 531/845/151 491/797/152
f 557/850/35 559/851/35 536/852/35 535/853/35
f 559/854/35 561/855/35 537/856/35 536/857/35
f 561/855/35 568/858/35 541/859/35 537/856/35
f 566/860/35 562/861/35 538/862/35 540/863/35
f 565/864/35 572/865/35 553/866/35 539/867/35
f 550/868/35 549/869/35 548/870/35 552/871/35
f 562/861/35 565/864/35 539/867/35 538/862/35
f 554/872/35 557/850/35 535/853/35 534/873/35
f 568/858/35 566/874/35 540/875/35 541/859/35
f 571/876/35 554/872/35 534/873/35 551/877/35
f 555/878/76 556/879/77 549/869/77 550/868/76
f 570/880/31 555/878/76 550/868/76 581/881/31
f 567/882/79 563/883/80 542/884/80 577/885/79
f 558/886/81 560/887/245 545/888/226 547/889/81
f 568/858/227 561/855/228 544/890/228 578/891/246
f 559/851/86 557/850/87 548/870/87 546/892/86
f 565/864/88 562/861/89 543/893/89 575/894/88
f 560/887/245 569/895/230 579/896/231 545/888/226
f 572/865/31 565/864/88 575/894/88 583/897/31
f 570/880/35 573/898/35 564/899/35 563/900/35 567/901/35 569/902/35 560/903/35 558/904/35 556/905/35 555/906/35
f 549/869/35 547/907/35 546/892/35 548/870/35
f 547/889/35 545/888/35 544/890/35 546/908/35
f 542/884/35 574/909/35 575/894/35 543/893/35
f 577/885/35 542/884/35 543/893/35 576/910/35
f 579/896/35 577/911/35 576/912/35 578/891/35
f 545/888/35 579/896/35 578/891/35 544/890/35
f 581/881/35 550/868/35 552/871/35 580/913/35
f 574/909/35 582/914/35 583/897/35 575/894/35
f 562/861/89 566/860/91 576/910/91 543/893/89
f 561/855/228 559/854/86 546/908/86 544/890/228
f 554/872/96 571/876/7 580/913/7 552/871/96
f 564/915/101 573/898/7 582/914/7 574/909/101
f 557/850/87 554/872/96 552/871/96 548/870/87
f 569/895/230 567/916/79 577/911/79 579/896/231
f 563/883/80 564/915/101 574/909/101 542/884/80
f 556/879/77 558/917/81 547/907/81 549/869/77
f 566/874/91 568/858/227 578/891/246 576/912/91
f 534/873/102 535/853/103 585/918/103 584/919/102
f 551/877/7 534/873/102 584/919/102 592/920/7
f 540/863/105 538/862/106 588/921/106 590/922/105
f 535/853/103 536/852/107 586/923/107 585/918/103
f 539/867/113 553/866/31 593/924/31 589/925/113
f 541/859/247 540/875/105 590/926/105 591/927/232
f 536/857/107 537/856/233 587/928/233 586/929/107
f 537/856/233 541/859/247 591/927/232 587/928/233
f 538/862/106 539/867/113 589/925/113 588/921/106
f 615/930/35 595/931/35 596/932/35 617/933/35
f 617/934/35 596/935/35 597/936/35 619/937/35
f 619/937/35 597/936/35 601/938/35 626/939/35
f 624/940/35 600/941/35 598/942/35 620/943/35
f 623/944/35 599/945/35 553/866/35 572/865/35
f 610/946/35 611/947/35 608/948/35 609/949/35
f 620/943/35 598/942/35 599/945/35 623/944/35
f 612/950/35 594/951/35 595/931/35 615/930/35
f 626/939/35 601/938/35 600/952/35 624/953/35
f 571/876/35 551/877/35 594/951/35 612/950/35
f 613/954/116 610/946/116 609/949/117 614/955/117
f 570/880/31 581/881/31 610/946/116 613/954/116
f 625/956/119 631/957/119 602/958/120 621/959/120
f 616/960/121 607/961/121 605/962/248 618/963/234
f 626/939/249 632/964/236 604/965/237 619/937/237
f 617/933/126 606/966/126 608/948/127 615/930/127
f 623/944/128 629/967/128 603/968/129 620/943/129
f 618/963/234 605/962/248 633/969/238 627/970/239
f 572/865/31 583/897/31 629/967/128 623/944/128
f 570/880/35 613/954/35 614/955/35 616/960/35 618/963/35 627/970/35 625/956/35 621/959/35 622/971/35 573/898/35
f 609/949/35 608/948/35 606/966/35 607/972/35
f 607/961/35 606/973/35 604/965/35 605/962/35
f 602/958/35 603/968/35 629/967/35 628/974/35
f 631/957/35 630/975/35 603/968/35 602/958/35
f 633/969/35 632/964/35 630/976/35 631/977/35
f 605/962/35 604/965/35 632/964/35 633/969/35
f 581/881/35 580/913/35 611/947/35 610/946/35
f 628/974/35 629/967/35 583/897/35 582/914/35
f 620/943/129 603/968/129 630/975/131 624/940/131
f 619/937/237 604/965/237 606/973/126 617/934/126
f 612/950/240 611/947/136 580/913/7 571/876/7
f 622/971/139 628/974/139 582/914/7 573/898/7
f 615/930/127 608/948/127 611/947/136 612/950/240
f 627/970/239 633/969/238 631/977/119 625/956/119
f 621/959/120 602/958/120 628/974/139 622/971/139
f 614/955/117 609/949/117 607/972/121 616/960/121
f 624/953/131 630/976/131 632/964/236 626/939/249
f 594/951/140 634/978/140 635/979/141 595/931/141
f 551/877/7 592/920/7 634/978/140 594/951/140
f 600/941/143 640/980/143 638/981/144 598/942/144
f 595/931/141 635/979/141 636/982/145 596/932/145
f 599/945/152 639/983/151 593/924/31 553/866/31
f 601/938/242 641/984/242 640/985/143 600/952/143
f 596/935/145 636/986/145 637/987/243 597/936/244
f 597/936/244 637/987/243 641/984/242 601/938/242
f 598/942/144 638/981/144 639/983/151 599/945/152
f 642/988/7 643/989/7 645/990/250 644/991/250
f 644/991/250 645/990/250 647/992/251 646/993/251
f 646/993/251 647/992/251 649/994/252 648/995/252
f 648/995/252 649/994/252 651/996/25 650/997/25
f 650/998/25 651/999/25 653/1000/253 652/1001/253
f 652/1001/253 653/1000/253 655/1002/254 654/1003/254
f 654/1003/254 655/1002/254 657/1004/255 656/1005/255
f 656/1005/255 657/1004/255 659/1006/31 658/1007/31
f 658/1007/31 659/1006/31 661/1008/256 660/1009/256
f 660/1009/256 661/1008/256 663/1010/257 662/1011/257
f 662/1011/257 663/1010/257 665/1012/258 664/1013/258
f 664/1013/258 665/1012/258 667/1014/27 666/1015/27
f 666/1016/27 667/1017/27 669/1018/259 668/1019/259
f 668/1019/259 669/1018/259 671/1020/260 670/1021/260
f 649/994/35 647/992/35 703/1022/35 704/1023/35
f 670/1021/260 671/1020/260 673/1024/261 672/1025/261
f 672/1025/261 673/1024/261 643/989/7 642/988/7
f 642/1026/35 677/1027/35 678/1028/35 672/1029/35
f 658/1030/35 674/1031/35 675/1032/35 656/1033/35
f 672/1029/35 678/1028/35 670/1034/35
f 656/1033/35 675/1032/35 654/1035/35
f 662/1036/35 676/1037/35 660/1038/35
f 676/1037/35 674/1031/35 658/1030/35 660/1038/35
f 654/1035/35 675/1032/35 683/1039/35 652/1040/35
f 681/1041/262 683/1042/263 686/1043/263 698/1044/262
f 670/1034/35 678/1028/35 685/1045/35 668/1046/35
f 684/1047/264 681/1041/262 698/1044/262 697/1048/264
f 646/1049/35 679/1050/35 644/1051/35
f 679/1050/35 677/1027/35 642/1026/35 644/1051/35
f 687/1052/35 690/1053/35 699/1054/35 686/1043/35
f 683/1042/263 675/1055/265 687/1052/265 686/1043/263
f 666/1056/35 680/1057/35 682/1058/35 664/1059/35
f 678/1060/31 677/1061/31 692/1062/31 693/1063/31
f 650/1064/35 681/1065/35 684/1066/35 648/1067/35
f 679/1068/27 684/1047/264 697/1048/264 694/1069/27
f 664/1059/35 682/1058/35 676/1037/35 662/1036/35
f 682/1070/266 680/1071/267 696/1072/267 688/1073/266
f 652/1040/35 683/1039/35 681/1065/35 650/1064/35
f 674/1074/7 676/1075/7 689/1076/7 690/1053/7
f 668/1046/35 685/1045/35 680/1057/35 666/1056/35
f 680/1071/267 685/1077/268 695/1078/268 696/1072/267
f 648/1067/35 684/1066/35 679/1050/35 646/1049/35
f 693/1063/35 692/1062/35 691/1079/35 695/1078/35
f 698/1044/35 700/1080/35 691/1079/35 697/1048/35
f 696/1072/35 700/1080/35 699/1054/35 688/1073/35
f 686/1043/35 699/1054/35 700/1080/35 698/1044/35
f 688/1073/35 699/1054/35 690/1053/35 689/1076/35
f 697/1048/35 691/1079/35 692/1062/35 694/1069/35
f 695/1078/35 691/1079/35 700/1080/35 696/1072/35
f 685/1077/268 678/1081/25 693/1063/25 695/1078/268
f 676/1082/269 682/1070/266 688/1073/266 689/1076/269
f 675/1083/7 674/1074/7 690/1053/7 687/1052/7
f 677/1061/31 679/1084/31 694/1069/31 692/1062/31
f 703/1022/257 701/1085/256 717/1086/256 719/1087/257
f 659/1006/270 657/1004/35 708/1088/35 709/1089/270
f 669/1018/35 667/1017/271 713/1090/271 714/1091/35
f 645/990/35 643/989/272 702/1092/272 701/1085/35
f 655/1002/35 653/1000/35 706/1093/35 707/1094/35
f 665/1012/35 663/1010/35 711/1095/35 712/1096/35
f 643/989/272 673/1024/35 716/1097/35 702/1092/272
f 651/996/273 649/994/35 704/1023/35 705/1098/273
f 661/1008/35 659/1006/270 709/1089/270 710/1099/35
f 671/1020/35 669/1018/35 714/1091/35 715/1100/35
f 647/992/35 645/990/35 701/1085/35 703/1022/35
f 657/1004/35 655/1002/35 707/1094/35 708/1088/35
f 667/1014/271 665/1012/35 712/1096/35 713/1101/271
f 653/1000/35 651/999/273 705/1102/273 706/1093/35
f 663/1010/35 661/1008/35 710/1099/35 711/1095/35
f 673/1024/35 671/1020/35 715/1100/35 716/1097/35
f 724/1103/35 723/1104/35 739/1105/35 740/1106/35
f 711/1095/251 710/1099/250 726/1107/250 727/1108/251
f 704/1023/258 703/1022/257 719/1087/257 720/1109/258
f 712/1096/252 711/1095/251 727/1108/251 728/1110/252
f 705/1098/27 704/1023/258 720/1109/258 721/1111/27
f 713/1101/25 712/1096/252 728/1110/252 729/1112/25
f 706/1093/259 705/1102/27 721/1113/27 722/1114/259
f 714/1091/253 713/1090/25 729/1115/25 730/1116/253
f 707/1094/260 706/1093/259 722/1114/259 723/1104/260
f 715/1100/254 714/1091/253 730/1116/253 731/1117/254
f 708/1088/261 707/1094/260 723/1104/260 724/1103/261
f 716/1097/255 715/1100/254 731/1117/254 732/1118/255
f 709/1089/7 708/1088/261 724/1103/261 725/1119/7
f 701/1085/256 702/1092/31 718/1120/31 717/1086/256
f 702/1092/31 716/1097/255 732/1118/255 718/1120/31
f 710/1099/250 709/1089/7 725/1119/7 726/1107/250
f 745/1121/27 744/1122/258 760/1123/258 761/1124/27
f 732/1118/35 731/1117/35 747/1125/35 748/1126/35
f 725/1119/35 724/1103/35 740/1106/35 741/1127/35
f 717/1086/35 718/1120/35 734/1128/35 733/1129/35
f 718/1120/35 732/1118/35 748/1126/35 734/1128/35
f 726/1107/35 725/1119/35 741/1127/35 742/1130/35
f 719/1087/35 717/1086/35 733/1129/35 735/1131/35
f 727/1108/35 726/1107/35 742/1130/35 743/1132/35
f 720/1109/35 719/1087/35 735/1131/35 736/1133/35
f 728/1110/35 727/1108/35 743/1132/35 744/1122/35
f 721/1111/35 720/1109/35 736/1133/35 737/1134/35
f 729/1112/35 728/1110/35 744/1122/35 745/1121/35
f 722/1114/35 721/1113/35 737/1135/35 738/1136/35
f 730/1116/35 729/1115/35 745/1137/35 746/1138/35
f 723/1104/35 722/1114/35 738/1136/35 739/1105/35
f 731/1117/35 730/1116/35 746/1138/35 747/1125/35
f 738/1136/253 737/1135/25 753/1139/25 754/1140/253
f 746/1138/259 745/1137/27 761/1141/27 762/1142/259
f 739/1105/254 738/1136/253 754/1140/253 755/1143/254
f 747/1125/260 746/1138/259 762/1142/259 763/1144/260
f 740/1106/255 739/1105/254 755/1143/254 756/1145/255
f 748/1126/261 747/1125/260 763/1144/260 764/1146/261
f 741/1127/31 740/1106/255 756/1145/255 757/1147/31
f 733/1129/250 734/1128/7 750/1148/7 749/1149/250
f 734/1128/7 748/1126/261 764/1146/261 750/1148/7
f 742/1130/256 741/1127/31 757/1147/31 758/1150/256
f 735/1131/251 733/1129/250 749/1149/250 751/1151/251
f 743/1132/257 742/1130/256 758/1150/256 759/1152/257
f 736/1133/252 735/1131/251 751/1151/251 752/1153/252
f 744/1122/258 743/1132/257 759/1152/257 760/1123/258
f 737/1134/25 736/1133/252 752/1153/252 753/1154/25
f 765/1155/7 766/1156/7 768/1157/250 767/1158/250
f 767/1158/250 768/1157/250 770/1159/251 769/1160/251
f 769/1160/251 770/1159/251 772/1161/252 771/1162/252
f 771/1162/252 772/1161/252 774/1163/25 773/1164/25
f 773/1165/25 774/1166/25 776/1167/253 775/1168/253
f 775/1168/253 776/1167/253 778/1169/254 777/1170/254
f 777/1170/254 778/1169/254 780/1171/255 779/1172/255
f 779/1172/255 780/1171/255 782/1173/31 781/1174/31
f 781/1174/31 782/1173/31 784/1175/256 783/1176/256
f 783/1176/256 784/1175/256 786/1177/257 785/1178/257
f 785/1178/257 786/1177/257 788/1179/258 787/1180/258
f 787/1180/258 788/1179/258 790/1181/27 789/1182/27
f 789/1183/27 790/1184/27 792/1185/259 791/1186/259
f 791/1186/259 792/1185/259 794/1187/260 793/1188/260
f 772/1161/35 770/1159/35 826/1189/35 827/1190/35
f 793/1188/260 794/1187/260 796/1191/261 795/1192/261
f 795/1192/261 796/1191/261 766/1156/7 765/1155/7
f 765/1193/35 800/1194/35 801/1195/35 795/1196/35
f 781/1197/35 797/1198/35 798/1199/35 779/1200/35
f 795/1196/35 801/1195/35 793/1201/35
f 779/1200/35 798/1199/35 777/1202/35
f 785/1203/35 799/1204/35 783/1205/35
f 799/1204/35 797/1198/35 781/1197/35 783/1205/35
f 777/1202/35 798/1199/35 806/1206/35 775/1207/35
f 804/1208/262 806/1209/263 809/1210/263 821/1211/262
f 793/1201/35 801/1195/35 808/1212/35 791/1213/35
f 807/1214/264 804/1208/262 821/1211/262 820/1215/264
f 769/1216/35 802/1217/35 767/1218/35
f 802/1217/35 800/1194/35 765/1193/35 767/1218/35
f 810/1219/35 813/1220/35 822/1221/35 809/1210/35
f 806/1209/263 798/1222/265 810/1219/265 809/1210/263
f 789/1223/35 803/1224/35 805/1225/35 787/1226/35
f 801/1227/31 800/1228/31 815/1229/31 816/1230/31
f 773/1231/35 804/1232/35 807/1233/35 771/1234/35
f 802/1235/27 807/1214/264 820/1215/264 817/1236/27
f 787/1226/35 805/1225/35 799/1204/35 785/1203/35
f 805/1237/274 803/1238/267 819/1239/267 811/1240/274
f 775/1207/35 806/1206/35 804/1232/35 773/1231/35
f 797/1241/7 799/1242/7 812/1243/7 813/1220/7
f 791/1213/35 808/1212/35 803/1224/35 789/1223/35
f 803/1238/267 808/1244/268 818/1245/275 819/1239/267
f 771/1234/35 807/1233/35 802/1217/35 769/1216/35
f 816/1230/35 815/1229/35 814/1246/35 818/1245/35
f 821/1211/35 823/1247/35 814/1246/35 820/1215/35
f 819/1239/35 823/1247/35 822/1221/35 811/1240/35
f 809/1210/35 822/1221/35 823/1247/35 821/1211/35
f 811/1240/35 822/1221/35 813/1220/35 812/1243/35
f 820/1215/35 814/1246/35 815/1229/35 817/1236/35
f 818/1245/35 814/1246/35 823/1247/35 819/1239/35
f 808/1244/268 801/1248/25 816/1230/25 818/1245/275
f 799/1249/269 805/1237/274 811/1240/274 812/1243/269
f 798/1250/7 797/1241/7 813/1220/7 810/1219/7
f 800/1228/31 802/1251/31 817/1236/31 815/1229/31
f 826/1189/257 824/1252/256 840/1253/256 842/1254/257
f 782/1173/35 780/1171/270 831/1255/270 832/1256/35
f 792/1185/35 790/1184/271 836/1257/271 837/1258/35
f 768/1157/272 766/1156/35 825/1259/35 824/1252/272
f 778/1169/35 776/1167/35 829/1260/35 830/1261/35
f 788/1179/35 786/1177/35 834/1262/35 835/1263/35
f 766/1156/35 796/1191/35 839/1264/35 825/1259/35
f 774/1163/273 772/1161/35 827/1190/35 828/1265/273
f 784/1175/35 782/1173/35 832/1256/35 833/1266/35
f 794/1187/35 792/1185/35 837/1258/35 838/1267/35
f 770/1159/35 768/1157/272 824/1252/272 826/1189/35
f 780/1171/270 778/1169/35 830/1261/35 831/1255/270
f 790/1181/271 788/1179/35 835/1263/35 836/1268/271
f 776/1167/35 774/1166/273 828/1269/273 829/1260/35
f 786/1177/35 784/1175/35 833/1266/35 834/1262/35
f 796/1191/35 794/1187/35 838/1267/35 839/1264/35
f 847/1270/35 846/1271/35 862/1272/35 863/1273/35
f 834/1262/251 833/1266/250 849/1274/250 850/1275/251
f 827/1190/258 826/1189/257 842/1254/257 843/1276/258
f 835/1263/252 834/1262/251 850/1275/251 851/1277/252
f 828/1265/27 827/1190/258 843/1276/258 844/1278/27
f 836/1268/25 835/1263/252 851/1277/252 852/1279/25
f 829/1260/259 828/1269/27 844/1280/27 845/1281/259
f 837/1258/253 836/1257/25 852/1282/25 853/1283/253
f 830/1261/260 829/1260/259 845/1281/259 846/1271/260
f 838/1267/254 837/1258/253 853/1283/253 854/1284/254
f 831/1255/261 830/1261/260 846/1271/260 847/1270/261
f 839/1264/255 838/1267/254 854/1284/254 855/1285/255
f 832/1256/7 831/1255/261 847/1270/261 848/1286/7
f 824/1252/256 825/1259/31 841/1287/31 840/1253/256
f 825/1259/31 839/1264/255 855/1285/255 841/1287/31
f 833/1266/250 832/1256/7 848/1286/7 849/1274/250
f 868/1288/27 867/1289/258 883/1290/258 884/1291/27
f 855/1285/35 854/1284/35 870/1292/35 871/1293/35
f 848/1286/35 847/1270/35 863/1273/35 864/1294/35
f 840/1253/35 841/1287/35 857/1295/35 856/1296/35
f 841/1287/35 855/1285/35 871/1293/35 857/1295/35
f 849/1274/35 848/1286/35 864/1294/35 865/1297/35
f 842/1254/35 840/1253/35 856/1296/35 858/1298/35
f 850/1275/35 849/1274/35 865/1297/35 866/1299/35
f 843/1276/35 842/1254/35 858/1298/35 859/1300/35
f 851/1277/35 850/1275/35 866/1299/35 867/1289/35
f 844/1278/35 843/1276/35 859/1300/35 860/1301/35
f 852/1279/35 851/1277/35 867/1289/35 868/1288/35
f 845/1281/35 844/1280/35 860/1302/35 861/1303/35
f 853/1283/35 852/1282/35 868/1304/35 869/1305/35
f 846/1271/35 845/1281/35 861/1303/35 862/1272/35
f 854/1284/35 853/1283/35 869/1305/35 870/1292/35
f 861/1303/253 860/1302/25 876/1306/25 877/1307/253
f 869/1305/259 868/1304/27 884/1308/27 885/1309/259
f 862/1272/254 861/1303/253 877/1307/253 878/1310/254
f 870/1292/260 869/1305/259 885/1309/259 886/1311/260
f 863/1273/255 862/1272/254 878/1310/254 879/1312/255
f 871/1293/261 870/1292/260 886/1311/260 887/1313/261
f 864/1294/31 863/1273/255 879/1312/255 880/1314/31
f 856/1296/250 857/1295/7 873/1315/7 872/1316/250
f 857/1295/7 871/1293/261 887/1313/261 873/1315/7
f 865/1297/256 864/1294/31 880/1314/31 881/1317/256
f 858/1298/251 856/1296/250 872/1316/250 874/1318/251
f 866/1299/257 865/1297/256 881/1317/256 882/1319/257
f 859/1300/252 858/1298/251 874/1318/251 875/1320/252
f 867/1289/258 866/1299/257 882/1319/257 883/1290/258
f 860/1301/25 859/1300/252 875/1320/252 876/1321/25
f 888/1322/7 889/1323/7 891/1324/250 890/1325/250
f 890/1325/250 891/1324/250 893/1326/251 892/1327/251
f 892/1327/251 893/1326/251 895/1328/252 894/1329/252
f 894/1329/252 895/1328/252 897/1330/25 896/1331/25
f 896/1332/25 897/1333/25 899/1334/253 898/1335/253
f 898/1335/253 899/1334/253 901/1336/254 900/1337/254
f 900/1337/254 901/1336/254 903/1338/255 902/1339/255
f 902/1339/255 903/1338/255 905/1340/31 904/1341/31
f 904/1341/31 905/1340/31 907/1342/256 906/1343/256
f 906/1343/256 907/1342/256 909/1344/257 908/1345/257
f 908/1345/257 909/1344/257 911/1346/258 910/1347/258
f 910/1347/258 911/1346/258 913/1348/27 912/1349/27
f 912/1350/27 913/1351/27 915/1352/259 914/1353/259
f 914/1353/259 915/1352/259 917/1354/260 916/1355/260
f 895/1328/35 893/1326/35 949/1356/35 950/1357/35
f 916/1355/260 917/1354/260 919/1358/261 918/1359/261
f 918/1359/261 919/1358/261 889/1323/7 888/1322/7
f 888/1360/35 923/1361/35 924/1362/35 918/1363/35
f 904/1364/35 920/1365/35 921/1366/35 902/1367/35
f 918/1363/35 924/1362/35 916/1368/35
f 902/1367/35 921/1366/35 900/1369/35
f 908/1370/35 922/1371/35 906/1372/35
f 922/1371/35 920/1365/35 904/1364/35 906/1372/35
f 900/1369/35 921/1366/35 929/1373/35 898/1374/35
f 927/1375/262 929/1376/263 932/1377/263 944/1378/262
f 916/1368/35 924/1362/35 931/1379/35 914/1380/35
f 930/1381/276 927/1375/262 944/1378/262 943/1382/276
f 892/1383/35 925/1384/35 890/1385/35
f 925/1384/35 923/1361/35 888/1360/35 890/1385/35
f 933/1386/35 936/1387/35 945/1388/35 932/1377/35
f 929/1376/263 921/1389/265 933/1386/265 932/1377/263
f 912/1390/35 926/1391/35 928/1392/35 910/1393/35
f 924/1394/31 923/1395/31 938/1396/31 939/1397/31
f 896/1398/35 927/1399/35 930/1400/35 894/1401/35
f 925/1402/27 930/1381/276 943/1382/276 940/1403/27
f 910/1393/35 928/1392/35 922/1371/35 908/1370/35
f 928/1404/274 926/1405/267 942/1406/267 934/1407/274
f 898/1374/35 929/1373/35 927/1399/35 896/1398/35
f 920/1408/7 922/1409/7 935/1410/7 936/1387/7
f 914/1380/35 931/1379/35 926/1391/35 912/1390/35
f 926/1405/267 931/1411/268 941/1412/268 942/1406/267
f 894/1401/35 930/1400/35 925/1384/35 892/1383/35
f 939/1397/35 938/1396/35 937/1413/35 941/1412/35
f 944/1378/35 946/1414/35 937/1413/35 943/1382/35
f 942/1406/35 946/1414/35 945/1388/35 934/1407/35
f 932/1377/35 945/1388/35 946/1414/35 944/1378/35
f 934/1407/35 945/1388/35 936/1387/35 935/1410/35
f 943/1382/35 937/1413/35 938/1396/35 940/1403/35
f 941/1412/35 937/1413/35 946/1414/35 942/1406/35
f 931/1411/268 924/1415/25 939/1397/25 941/1412/268
f 922/1416/269 928/1404/274 934/1407/274 935/1410/269
f 921/1417/7 920/1408/7 936/1387/7 933/1386/7
f 923/1395/31 925/1418/31 940/1403/31 938/1396/31
f 949/1356/257 947/1419/256 963/1420/256 965/1421/257
f 905/1340/35 903/1338/35 954/1422/35 955/1423/35
f 915/1352/35 913/1351/271 959/1424/271 960/1425/35
f 891/1324/35 889/1323/35 948/1426/35 947/1419/35
f 901/1336/35 899/1334/35 952/1427/35 953/1428/35
f 911/1346/35 909/1344/35 957/1429/35 958/1430/35
f 889/1323/35 919/1358/35 962/1431/35 948/1426/35
f 897/1330/273 895/1328/35 950/1357/35 951/1432/273
f 907/1342/35 905/1340/35 955/1423/35 956/1433/35
f 917/1354/35 915/1352/35 960/1425/35 961/1434/35
f 893/1326/35 891/1324/35 947/1419/35 949/1356/35
f 903/1338/35 901/1336/35 953/1428/35 954/1422/35
f 913/1348/271 911/1346/35 958/1430/35 959/1435/271
f 899/1334/35 897/1333/273 951/1436/273 952/1427/35
f 909/1344/35 907/1342/35 956/1433/35 957/1429/35
f 919/1358/35 917/1354/35 961/1434/35 962/1431/35
f 970/1437/35 969/1438/35 985/1439/35 986/1440/35
f 957/1429/251 956/1433/250 972/1441/250 973/1442/251
f 950/1357/258 949/1356/257 965/1421/257 966/1443/258
f 958/1430/252 957/1429/251 973/1442/251 974/1444/252
f 951/1432/27 950/1357/258 966/1443/258 967/1445/27
f 959/1435/25 958/1430/252 974/1444/252 975/1446/25
f 952/1427/259 951/1436/27 967/1447/27 968/1448/259
f 960/1425/253 959/1424/25 975/1449/25 976/1450/253
f 953/1428/260 952/1427/259 968/1448/259 969/1438/260
f 961/1434/254 960/1425/253 976/1450/253 977/1451/254
f 954/1422/261 953/1428/260 969/1438/260 970/1437/261
f 962/1431/255 961/1434/254 977/1451/254 978/1452/255
f 955/1423/7 954/1422/261 970/1437/261 971/1453/7
f 947/1419/256 948/1426/31 964/1454/31 963/1420/256
f 948/1426/31 962/1431/255 978/1452/255 964/1454/31
f 956/1433/250 955/1423/7 971/1453/7 972/1441/250
f 991/1455/27 990/1456/258 1006/1457/258 1007/1458/27
f 978/1452/35 977/1451/35 993/1459/35 994/1460/35
f 971/1453/35 970/1437/35 986/1440/35 987/1461/35
f 963/1420/35 964/1454/35 980/1462/35 979/1463/35
f 964/1454/35 978/1452/35 994/1460/35 980/1462/35
f 972/1441/35 971/1453/35 987/1461/35 988/1464/35
f 965/1421/35 963/1420/35 979/1463/35 981/1465/35
f 973/1442/35 972/1441/35 988/1464/35 989/1466/35
f 966/1443/35 965/1421/35 981/1465/35 982/1467/35
f 974/1444/35 973/1442/35 989/1466/35 990/1456/35
f 967/1445/35 966/1443/35 982/1467/35 983/1468/35
f 975/1446/35 974/1444/35 990/1456/35 991/1455/35
f 968/1448/35 967/1447/35 983/1469/35 984/1470/35
f 976/1450/35 975/1449/35 991/1471/35 992/1472/35
f 969/1438/35 968/1448/35 984/1470/35 985/1439/35
f 977/1451/35 976/1450/35 992/1472/35 993/1459/35
f 984/1470/253 983/1469/25 999/1473/25 1000/1474/253
f 992/1472/259 991/1471/27 1007/1475/27 1008/1476/259
f 985/1439/254 984/1470/253 1000/1474/253 1001/1477/254
f 993/1459/260 992/1472/259 1008/1476/259 1009/1478/260
f 986/1440/255 985/1439/254 1001/1477/254 1002/1479/255
f 994/1460/261 993/1459/260 1009/1478/260 1010/1480/261
f 987/1461/31 986/1440/255 1002/1479/255 1003/1481/31
f 979/1463/250 980/1462/7 996/1482/7 995/1483/250
f 980/1462/7 994/1460/261 1010/1480/261 996/1482/7
f 988/1464/256 987/1461/31 1003/1481/31 1004/1484/256
f 981/1465/251 979/1463/250 995/1483/250 997/1485/251
f 989/1466/257 988/1464/256 1004/1484/256 1005/1486/257
f 982/1467/252 981/1465/251 997/1485/251 998/1487/252
f 990/1456/258 989/1466/257 1005/1486/257 1006/1457/258
f 983/1468/25 982/1467/252 998/1487/252 999/1488/25
f 1011/1489/27 1012/1490/27 1014/1491/27 1013/1492/27
f 1017/1493/25 1018/1494/25 1016/1495/25 1015/1496/25
f 1032/1497/277 1031/1498/277 1022/1499/277 1019/1500/277
f 1013/1501/7 1017/1502/7 1015/1503/7 1011/1504/7
f 1018/1505/31 1014/1506/31 1012/1507/31 1016/1508/31
f 1021/1509/7 1020/1510/7 1024/1511/7 1025/1512/7
f 1034/1513/278 1033/1514/278 1020/1510/278 1021/1509/278
f 1031/1515/279 1034/1516/279 1021/1517/279 1022/1518/279
f 1033/1519/280 1032/1520/280 1019/1521/280 1020/1522/280
f 1022/1518/27 1021/1517/27 1025/1523/27 1026/1524/27
f 1019/1500/31 1022/1499/31 1026/1525/31 1023/1526/31
f 1020/1522/25 1019/1521/25 1023/1527/25 1024/1528/25
f 1030/1529/281 1029/1530/281 1028/1531/281 1027/1532/281
f 1012/1490/279 1011/1489/279 1032/1520/279 1033/1519/279
f 1015/1496/280 1016/1495/280 1034/1516/280 1031/1515/280
f 1016/1508/277 1012/1507/277 1033/1514/277 1034/1513/277
f 1011/1504/278 1015/1503/278 1031/1498/278 1032/1497/278
f 1035/1533/27 1036/1534/27 1038/1535/27 1037/1536/27
f 1041/1537/25 1042/1538/25 1040/1539/25 1039/1540/25
f 1056/1541/277 1055/1542/277 1046/1543/277 1043/1544/277
f 1037/1545/7 1041/1546/7 1039/1547/7 1035/1548/7
f 1042/1549/31 1038/1550/31 1036/1551/31 1040/1552/31
f 1045/1553/7 1044/1554/7 1048/1555/7 1049/1556/7
f 1058/1557/278 1057/1558/278 1044/1554/278 1045/1553/278
f 1055/1559/279 1058/1560/279 1045/1561/279 1046/1562/279
f 1057/1563/280 1056/1564/280 1043/1565/280 1044/1566/280
f 1046/1562/27 1045/1561/27 1049/1567/27 1050/1568/27
f 1043/1544/31 1046/1543/31 1050/1569/31 1047/1570/31
f 1044/1566/25 1043/1565/25 1047/1571/25 1048/1572/25
f 1054/1573/281 1053/1574/281 1052/1575/281 1051/1576/281
f 1036/1534/279 1035/1533/279 1056/1564/279 1057/1563/279
f 1039/1540/280 1040/1539/280 1058/1560/280 1055/1559/280
f 1040/1552/277 1036/1551/277 1057/1558/277 1058/1557/277
f 1035/1548/278 1039/1547/278 1055/1542/278 1056/1541/278
f 1131/1577/35 1095/1578/35 1096/1579/35 1134/1580/35
f 1065/1581/25 1126/1582/25 1123/1583/25 1063/1584/25
f 1064/1585/277 1102/1586/277 1091/1587/277 1078/1588/277
f 1061/1589/7 1108/1590/7 1104/1591/7 1059/1592/7
f 1066/1593/31 1106/1594/31 1102/1586/31 1064/1585/31
f 1070/1595/27 1119/1596/27 1116/1597/27 1074/1598/27
f 1122/1599/25 1067/1600/25 1071/1601/25 1118/1602/25
f 1077/1603/280 1113/1604/280 1121/1605/280 1068/1606/280
f 1074/1598/35 1116/1597/35 1134/1580/35 1096/1579/35
f 1098/1607/7 1068/1608/7 1072/1609/7 1093/1610/7
f 1095/1578/35 1131/1577/35 1118/1611/35 1071/1612/35
f 1067/1613/31 1100/1614/31 1095/1615/31 1071/1616/31
f 1125/1617/25 1066/1618/25 1064/1619/25 1124/1620/25
f 1060/1621/279 1130/1622/279 1113/1604/279 1077/1603/279
f 1063/1584/280 1123/1583/280 1112/1623/280 1075/1624/280
f 1092/1625/278 1077/1626/278 1068/1608/278 1098/1607/278
f 1090/1627/277 1075/1628/277 1070/1629/277 1099/1630/277
f 1103/1631/278 1063/1632/278 1075/1628/278 1090/1627/278
f 1088/1633/35 1109/1634/35 1110/1635/35 1087/1636/35
f 1107/1637/7 1065/1638/7 1063/1632/7 1103/1631/7
f 1099/1630/31 1070/1629/31 1074/1639/31 1096/1640/31
f 1101/1641/277 1060/1642/277 1077/1626/277 1092/1625/277
f 1069/1643/7 1097/1644/7 1094/1645/7 1073/1646/7
f 1105/1647/31 1062/1648/31 1060/1642/31 1101/1641/31
f 1078/1588/278 1091/1587/278 1097/1644/278 1069/1643/278
f 1076/1649/277 1089/1650/277 1100/1614/277 1067/1613/277
f 1090/1627/277 1099/1630/277 1100/1614/277 1089/1650/277
f 1107/1637/7 1103/1631/7 1104/1591/7 1108/1590/7
f 1105/1647/31 1101/1641/31 1102/1586/31 1106/1594/31
f 1098/1607/7 1093/1610/7 1094/1645/7 1097/1644/7
f 1092/1625/278 1098/1607/278 1097/1644/278 1091/1587/278
f 1093/1651/35 1132/1652/35 1133/1653/35 1094/1654/35
f 1099/1630/31 1096/1640/31 1095/1615/31 1100/1614/31
f 1101/1641/277 1092/1625/277 1091/1587/277 1102/1586/277
f 1103/1631/278 1090/1627/278 1089/1650/278 1104/1591/278
f 1059/1592/278 1104/1591/278 1089/1650/278 1076/1649/278
f 1075/1624/279 1112/1623/279 1119/1596/279 1070/1595/279
f 1114/1655/280 1076/1656/280 1067/1600/280 1122/1599/280
f 1132/1652/35 1093/1651/35 1072/1657/35 1117/1658/35
f 1120/1659/27 1069/1660/27 1073/1661/27 1115/1662/27
f 1129/1663/279 1059/1664/279 1076/1656/279 1114/1655/279
f 1111/1665/279 1078/1666/279 1069/1660/279 1120/1659/279
f 1068/1606/25 1121/1605/25 1117/1667/25 1072/1668/25
f 1115/1662/35 1073/1661/35 1094/1654/35 1133/1653/35
f 1059/1664/27 1129/1663/27 1127/1669/27 1061/1670/27
f 1130/1622/27 1060/1621/27 1062/1671/27 1128/1672/27
f 1124/1620/280 1111/1665/280 1112/1623/280 1123/1583/280
f 1120/1659/27 1115/1662/27 1116/1597/27 1119/1596/27
f 1134/1580/35 1116/1597/35 1085/1673/35 1083/1674/35
f 1132/1652/35 1117/1658/35 1118/1611/35 1131/1577/35
f 1111/1665/279 1120/1659/279 1119/1596/279 1112/1623/279
f 1122/1599/25 1118/1602/25 1117/1667/25 1121/1605/25
f 1130/1622/27 1128/1672/27 1127/1669/27 1129/1663/27
f 1125/1617/25 1124/1620/25 1123/1583/25 1126/1582/25
f 1114/1655/280 1122/1599/280 1121/1605/280 1113/1604/280
f 1129/1663/279 1114/1655/279 1113/1604/279 1130/1622/279
f 1131/1675/31 1134/1676/31 1109/1634/31 1088/1633/31
f 1124/1620/280 1064/1619/280 1078/1666/280 1111/1665/280
f 1132/1677/25 1131/1678/25 1088/1633/25 1087/1636/25
f 1133/1679/7 1132/1680/7 1087/1636/7 1110/1635/7
f 1134/1681/27 1133/1682/27 1110/1635/27 1109/1634/27
f 1083/1683/31 1085/1684/31 1080/1685/31 1079/1686/31
f 1115/1662/35 1133/1653/35 1084/1687/35 1086/1688/35
f 1116/1597/35 1115/1662/35 1086/1688/35 1085/1673/35
f 1133/1653/35 1134/1580/35 1083/1674/35 1084/1687/35
f 1082/1689/35 1081/1690/35 1136/1691/35 1135/1692/35
f 1085/1693/27 1086/1694/27 1082/1695/27 1080/1696/27
f 1086/1697/7 1084/1698/7 1081/1690/7 1082/1689/7
f 1084/1699/25 1083/1700/25 1079/1701/25 1081/1702/25
f 1135/1703/31 1136/1704/31 1142/1705/31 1139/1706/31
f 1080/1696/35 1082/1695/35 1135/1707/35 1138/1708/35
f 1079/1686/35 1080/1685/35 1138/1709/35 1137/1710/35
f 1081/1702/35 1079/1701/35 1137/1711/35 1136/1712/35
f 1139/1706/35 1142/1705/35 1141/1713/35 1140/1714/35
f 1138/1715/25 1135/1716/25 1139/1706/25 1140/1714/25
f 1137/1717/7 1138/1718/7 1140/1714/7 1141/1713/7
f 1136/1719/27 1137/1720/27 1141/1713/27 1142/1705/27
f 1215/1721/35 1179/1722/35 1180/1723/35 1218/1724/35
f 1149/1725/25 1210/1726/25 1207/1727/25 1147/1728/25
f 1148/1729/277 1186/1730/277 1175/1731/277 1162/1732/277
f 1145/1733/7 1192/1734/7 1188/1735/7 1143/1736/7
f 1150/1737/31 1190/1738/31 1186/1730/31 1148/1729/31
f 1154/1739/27 1203/1740/27 1200/1741/27 1158/1742/27
f 1206/1743/25 1151/1744/25 1155/1745/25 1202/1746/25
f 1161/1747/280 1197/1748/280 1205/1749/280 1152/1750/280
f 1158/1742/35 1200/1741/35 1218/1724/35 1180/1723/35
f 1182/1751/7 1152/1752/7 1156/1753/7 1177/1754/7
f 1179/1722/35 1215/1721/35 1202/1755/35 1155/1756/35
f 1151/1757/31 1184/1758/31 1179/1759/31 1155/1760/31
f 1209/1761/25 1150/1762/25 1148/1763/25 1208/1764/25
f 1144/1765/279 1214/1766/279 1197/1748/279 1161/1747/279
f 1147/1728/280 1207/1727/280 1196/1767/280 1159/1768/280
f 1176/1769/278 1161/1770/278 1152/1752/278 1182/1751/278
f 1174/1771/277 1159/1772/277 1154/1773/277 1183/1774/277
f 1187/1775/278 1147/1776/278 1159/1772/278 1174/1771/278
f 1172/1777/35 1193/1778/35 1194/1779/35 1171/1780/35
f 1191/1781/7 1149/1782/7 1147/1776/7 1187/1775/7
f 1183/1774/31 1154/1773/31 1158/1783/31 1180/1784/31
f 1185/1785/277 1144/1786/277 1161/1770/277 1176/1769/277
f 1153/1787/7 1181/1788/7 1178/1789/7 1157/1790/7
f 1189/1791/31 1146/1792/31 1144/1786/31 1185/1785/31
f 1162/1732/278 1175/1731/278 1181/1788/278 1153/1787/278
f 1160/1793/277 1173/1794/277 1184/1758/277 1151/1757/277
f 1174/1771/277 1183/1774/277 1184/1758/277 1173/1794/277
f 1191/1781/7 1187/1775/7 1188/1735/7 1192/1734/7
f 1189/1791/31 1185/1785/31 1186/1730/31 1190/1738/31
f 1182/1751/7 1177/1754/7 1178/1789/7 1181/1788/7
f 1176/1769/278 1182/1751/278 1181/1788/278 1175/1731/278
f 1177/1795/35 1216/1796/35 1217/1797/35 1178/1798/35
f 1183/1774/31 1180/1784/31 1179/1759/31 1184/1758/31
f 1185/1785/277 1176/1769/277 1175/1731/277 1186/1730/277
f 1187/1775/278 1174/1771/278 1173/1794/278 1188/1735/278
f 1143/1736/278 1188/1735/278 1173/1794/278 1160/1793/278
f 1159/1768/279 1196/1767/279 1203/1740/279 1154/1739/279
f 1198/1799/280 1160/1800/280 1151/1744/280 1206/1743/280
f 1216/1796/35 1177/1795/35 1156/1801/35 1201/1802/35
f 1204/1803/27 1153/1804/27 1157/1805/27 1199/1806/27
f 1213/1807/279 1143/1808/279 1160/1800/279 1198/1799/279
f 1195/1809/279 1162/1810/279 1153/1804/279 1204/1803/279
f 1152/1750/25 1205/1749/25 1201/1811/25 1156/1812/25
f 1199/1806/35 1157/1805/35 1178/1798/35 1217/1797/35
f 1143/1808/27 1213/1807/27 1211/1813/27 1145/1814/27
f 1214/1766/27 1144/1765/27 1146/1815/27 1212/1816/27
f 1208/1764/280 1195/1809/280 1196/1767/280 1207/1727/280
f 1204/1803/27 1199/1806/27 1200/1741/27 1203/1740/27
f 1218/1724/35 1200/1741/35 1169/1817/35 1167/1818/35
f 1216/1796/35 1201/1802/35 1202/1755/35 1215/1721/35
f 1195/1809/279 1204/1803/279 1203/1740/279 1196/1767/279
f 1206/1743/25 1202/1746/25 1201/1811/25 1205/1749/25
f 1214/1766/27 1212/1816/27 1211/1813/27 1213/1807/27
f 1209/1761/25 1208/1764/25 1207/1727/25 1210/1726/25
f 1198/1799/280 1206/1743/280 1205/1749/280 1197/1748/280
f 1213/1807/279 1198/1799/279 1197/1748/279 1214/1766/279
f 1215/1819/31 1218/1820/31 1193/1778/31 1172/1777/31
f 1208/1764/280 1148/1763/280 1162/1810/280 1195/1809/280
f 1216/1821/25 1215/1822/25 1172/1777/25 1171/1780/25
f 1217/1823/7 1216/1824/7 1171/1780/7 1194/1779/7
f 1218/1825/27 1217/1826/27 1194/1779/27 1193/1778/27
f 1167/1827/31 1169/1828/31 1164/1829/31 1163/1830/31
f 1199/1806/35 1217/1797/35 1168/1831/35 1170/1832/35
f 1200/1741/35 1199/1806/35 1170/1832/35 1169/1817/35
f 1217/1797/35 1218/1724/35 1167/1818/35 1168/1831/35
f 1166/1833/35 1165/1834/35 1220/1835/35 1219/1836/35
f 1169/1837/27 1170/1838/27 1166/1839/27 1164/1840/27
f 1170/1841/7 1168/1842/7 1165/1834/7 1166/1833/7
f 1168/1843/25 1167/1844/25 1163/1845/25 1165/1846/25
f 1219/1847/31 1220/1848/31 1226/1849/31 1223/1850/31
f 1164/1840/35 1166/1839/35 1219/1851/35 1222/1852/35
f 1163/1830/35 1164/1829/35 1222/1853/35 1221/1854/35
f 1165/1846/35 1163/1845/35 1221/1855/35 1220/1856/35
f 1223/1850/35 1226/1849/35 1225/1857/35 1224/1858/35
f 1222/1859/25 1219/1860/25 1223/1850/25 1224/1858/25
f 1221/1861/7 1222/1862/7 1224/1858/7 1225/1857/7
f 1220/1863/27 1221/1864/27 1225/1857/27 1226/1849/27
f 1242/1865/282 1289/1866/283 1244/1867/284 1227/1868/5
f 1229/1869/285 1250/1870/286 1253/1871/287 1230/1872/288
f 1230/1872/288 1253/1871/287 1256/1873/289 1231/1874/25
f 1231/1874/25 1256/1873/289 1259/1875/290 1232/1876/291
f 1232/1876/291 1259/1875/290 1262/1877/292 1233/1878/293
f 1233/1878/293 1262/1877/292 1265/1879/294 1234/1880/295
f 1234/1880/295 1265/1879/294 1268/1881/296 1235/1882/35
f 1235/1883/35 1268/1884/296 1271/1885/297 1236/1886/298
f 1236/1886/298 1271/1885/297 1274/1887/299 1237/1888/300
f 1237/1888/300 1274/1887/299 1277/1889/301 1238/1890/302
f 1238/1890/302 1277/1889/301 1280/1891/303 1239/1892/27
f 1239/1892/27 1280/1891/303 1283/1893/304 1240/1894/305
f 1240/1894/305 1283/1893/304 1286/1895/306 1241/1896/307
f 1241/1896/307 1286/1895/306 1289/1866/283 1242/1865/282
f 1227/1868/5 1244/1867/284 1247/1897/308 1228/1898/309
f 1228/1898/309 1247/1897/308 1250/1870/286 1229/1869/285
f 1247/1897/308 1244/1867/284 1245/1899/310 1248/1900/311
f 1248/1901/312 1245/1902/313 1243/1903/313 1246/1904/312
f 1250/1870/286 1247/1897/308 1248/1900/311 1251/1905/314
f 1251/1906/315 1248/1901/312 1246/1904/312 1249/1907/315
f 1253/1871/287 1250/1870/286 1251/1905/314 1254/1908/316
f 1254/1909/317 1251/1906/315 1249/1907/315 1252/1910/317
f 1256/1873/289 1253/1871/287 1254/1908/316 1257/1911/318
f 1257/1912/319 1254/1909/317 1252/1910/317 1255/1913/319
f 1259/1875/290 1256/1873/289 1257/1911/318 1260/1914/320
f 1260/1915/321 1257/1912/319 1255/1913/319 1258/1916/321
f 1262/1877/292 1259/1875/290 1260/1914/320 1263/1917/322
f 1263/1918/323 1260/1915/321 1258/1916/321 1261/1919/323
f 1265/1879/294 1262/1877/292 1263/1917/322 1266/1920/324
f 1266/1921/325 1263/1918/323 1261/1919/323 1264/1922/325
f 1268/1881/296 1265/1879/294 1266/1920/324 1269/1923/326
f 1269/1924/327 1266/1921/325 1264/1922/325 1267/1925/327
f 1271/1885/297 1268/1884/296 1269/1926/326 1272/1927/328
f 1272/1928/329 1269/1924/327 1267/1925/327 1270/1929/329
f 1274/1887/299 1271/1885/297 1272/1927/328 1275/1930/330
f 1275/1931/331 1272/1928/329 1270/1929/329 1273/1932/331
f 1277/1889/301 1274/1887/299 1275/1930/330 1278/1933/332
f 1278/1934/333 1275/1931/331 1273/1932/331 1276/1935/333
f 1280/1891/303 1277/1889/301 1278/1933/332 1281/1936/334
f 1281/1937/335 1278/1934/333 1276/1935/333 1279/1938/335
f 1283/1893/304 1280/1891/303 1281/1936/334 1284/1939/336
f 1284/1940/337 1281/1937/335 1279/1938/335 1282/1941/337
f 1286/1895/306 1283/1893/304 1284/1939/336 1287/1942/338
f 1287/1943/339 1284/1940/337 1282/1941/337 1285/1944/339
f 1289/1866/283 1286/1895/306 1287/1942/338 1290/1945/340
f 1290/1946/341 1287/1943/339 1285/1944/339 1288/1947/341
f 1244/1867/284 1289/1866/283 1290/1945/340 1245/1899/310
f 1245/1902/313 1290/1946/341 1288/1947/341 1243/1903/313
f 1246/1904/31 1243/1903/31 1288/1947/31 1285/1944/31 1282/1941/31 1279/1938/31 1276/1935/31 1273/1932/31 1270/1929/31 1267/1925/31 1264/1922/31 1261/1919/31 1258/1916/31 1255/1913/31 1252/1910/31 1249/1907/31
f 1306/1948/282 1353/1949/283 1308/1950/284 1291/1951/5
f 1293/1952/285 1314/1953/286 1317/1954/287 1294/1955/288
f 1294/1955/288 1317/1954/287 1320/1956/289 1295/1957/25
f 1295/1957/25 1320/1956/289 1323/1958/290 1296/1959/291
f 1296/1959/291 1323/1958/290 1326/1960/292 1297/1961/293
f 1297/1961/293 1326/1960/292 1329/1962/294 1298/1963/295
f 1298/1963/295 1329/1962/294 1332/1964/296 1299/1965/35
f 1299/1965/35 1332/1964/296 1335/1966/297 1300/1967/298
f 1300/1968/298 1335/1969/297 1338/1970/299 1301/1971/300
f 1301/1971/300 1338/1970/299 1341/1972/301 1302/1973/302
f 1302/1973/302 1341/1972/301 1344/1974/303 1303/1975/27
f 1303/1975/27 1344/1974/303 1347/1976/304 1304/1977/305
f 1304/1977/305 1347/1976/304 1350/1978/306 1305/1979/307
f 1305/1979/307 1350/1978/306 1353/1949/283 1306/1948/282
f 1291/1951/5 1308/1950/284 1311/1980/308 1292/1981/309
f 1292/1981/309 1311/1980/308 1314/1953/286 1293/1952/285
f 1311/1980/308 1308/1950/284 1309/1982/310 1312/1983/311
f 1312/1984/312 1309/1985/313 1307/1986/313 1310/1987/312
f 1314/1953/286 1311/1980/308 1312/1983/311 1315/1988/314
f 1315/1989/315 1312/1984/312 1310/1987/312 1313/1990/315
f 1317/1954/287 1314/1953/286 1315/1988/314 1318/1991/316
f 1318/1992/317 1315/1989/315 1313/1990/315 1316/1993/317
f 1320/1956/289 1317/1954/287 1318/1991/316 1321/1994/318
f 1321/1995/319 1318/1992/317 1316/1993/317 1319/1996/319
f 1323/1958/290 1320/1956/289 1321/1994/318 1324/1997/320
f 1324/1998/321 1321/1995/319 1319/1996/319 1322/1999/321
f 1326/1960/292 1323/1958/290 1324/1997/320 1327/2000/322
f 1327/2001/323 1324/1998/321 1322/1999/321 1325/2002/323
f 1329/1962/294 1326/1960/292 1327/2000/322 1330/2003/324
f 1330/2004/325 1327/2001/323 1325/2002/323 1328/2005/325
f 1332/1964/296 1329/1962/294 1330/2003/324 1333/2006/326
f 1333/2007/327 1330/2004/325 1328/2005/325 1331/2008/327
f 1335/1966/297 1332/1964/296 1333/2006/326 1336/2009/328
f 1336/2010/329 1333/2007/327 1331/2008/327 1334/2011/329
f 1338/1970/299 1335/1969/297 1336/2012/328 1339/2013/330
f 1339/2014/331 1336/2010/329 1334/2011/329 1337/2015/331
f 1341/1972/301 1338/1970/299 1339/2013/330 1342/2016/332
f 1342/2017/333 1339/2014/331 1337/2015/331 1340/2018/333
f 1344/1974/303 1341/1972/301 1342/2016/332 1345/2019/334
f 1345/2020/335 1342/2017/333 1340/2018/333 1343/2021/335
f 1347/1976/304 1344/1974/303 1345/2019/334 1348/2022/336
f 1348/2023/337 1345/2020/335 1343/2021/335 1346/2024/337
f 1350/1978/306 1347/1976/304 1348/2022/336 1351/2025/338
f 1351/2026/339 1348/2023/337 1346/2024/337 1349/2027/339
f 1353/1949/283 1350/1978/306 1351/2025/338 1354/2028/340
f 1354/2029/341 1351/2026/339 1349/2027/339 1352/2030/341
f 1308/1950/284 1353/1949/283 1354/2028/340 1309/1982/310
f 1309/1985/313 1354/2029/341 1352/2030/341 1307/1986/313
f 1310/1987/31 1307/1986/31 1352/2030/31 1349/2027/31 1346/2024/31 1343/2021/31 1340/2018/31 1337/2015/31 1334/2011/31 1331/2008/31 1328/2005/31 1325/2002/31 1322/1999/31 1319/1996/31 1316/1993/31 1313/1990/31
f 1370/2031/282 1417/2032/283 1372/2033/284 1355/2034/5
f 1357/2035/285 1378/2036/286 1381/2037/287 1358/2038/288
f 1358/2038/288 1381/2037/287 1384/2039/289 1359/2040/25
f 1359/2040/25 1384/2039/289 1387/2041/290 1360/2042/291
f 1360/2042/291 1387/2041/290 1390/2043/292 1361/2044/293
f 1361/2044/293 1390/2043/292 1393/2045/294 1362/2046/295
f 1362/2046/295 1393/2045/294 1396/2047/296 1363/2048/35
f 1363/2049/35 1396/2050/296 1399/2051/297 1364/2052/298
f 1364/2052/298 1399/2051/297 1402/2053/299 1365/2054/300
f 1365/2054/300 1402/2053/299 1405/2055/301 1366/2056/302
f 1366/2056/302 1405/2055/301 1408/2057/303 1367/2058/27
f 1367/2058/27 1408/2057/303 1411/2059/304 1368/2060/305
f 1368/2060/305 1411/2059/304 1414/2061/306 1369/2062/307
f 1369/2062/307 1414/2061/306 1417/2032/283 1370/2031/282
f 1355/2034/5 1372/2033/284 1375/2063/308 1356/2064/309
f 1356/2064/309 1375/2063/308 1378/2036/286 1357/2035/285
f 1375/2063/308 1372/2033/284 1373/2065/310 1376/2066/311
f 1376/2067/312 1373/2068/313 1371/2069/313 1374/2070/312
f 1378/2036/286 1375/2063/308 1376/2066/311 1379/2071/314
f 1379/2072/315 1376/2067/312 1374/2070/312 1377/2073/315
f 1381/2037/287 1378/2036/286 1379/2071/314 1382/2074/316
f 1382/2075/317 1379/2072/315 1377/2073/315 1380/2076/317
f 1384/2039/289 1381/2037/287 1382/2074/316 1385/2077/318
f 1385/2078/319 1382/2075/317 1380/2076/317 1383/2079/319
f 1387/2041/290 1384/2039/289 1385/2077/318 1388/2080/320
f 1388/2081/321 1385/2078/319 1383/2079/319 1386/2082/321
f 1390/2043/292 1387/2041/290 1388/2080/320 1391/2083/322
f 1391/2084/323 1388/2081/321 1386/2082/321 1389/2085/323
f 1393/2045/294 1390/2043/292 1391/2083/322 1394/2086/324
f 1394/2087/325 1391/2084/323 1389/2085/323 1392/2088/325
f 1396/2047/296 1393/2045/294 1394/2086/324 1397/2089/326
f 1397/2090/327 1394/2087/325 1392/2088/325 1395/2091/327
f 1399/2051/297 1396/2050/296 1397/2092/326 1400/2093/328
f 1400/2094/329 1397/2090/327 1395/2091/327 1398/2095/329
f 1402/2053/299 1399/2051/297 1400/2093/328 1403/2096/330
f 1403/2097/331 1400/2094/329 1398/2095/329 1401/2098/331
f 1405/2055/301 1402/2053/299 1403/2096/330 1406/2099/332
f 1406/2100/333 1403/2097/331 1401/2098/331 1404/2101/333
f 1408/2057/303 1405/2055/301 1406/2099/332 1409/2102/334
f 1409/2103/335 1406/2100/333 1404/2101/333 1407/2104/335
f 1411/2059/304 1408/2057/303 1409/2102/334 1412/2105/336
f 1412/2106/337 1409/2103/335 1407/2104/335 1410/2107/337
f 1414/2061/306 1411/2059/304 1412/2105/336 1415/2108/338
f 1415/2109/339 1412/2106/337 1410/2107/337 1413/2110/339
f 1417/2032/283 1414/2061/306 1415/2108/338 1418/2111/340
f 1418/2112/341 1415/2109/339 1413/2110/339 1416/2113/341
f 1372/2033/284 1417/2032/283 1418/2111/340 1373/2065/310
f 1373/2068/313 1418/2112/341 1416/2113/341 1371/2069/313
f 1374/2070/31 1371/2069/31 1416/2113/31 1413/2110/31 1410/2107/31 1407/2104/31 1404/2101/31 1401/2098/31 1398/2095/31 1395/2091/31 1392/2088/31 1389/2085/31 1386/2082/31 1383/2079/31 1380/2076/31 1377/2073/31
f 1434/2114/282 1481/2115/283 1436/2116/284 1419/2117/5
f 1421/2118/285 1442/2119/286 1445/2120/287 1422/2121/288
f 1422/2121/288 1445/2120/287 1448/2122/289 1423/2123/25
f 1423/2123/25 1448/2122/289 1451/2124/290 1424/2125/291
f 1424/2125/291 1451/2124/290 1454/2126/292 1425/2127/293
f 1425/2127/293 1454/2126/292 1457/2128/294 1426/2129/295
f 1426/2129/295 1457/2128/294 1460/2130/296 1427/2131/35
f 1427/2132/35 1460/2133/296 1463/2134/297 1428/2135/298
f 1428/2135/298 1463/2134/297 1466/2136/299 1429/2137/300
f 1429/2137/300 1466/2136/299 1469/2138/301 1430/2139/302
f 1430/2139/302 1469/2138/301 1472/2140/303 1431/2141/27
f 1431/2141/27 1472/2140/303 1475/2142/304 1432/2143/305
f 1432/2143/305 1475/2142/304 1478/2144/306 1433/2145/307
f 1433/2145/307 1478/2144/306 1481/2115/283 1434/2114/282
f 1419/2117/5 1436/2116/284 1439/2146/308 1420/2147/309
f 1420/2147/309 1439/2146/308 1442/2119/286 1421/2118/285
f 1439/2146/308 1436/2116/284 1437/2148/310 1440/2149/311
f 1440/2150/312 1437/2151/313 1435/2152/313 1438/2153/312
f 1442/2119/286 1439/2146/308 1440/2149/311 1443/2154/314
f 1443/2155/315 1440/2150/312 1438/2153/312 1441/2156/315
f 1445/2120/287 1442/2119/286 1443/2154/314 1446/2157/316
f 1446/2158/317 1443/2155/315 1441/2156/315 1444/2159/317
f 1448/2122/289 1445/2120/287 1446/2157/316 1449/2160/342
f 1449/2161/343 1446/2158/317 1444/2159/317 1447/2162/343
f 1451/2124/290 1448/2122/289 1449/2160/342 1452/2163/320
f 1452/2164/321 1449/2161/343 1447/2162/343 1450/2165/321
f 1454/2126/292 1451/2124/290 1452/2163/320 1455/2166/322
f 1455/2167/323 1452/2164/321 1450/2165/321 1453/2168/323
f 1457/2128/294 1454/2126/292 1455/2166/322 1458/2169/324
f 1458/2170/325 1455/2167/323 1453/2168/323 1456/2171/325
f 1460/2130/296 1457/2128/294 1458/2169/324 1461/2172/326
f 1461/2173/327 1458/2170/325 1456/2171/325 1459/2174/327
f 1463/2134/297 1460/2133/296 1461/2175/326 1464/2176/328
f 1464/2177/329 1461/2173/327 1459/2174/327 1462/2178/329
f 1466/2136/299 1463/2134/297 1464/2176/328 1467/2179/330
f 1467/2180/331 1464/2177/329 1462/2178/329 1465/2181/331
f 1469/2138/301 1466/2136/299 1467/2179/330 1470/2182/332
f 1470/2183/333 1467/2180/331 1465/2181/331 1468/2184/333
f 1472/2140/303 1469/2138/301 1470/2182/332 1473/2185/344
f 1473/2186/345 1470/2183/333 1468/2184/333 1471/2187/345
f 1475/2142/304 1472/2140/303 1473/2185/344 1476/2188/336
f 1476/2189/337 1473/2186/345 1471/2187/345 1474/2190/337
f 1478/2144/306 1475/2142/304 1476/2188/336 1479/2191/338
f 1479/2192/339 1476/2189/337 1474/2190/337 1477/2193/339
f 1481/2115/283 1478/2144/306 1479/2191/338 1482/2194/340
f 1482/2195/341 1479/2192/339 1477/2193/339 1480/2196/341
f 1436/2116/284 1481/2115/283 1482/2194/340 1437/2148/310
f 1437/2151/313 1482/2195/341 1480/2196/341 1435/2152/313
f 1438/2153/31 1435/2152/31 1480/2196/31 1477/2193/31 1474/2190/31 1471/2187/31 1468/2184/31 1465/2181/31 1462/2178/31 1459/2174/31 1456/2171/31 1453/2168/31 1450/2165/31 1447/2162/31 1444/2159/31 1441/2156/31
f 1498/2197/282 1545/2198/346 1500/2199/347 1483/2200/5
f 1485/2201/285 1506/2202/348 1509/2203/349 1486/2204/288
f 1486/2204/288 1509/2203/349 1512/2205/350 1487/2206/25
f 1487/2206/25 1512/2205/350 1515/2207/351 1488/2208/291
f 1488/2208/291 1515/2207/351 1518/2209/352 1489/2210/293
f 1489/2210/293 1518/2209/352 1521/2211/353 1490/2212/295
f 1490/2212/295 1521/2211/353 1524/2213/354 1491/2214/35
f 1491/2214/35 1524/2213/354 1527/2215/355 1492/2216/298
f 1492/2217/298 1527/2218/355 1530/2219/356 1493/2220/300
f 1493/2220/300 1530/2219/356 1533/2221/357 1494/2222/302
f 1494/2222/302 1533/2221/357 1536/2223/358 1495/2224/27
f 1495/2224/27 1536/2223/358 1539/2225/359 1496/2226/305
f 1496/2226/305 1539/2225/359 1542/2227/360 1497/2228/307
f 1497/2228/307 1542/2227/360 1545/2198/346 1498/2197/282
f 1483/2200/5 1500/2199/347 1503/2229/361 1484/2230/309
f 1484/2230/309 1503/2229/361 1506/2202/348 1485/2201/285
f 1503/2229/361 1500/2199/347 1501/2231/362 1504/2232/363
f 1504/2233/364 1501/2234/365 1499/2235/365 1502/2236/364
f 1506/2202/348 1503/2229/361 1504/2232/363 1507/2237/366
f 1507/2238/367 1504/2233/364 1502/2236/364 1505/2239/367
f 1509/2203/349 1506/2202/348 1507/2237/366 1510/2240/368
f 1510/2241/369 1507/2238/367 1505/2239/367 1508/2242/369
f 1512/2205/350 1509/2203/349 1510/2240/368 1513/2243/370
f 1513/2244/371 1510/2241/369 1508/2242/369 1511/2245/371
f 1515/2207/351 1512/2205/350 1513/2243/370 1516/2246/372
f 1516/2247/373 1513/2244/371 1511/2245/371 1514/2248/373
f 1518/2209/352 1515/2207/351 1516/2246/372 1519/2249/374
f 1519/2250/375 1516/2247/373 1514/2248/373 1517/2251/375
f 1521/2211/353 1518/2209/352 1519/2249/374 1522/2252/376
f 1522/2253/377 1519/2250/375 1517/2251/375 1520/2254/377
f 1524/2213/354 1521/2211/353 1522/2252/376 1525/2255/378
f 1525/2256/379 1522/2253/377 1520/2254/377 1523/2257/379
f 1527/2215/355 1524/2213/354 1525/2255/378 1528/2258/380
f 1528/2259/381 1525/2256/379 1523/2257/379 1526/2260/381
f 1530/2219/356 1527/2218/355 1528/2261/380 1531/2262/382
f 1531/2263/383 1528/2259/381 1526/2260/381 1529/2264/383
f 1533/2221/357 1530/2219/356 1531/2262/382 1534/2265/384
f 1534/2266/385 1531/2263/383 1529/2264/383 1532/2267/385
f 1536/2223/358 1533/2221/357 1534/2265/384 1537/2268/386
f 1537/2269/387 1534/2266/385 1532/2267/385 1535/2270/387
f 1539/2225/359 1536/2223/358 1537/2268/386 1540/2271/388
f 1540/2272/389 1537/2269/387 1535/2270/387 1538/2273/389
f 1542/2227/360 1539/2225/359 1540/2271/388 1543/2274/390
f 1543/2275/391 1540/2272/389 1538/2273/389 1541/2276/391
f 1545/2198/346 1542/2227/360 1543/2274/390 1546/2277/392
f 1546/2278/393 1543/2275/391 1541/2276/391 1544/2279/393
f 1500/2199/347 1545/2198/346 1546/2277/392 1501/2231/362
f 1501/2234/365 1546/2278/393 1544/2279/393 1499/2235/365
f 1502/2236/31 1499/2235/31 1544/2279/31 1541/2276/31 1538/2273/31 1535/2270/31 1532/2267/31 1529/2264/31 1526/2260/31 1523/2257/31 1520/2254/31 1517/2251/31 1514/2248/31 1511/2245/31 1508/2242/31 1505/2239/31
f 1550/2280/302 1566/2281/302 1565/2282/300 1549/2283/300
f 1558/2284/288 1574/2285/288 1573/2286/285 1557/2287/285
f 1551/2288/27 1567/2289/27 1566/2281/302 1550/2280/302
f 1558/2284/288 1559/2290/25 1575/2291/25 1574/2285/288
f 1551/2288/27 1552/2292/305 1568/2293/305 1567/2289/27
f 1559/2290/25 1560/2294/291 1576/2295/291 1575/2291/25
f 1552/2292/305 1553/2296/307 1569/2297/307 1568/2293/305
f 1561/2298/293 1577/2299/293 1576/2295/291 1560/2294/291
f 1554/2300/282 1570/2301/282 1569/2297/307 1553/2296/307
f 1562/2302/295 1578/2303/295 1577/2299/293 1561/2298/293
f 1555/2304/5 1571/2305/5 1570/2301/282 1554/2300/282
f 1548/2306/298 1564/2307/298 1563/2308/35 1547/2309/35
f 1562/2302/295 1547/2310/35 1563/2311/35 1578/2303/295
f 1555/2312/5 1556/2313/309 1572/2314/309 1571/2315/5
f 1548/2306/298 1549/2283/300 1565/2282/300 1564/2307/298
f 1556/2313/309 1557/2287/285 1573/2286/285 1572/2314/309
f 1571/2315/31 1572/2314/31 1588/2316/31 1587/2317/31
f 1564/2307/31 1565/2282/31 1581/2318/31 1580/2319/31
f 1572/2314/31 1573/2286/31 1589/2320/31 1588/2316/31
f 1566/2281/31 1582/2321/31 1581/2318/31 1565/2282/31
f 1574/2285/31 1590/2322/31 1589/2320/31 1573/2286/31
f 1567/2289/31 1583/2323/31 1582/2321/31 1566/2281/31
f 1574/2285/31 1575/2291/31 1591/2324/31 1590/2322/31
f 1567/2289/31 1568/2293/31 1584/2325/31 1583/2323/31
f 1575/2291/31 1576/2295/31 1592/2326/31 1591/2324/31
f 1568/2293/31 1569/2297/31 1585/2327/31 1584/2325/31
f 1577/2299/31 1593/2328/31 1592/2326/31 1576/2295/31
f 1570/2301/31 1586/2329/31 1585/2327/31 1569/2297/31
f 1578/2303/31 1594/2330/31 1593/2328/31 1577/2299/31
f 1571/2305/31 1587/2331/31 1586/2329/31 1570/2301/31
f 1564/2307/31 1580/2319/31 1579/2332/31 1563/2308/31
f 1578/2303/31 1563/2311/31 1579/2333/31 1594/2330/31
f 1593/2328/307 1609/2334/307 1608/2335/305 1592/2326/305
f 1586/2329/295 1602/2336/295 1601/2337/293 1585/2327/293
f 1594/2330/282 1610/2338/282 1609/2334/307 1593/2328/307
f 1587/2331/35 1603/2339/35 1602/2336/295 1586/2329/295
f 1580/2319/309 1596/2340/309 1595/2341/5 1579/2332/5
f 1594/2330/282 1579/2333/5 1595/2342/5 1610/2338/282
f 1587/2317/35 1588/2316/298 1604/2343/298 1603/2344/35
f 1580/2319/309 1581/2318/285 1597/2345/285 1596/2340/309
f 1588/2316/298 1589/2320/300 1605/2346/300 1604/2343/298
f 1582/2321/288 1598/2347/288 1597/2345/285 1581/2318/285
f 1590/2322/302 1606/2348/302 1605/2346/300 1589/2320/300
f 1583/2323/25 1599/2349/25 1598/2347/288 1582/2321/288
f 1590/2322/302 1591/2324/27 1607/2350/27 1606/2348/302
f 1583/2323/25 1584/2325/291 1600/2351/291 1599/2349/25
f 1591/2324/27 1592/2326/305 1608/2335/305 1607/2350/27
f 1584/2325/291 1585/2327/293 1601/2337/293 1600/2351/291
f 1606/2348/31 1607/2350/31 1623/2352/31 1622/2353/31
f 1599/2349/31 1600/2351/31 1616/2354/31 1615/2355/31
f 1607/2350/31 1608/2335/31 1624/2356/31 1623/2352/31
f 1600/2351/31 1601/2337/31 1617/2357/31 1616/2354/31
f 1609/2334/31 1625/2358/31 1624/2356/31 1608/2335/31
f 1602/2336/31 1618/2359/31 1617/2357/31 1601/2337/31
f 1610/2338/31 1626/2360/31 1625/2358/31 1609/2334/31
f 1603/2339/31 1619/2361/31 1618/2359/31 1602/2336/31
f 1596/2340/31 1612/2362/31 1611/2363/31 1595/2341/31
f 1610/2338/31 1595/2342/31 1611/2364/31 1626/2360/31
f 1603/2344/31 1604/2343/31 1620/2365/31 1619/2366/31
f 1596/2340/31 1597/2345/31 1613/2367/31 1612/2362/31
f 1604/2343/31 1605/2346/31 1621/2368/31 1620/2365/31
f 1598/2347/31 1614/2369/31 1613/2367/31 1597/2345/31
f 1606/2348/31 1622/2353/31 1621/2368/31 1605/2346/31
f 1599/2349/31 1615/2355/31 1614/2369/31 1598/2347/31
f 1612/2362/309 1613/2367/285 1629/2370/285 1628/2371/309
f 1620/2365/298 1621/2368/300 1637/2372/300 1636/2373/298
f 1614/2369/288 1630/2374/288 1629/2370/285 1613/2367/285
f 1622/2353/302 1638/2375/302 1637/2372/300 1621/2368/300
f 1615/2355/25 1631/2376/25 1630/2374/288 1614/2369/288
f 1622/2353/302 1623/2352/27 1639/2377/27 1638/2375/302
f 1615/2355/25 1616/2354/291 1632/2378/291 1631/2376/25
f 1623/2352/27 1624/2356/305 1640/2379/305 1639/2377/27
f 1616/2354/291 1617/2357/293 1633/2380/293 1632/2378/291
f 1625/2358/307 1641/2381/307 1640/2379/305 1624/2356/305
f 1618/2359/295 1634/2382/295 1633/2380/293 1617/2357/293
f 1626/2360/282 1642/2383/282 1641/2381/307 1625/2358/307
f 1619/2361/35 1635/2384/35 1634/2382/295 1618/2359/295
f 1612/2362/309 1628/2371/309 1627/2385/5 1611/2363/5
f 1626/2360/282 1611/2364/5 1627/2386/5 1642/2383/282
f 1619/2366/35 1620/2365/298 1636/2373/298 1635/2387/35
f 1646/2388/302 1662/2389/302 1661/2390/300 1645/2391/300
f 1654/2392/288 1670/2393/288 1669/2394/285 1653/2395/285
f 1647/2396/27 1663/2397/27 1662/2389/302 1646/2388/302
f 1654/2392/288 1655/2398/25 1671/2399/25 1670/2393/288
f 1647/2396/27 1648/2400/305 1664/2401/305 1663/2397/27
f 1655/2398/25 1656/2402/291 1672/2403/291 1671/2399/25
f 1648/2400/305 1649/2404/307 1665/2405/307 1664/2401/305
f 1657/2406/293 1673/2407/293 1672/2403/291 1656/2402/291
f 1650/2408/282 1666/2409/282 1665/2405/307 1649/2404/307
f 1658/2410/295 1674/2411/295 1673/2407/293 1657/2406/293
f 1651/2412/5 1667/2413/5 1666/2409/282 1650/2408/282
f 1644/2414/298 1660/2415/298 1659/2416/35 1643/2417/35
f 1658/2410/295 1643/2418/35 1659/2419/35 1674/2411/295
f 1651/2420/5 1652/2421/309 1668/2422/309 1667/2423/5
f 1644/2414/298 1645/2391/300 1661/2390/300 1660/2415/298
f 1652/2421/309 1653/2395/285 1669/2394/285 1668/2422/309
f 1667/2423/31 1668/2422/31 1684/2424/31 1683/2425/31
f 1660/2415/31 1661/2390/31 1677/2426/31 1676/2427/31
f 1668/2422/31 1669/2394/31 1685/2428/31 1684/2424/31
f 1662/2389/31 1678/2429/31 1677/2426/31 1661/2390/31
f 1670/2393/31 1686/2430/31 1685/2428/31 1669/2394/31
f 1663/2397/31 1679/2431/31 1678/2429/31 1662/2389/31
f 1670/2393/31 1671/2399/31 1687/2432/31 1686/2430/31
f 1663/2397/31 1664/2401/31 1680/2433/31 1679/2431/31
f 1671/2399/31 1672/2403/31 1688/2434/31 1687/2432/31
f 1664/2401/31 1665/2405/31 1681/2435/31 1680/2433/31
f 1673/2407/31 1689/2436/31 1688/2434/31 1672/2403/31
f 1666/2409/31 1682/2437/31 1681/2435/31 1665/2405/31
f 1674/2411/31 1690/2438/31 1689/2436/31 1673/2407/31
f 1667/2413/31 1683/2439/31 1682/2437/31 1666/2409/31
f 1660/2415/31 1676/2427/31 1675/2440/31 1659/2416/31
f 1674/2411/31 1659/2419/31 1675/2441/31 1690/2438/31
f 1689/2436/307 1705/2442/307 1704/2443/305 1688/2434/305
f 1682/2437/295 1698/2444/295 1697/2445/293 1681/2435/293
f 1690/2438/282 1706/2446/282 1705/2442/307 1689/2436/307
f 1683/2439/35 1699/2447/35 1698/2444/295 1682/2437/295
f 1676/2427/309 1692/2448/309 1691/2449/5 1675/2440/5
f 1690/2438/282 1675/2441/5 1691/2450/5 1706/2446/282
f 1683/2425/35 1684/2424/298 1700/2451/298 1699/2452/35
f 1676/2427/309 1677/2426/285 1693/2453/285 1692/2448/309
f 1684/2424/298 1685/2428/300 1701/2454/300 1700/2451/298
f 1678/2429/288 1694/2455/288 1693/2453/285 1677/2426/285
f 1686/2430/302 1702/2456/302 1701/2454/300 1685/2428/300
f 1679/2431/25 1695/2457/25 1694/2455/288 1678/2429/288
f 1686/2430/302 1687/2432/27 1703/2458/27 1702/2456/302
f 1679/2431/25 1680/2433/291 1696/2459/291 1695/2457/25
f 1687/2432/27 1688/2434/305 1704/2443/305 1703/2458/27
f 1680/2433/291 1681/2435/293 1697/2445/293 1696/2459/291
f 1702/2456/31 1703/2458/31 1719/2460/31 1718/2461/31
f 1695/2457/31 1696/2459/31 1712/2462/31 1711/2463/31
f 1703/2458/31 1704/2443/31 1720/2464/31 1719/2460/31
f 1696/2459/31 1697/2445/31 1713/2465/31 1712/2462/31
f 1705/2442/31 1721/2466/31 1720/2464/31 1704/2443/31
f 1698/2444/31 1714/2467/31 1713/2465/31 1697/2445/31
f 1706/2446/31 1722/2468/31 1721/2466/31 1705/2442/31
f 1699/2447/31 1715/2469/31 1714/2467/31 1698/2444/31
f 1692/2448/31 1708/2470/31 1707/2471/31 1691/2449/31
f 1706/2446/31 1691/2450/31 1707/2472/31 1722/2468/31
f 1699/2452/31 1700/2451/31 1716/2473/31 1715/2474/31
f 1692/2448/31 1693/2453/31 1709/2475/31 1708/2470/31
f 1700/2451/31 1701/2454/31 1717/2476/31 1716/2473/31
f 1694/2455/31 1710/2477/31 1709/2475/31 1693/2453/31
f 1702/2456/31 1718/2461/31 1717/2476/31 1701/2454/31
f 1695/2457/31 1711/2463/31 1710/2477/31 1694/2455/31
f 1708/2470/309 1709/2475/285 1725/2478/285 1724/2479/309
f 1716/2473/298 1717/2476/300 1733/2480/300 1732/2481/298
f 1710/2477/288 1726/2482/288 1725/2478/285 1709/2475/285
f 1718/2461/302 1734/2483/302 1733/2480/300 1717/2476/300
f 1711/2463/25 1727/2484/25 1726/2482/288 1710/2477/288
f 1718/2461/302 1719/2460/27 1735/2485/27 1734/2483/302
f 1711/2463/25 1712/2462/291 1728/2486/291 1727/2484/25
f 1719/2460/27 1720/2464/305 1736/2487/305 1735/2485/27
f 1712/2462/291 1713/2465/293 1729/2488/293 1728/2486/291
f 1721/2466/307 1737/2489/307 1736/2487/305 1720/2464/305
f 1714/2467/295 1730/2490/295 1729/2488/293 1713/2465/293
f 1722/2468/282 1738/2491/282 1737/2489/307 1721/2466/307
f 1715/2469/35 1731/2492/35 1730/2490/295 1714/2467/295
f 1708/2470/309 1724/2479/309 1723/2493/5 1707/2471/5
f 1722/2468/282 1707/2472/5 1723/2494/5 1738/2491/282
f 1715/2474/35 1716/2473/298 1732/2481/298 1731/2495/35
f 1742/2496/302 1758/2497/302 1757/2498/300 1741/2499/300
f 1750/2500/288 1766/2501/288 1765/2502/285 1749/2503/285
f 1743/2504/27 1759/2505/27 1758/2497/302 1742/2496/302
f 1750/2500/288 1751/2506/25 1767/2507/25 1766/2501/288
f 1743/2504/27 1744/2508/305 1760/2509/305 1759/2505/27
f 1751/2506/25 1752/2510/291 1768/2511/291 1767/2507/25
f 1744/2508/305 1745/2512/307 1761/2513/307 1760/2509/305
f 1753/2514/293 1769/2515/293 1768/2511/291 1752/2510/291
f 1746/2516/282 1762/2517/282 1761/2513/307 1745/2512/307
f 1754/2518/295 1770/2519/295 1769/2515/293 1753/2514/293
f 1747/2520/5 1763/2521/5 1762/2517/282 1746/2516/282
f 1740/2522/298 1756/2523/298 1755/2524/35 1739/2525/35
f 1754/2518/295 1739/2526/35 1755/2527/35 1770/2519/295
f 1747/2528/5 1748/2529/309 1764/2530/309 1763/2531/5
f 1740/2522/298 1741/2499/300 1757/2498/300 1756/2523/298
f 1748/2529/309 1749/2503/285 1765/2502/285 1764/2530/309
f 1763/2531/31 1764/2530/31 1780/2532/31 1779/2533/31
f 1756/2523/31 1757/2498/31 1773/2534/31 1772/2535/31
f 1764/2530/31 1765/2502/31 1781/2536/31 1780/2532/31
f 1758/2497/31 1774/2537/31 1773/2534/31 1757/2498/31
f 1766/2501/31 1782/2538/31 1781/2536/31 1765/2502/31
f 1759/2505/31 1775/2539/31 1774/2537/31 1758/2497/31
f 1766/2501/31 1767/2507/31 1783/2540/31 1782/2538/31
f 1759/2505/31 1760/2509/31 1776/2541/31 1775/2539/31
f 1767/2507/31 1768/2511/31 1784/2542/31 1783/2540/31
f 1760/2509/31 1761/2513/31 1777/2543/31 1776/2541/31
f 1769/2515/31 1785/2544/31 1784/2542/31 1768/2511/31
f 1762/2517/31 1778/2545/31 1777/2543/31 1761/2513/31
f 1770/2519/31 1786/2546/31 1785/2544/31 1769/2515/31
f 1763/2521/31 1779/2547/31 1778/2545/31 1762/2517/31
f 1756/2523/31 1772/2535/31 1771/2548/31 1755/2524/31
f 1770/2519/31 1755/2527/31 1771/2549/31 1786/2546/31
f 1785/2544/307 1801/2550/307 1800/2551/305 1784/2542/305
f 1778/2545/295 1794/2552/295 1793/2553/293 1777/2543/293
f 1786/2546/282 1802/2554/282 1801/2550/307 1785/2544/307
f 1779/2547/35 1795/2555/35 1794/2552/295 1778/2545/295
f 1772/2535/309 1788/2556/309 1787/2557/5 1771/2548/5
f 1786/2546/282 1771/2549/5 1787/2558/5 1802/2554/282
f 1779/2533/35 1780/2532/298 1796/2559/298 1795/2560/35
f 1772/2535/309 1773/2534/285 1789/2561/285 1788/2556/309
f 1780/2532/298 1781/2536/300 1797/2562/300 1796/2559/298
f 1774/2537/288 1790/2563/288 1789/2561/285 1773/2534/285
f 1782/2538/302 1798/2564/302 1797/2562/300 1781/2536/300
f 1775/2539/25 1791/2565/25 1790/2563/288 1774/2537/288
f 1782/2538/302 1783/2540/27 1799/2566/27 1798/2564/302
f 1775/2539/25 1776/2541/291 1792/2567/291 1791/2565/25
f 1783/2540/27 1784/2542/305 1800/2551/305 1799/2566/27
f 1776/2541/291 1777/2543/293 1793/2553/293 1792/2567/291
f 1798/2564/31 1799/2566/31 1815/2568/31 1814/2569/31
f 1791/2565/31 1792/2567/31 1808/2570/31 1807/2571/31
f 1799/2566/31 1800/2551/31 1816/2572/31 1815/2568/31
f 1792/2567/31 1793/2553/31 1809/2573/31 1808/2570/31
f 1801/2550/31 1817/2574/31 1816/2572/31 1800/2551/31
f 1794/2552/31 1810/2575/31 1809/2573/31 1793/2553/31
f 1802/2554/31 1818/2576/31 1817/2574/31 1801/2550/31
f 1795/2555/31 1811/2577/31 1810/2575/31 1794/2552/31
f 1788/2556/31 1804/2578/31 1803/2579/31 1787/2557/31
f 1802/2554/31 1787/2558/31 1803/2580/31 1818/2576/31
f 1795/2560/31 1796/2559/31 1812/2581/31 1811/2582/31
f 1788/2556/31 1789/2561/31 1805/2583/31 1804/2578/31
f 1796/2559/31 1797/2562/31 1813/2584/31 1812/2581/31
f 1790/2563/31 1806/2585/31 1805/2583/31 1789/2561/31
f 1798/2564/31 1814/2569/31 1813/2584/31 1797/2562/31
f 1791/2565/31 1807/2571/31 1806/2585/31 1790/2563/31
f 1804/2578/309 1805/2583/285 1821/2586/285 1820/2587/309
f 1812/2581/298 1813/2584/300 1829/2588/300 1828/2589/298
f 1806/2585/288 1822/2590/288 1821/2586/285 1805/2583/285
f 1814/2569/302 1830/2591/302 1829/2588/300 1813/2584/300
f 1807/2571/25 1823/2592/25 1822/2590/288 1806/2585/288
f 1814/2569/302 1815/2568/27 1831/2593/27 1830/2591/302
f 1807/2571/25 1808/2570/291 1824/2594/291 1823/2592/25
f 1815/2568/27 1816/2572/305 1832/2595/305 1831/2593/27
f 1808/2570/291 1809/2573/293 1825/2596/293 1824/2594/291
f 1817/2574/307 1833/2597/307 1832/2595/305 1816/2572/305
f 1810/2575/295 1826/2598/295 1825/2596/293 1809/2573/293
f 1818/2576/282 1834/2599/282 1833/2597/307 1817/2574/307
f 1811/2577/35 1827/2600/35 1826/2598/295 1810/2575/295
f 1804/2578/309 1820/2587/309 1819/2601/5 1803/2579/5
f 1818/2576/282 1803/2580/5 1819/2602/5 1834/2599/282
f 1811/2582/35 1812/2581/298 1828/2589/298 1827/2603/35
f 1838/2604/302 1854/2605/302 1853/2606/300 1837/2607/300
f 1846/2608/288 1862/2609/288 1861/2610/285 1845/2611/285
f 1839/2612/27 1855/2613/27 1854/2605/302 1838/2604/302
f 1846/2608/288 1847/2614/25 1863/2615/25 1862/2609/288
f 1839/2612/27 1840/2616/305 1856/2617/305 1855/2613/27
f 1847/2614/25 1848/2618/291 1864/2619/291 1863/2615/25
f 1840/2616/305 1841/2620/307 1857/2621/307 1856/2617/305
f 1849/2622/293 1865/2623/293 1864/2619/291 1848/2618/291
f 1842/2624/282 1858/2625/282 1857/2621/307 1841/2620/307
f 1850/2626/295 1866/2627/295 1865/2623/293 1849/2622/293
f 1843/2628/5 1859/2629/5 1858/2625/282 1842/2624/282
f 1836/2630/298 1852/2631/298 1851/2632/35 1835/2633/35
f 1850/2626/295 1835/2634/35 1851/2635/35 1866/2627/295
f 1843/2636/5 1844/2637/309 1860/2638/309 1859/2639/5
f 1836/2630/298 1837/2607/300 1853/2606/300 1852/2631/298
f 1844/2637/309 1845/2611/285 1861/2610/285 1860/2638/309
f 1859/2639/31 1860/2638/31 1876/2640/31 1875/2641/31
f 1852/2631/31 1853/2606/31 1869/2642/31 1868/2643/31
f 1860/2638/31 1861/2610/31 1877/2644/31 1876/2640/31
f 1854/2605/31 1870/2645/31 1869/2642/31 1853/2606/31
f 1862/2609/31 1878/2646/31 1877/2644/31 1861/2610/31
f 1855/2613/31 1871/2647/31 1870/2645/31 1854/2605/31
f 1862/2609/31 1863/2615/31 1879/2648/31 1878/2646/31
f 1855/2613/31 1856/2617/31 1872/2649/31 1871/2647/31
f 1863/2615/31 1864/2619/31 1880/2650/31 1879/2648/31
f 1856/2617/31 1857/2621/31 1873/2651/31 1872/2649/31
f 1865/2623/31 1881/2652/31 1880/2650/31 1864/2619/31
f 1858/2625/31 1874/2653/31 1873/2651/31 1857/2621/31
f 1866/2627/31 1882/2654/31 1881/2652/31 1865/2623/31
f 1859/2629/31 1875/2655/31 1874/2653/31 1858/2625/31
f 1852/2631/31 1868/2643/31 1867/2656/31 1851/2632/31
f 1866/2627/31 1851/2635/31 1867/2657/31 1882/2654/31
f 1881/2652/307 1897/2658/307 1896/2659/305 1880/2650/305
f 1874/2653/295 1890/2660/295 1889/2661/293 1873/2651/293
f 1882/2654/282 1898/2662/282 1897/2658/307 1881/2652/307
f 1875/2655/35 1891/2663/35 1890/2660/295 1874/2653/295
f 1868/2643/309 1884/2664/309 1883/2665/5 1867/2656/5
f 1882/2654/282 1867/2657/5 1883/2666/5 1898/2662/282
f 1875/2641/35 1876/2640/298 1892/2667/298 1891/2668/35
f 1868/2643/309 1869/2642/285 1885/2669/285 1884/2664/309
f 1876/2640/298 1877/2644/300 1893/2670/300 1892/2667/298
f 1870/2645/288 1886/2671/288 1885/2669/285 1869/2642/285
f 1878/2646/302 1894/2672/302 1893/2670/300 1877/2644/300
f 1871/2647/25 1887/2673/25 1886/2671/288 1870/2645/288
f 1878/2646/302 1879/2648/27 1895/2674/27 1894/2672/302
f 1871/2647/25 1872/2649/291 1888/2675/291 1887/2673/25
f 1879/2648/27 1880/2650/305 1896/2659/305 1895/2674/27
f 1872/2649/291 1873/2651/293 1889/2661/293 1888/2675/291
f 1894/2672/31 1895/2674/31 1911/2676/31 1910/2677/31
f 1887/2673/31 1888/2675/31 1904/2678/31 1903/2679/31
f 1895/2674/31 1896/2659/31 1912/2680/31 1911/2676/31
f 1888/2675/31 1889/2661/31 1905/2681/31 1904/2678/31
f 1897/2658/31 1913/2682/31 1912/2680/31 1896/2659/31
f 1890/2660/31 1906/2683/31 1905/2681/31 1889/2661/31
f 1898/2662/31 1914/2684/31 1913/2682/31 1897/2658/31
f 1891/2663/31 1907/2685/31 1906/2683/31 1890/2660/31
f 1884/2664/31 1900/2686/31 1899/2687/31 1883/2665/31
f 1898/2662/31 1883/2666/31 1899/2688/31 1914/2684/31
f 1891/2668/31 1892/2667/31 1908/2689/31 1907/2690/31
f 1884/2664/31 1885/2669/31 1901/2691/31 1900/2686/31
f 1892/2667/31 1893/2670/31 1909/2692/31 1908/2689/31
f 1886/2671/31 1902/2693/31 1901/2691/31 1885/2669/31
f 1894/2672/31 1910/2677/31 1909/2692/31 1893/2670/31
f 1887/2673/31 1903/2679/31 1902/2693/31 1886/2671/31
f 1900/2686/309 1901/2691/285 1917/2694/285 1916/2695/309
f 1908/2689/298 1909/2692/300 1925/2696/300 1924/2697/298
f 1902/2693/288 1918/2698/288 1917/2694/285 1901/2691/285
f 1910/2677/302 1926/2699/302 1925/2696/300 1909/2692/300
f 1903/2679/25 1919/2700/25 1918/2698/288 1902/2693/288
f 1910/2677/302 1911/2676/27 1927/2701/27 1926/2699/302
f 1903/2679/25 1904/2678/291 1920/2702/291 1919/2700/25
f 1911/2676/27 1912/2680/305 1928/2703/305 1927/2701/27
f 1904/2678/291 1905/2681/293 1921/2704/293 1920/2702/291
f 1913/2682/307 1929/2705/307 1928/2703/305 1912/2680/305
f 1906/2683/295 1922/2706/295 1921/2704/293 1905/2681/293
f 1914/2684/282 1930/2707/282 1929/2705/307 1913/2682/307
f 1907/2685/35 1923/2708/35 1922/2706/295 1906/2683/295
f 1900/2686/309 1916/2695/309 1915/2709/5 1899/2687/5
f 1914/2684/282 1899/2688/5 1915/2710/5 1930/2707/282
f 1907/2690/35 1908/2689/298 1924/2697/298 1923/2711/35
f 1934/2712/302 1950/2713/302 1949/2714/300 1933/2715/300
f 1942/2716/288 1958/2717/288 1957/2718/285 1941/2719/285
f 1935/2720/27 1951/2721/27 1950/2713/302 1934/2712/302
f 1942/2716/288 1943/2722/25 1959/2723/25 1958/2717/288
f 1935/2720/27 1936/2724/305 1952/2725/305 1951/2721/27
f 1943/2722/25 1944/2726/291 1960/2727/291 1959/2723/25
f 1936/2724/305 1937/2728/307 1953/2729/307 1952/2725/305
f 1945/2730/293 1961/2731/293 1960/2727/291 1944/2726/291
f 1938/2732/282 1954/2733/282 1953/2729/307 1937/2728/307
f 1946/2734/295 1962/2735/295 1961/2731/293 1945/2730/293
f 1939/2736/5 1955/2737/5 1954/2733/282 1938/2732/282
f 1932/2738/298 1948/2739/298 1947/2740/35 1931/2741/35
f 1946/2734/295 1931/2742/35 1947/2743/35 1962/2735/295
f 1939/2744/5 1940/2745/309 1956/2746/309 1955/2747/5
f 1932/2738/298 1933/2715/300 1949/2714/300 1948/2739/298
f 1940/2745/309 1941/2719/285 1957/2718/285 1956/2746/309
f 1955/2747/31 1956/2746/31 1972/2748/31 1971/2749/31
f 1948/2739/31 1949/2714/31 1965/2750/31 1964/2751/31
f 1956/2746/31 1957/2718/31 1973/2752/31 1972/2748/31
f 1950/2713/31 1966/2753/31 1965/2750/31 1949/2714/31
f 1958/2717/31 1974/2754/31 1973/2752/31 1957/2718/31
f 1951/2721/31 1967/2755/31 1966/2753/31 1950/2713/31
f 1958/2717/31 1959/2723/31 1975/2756/31 1974/2754/31
f 1951/2721/31 1952/2725/31 1968/2757/31 1967/2755/31
f 1959/2723/31 1960/2727/31 1976/2758/31 1975/2756/31
f 1952/2725/31 1953/2729/31 1969/2759/31 1968/2757/31
f 1961/2731/31 1977/2760/31 1976/2758/31 1960/2727/31
f 1954/2733/31 1970/2761/31 1969/2759/31 1953/2729/31
f 1962/2735/31 1978/2762/31 1977/2760/31 1961/2731/31
f 1955/2737/31 1971/2763/31 1970/2761/31 1954/2733/31
f 1948/2739/31 1964/2751/31 1963/2764/31 1947/2740/31
f 1962/2735/31 1947/2743/31 1963/2765/31 1978/2762/31
f 1977/2760/307 1993/2766/307 1992/2767/305 1976/2758/305
f 1970/2761/295 1986/2768/295 1985/2769/293 1969/2759/293
f 1978/2762/282 1994/2770/282 1993/2766/307 1977/2760/307
f 1971/2763/35 1987/2771/35 1986/2768/295 1970/2761/295
f 1964/2751/309 1980/2772/309 1979/2773/5 1963/2764/5
f 1978/2762/282 1963/2765/5 1979/2774/5 1994/2770/282
f 1971/2749/35 1972/2748/298 1988/2775/298 1987/2776/35
f 1964/2751/309 1965/2750/285 1981/2777/285 1980/2772/309
f 1972/2748/298 1973/2752/300 1989/2778/300 1988/2775/298
f 1966/2753/288 1982/2779/288 1981/2777/285 1965/2750/285
f 1974/2754/302 1990/2780/302 1989/2778/300 1973/2752/300
f 1967/2755/25 1983/2781/25 1982/2779/288 1966/2753/288
f 1974/2754/302 1975/2756/27 1991/2782/27 1990/2780/302
f 1967/2755/25 1968/2757/291 1984/2783/291 1983/2781/25
f 1975/2756/27 1976/2758/305 1992/2767/305 1991/2782/27
f 1968/2757/291 1969/2759/293 1985/2769/293 1984/2783/291
f 1990/2780/31 1991/2782/31 2007/2784/31 2006/2785/31
f 1983/2781/31 1984/2783/31 2000/2786/31 1999/2787/31
f 1991/2782/31 1992/2767/31 2008/2788/31 2007/2784/31
f 1984/2783/31 1985/2769/31 2001/2789/31 2000/2786/31
f 1993/2766/31 2009/2790/31 2008/2788/31 1992/2767/31
f 1986/2768/31 2002/2791/31 2001/2789/31 1985/2769/31
f 1994/2770/31 2010/2792/31 2009/2790/31 1993/2766/31
f 1987/2771/31 2003/2793/31 2002/2791/31 1986/2768/31
f 1980/2772/31 1996/2794/31 1995/2795/31 1979/2773/31
f 1994/2770/31 1979/2774/31 1995/2796/31 2010/2792/31
f 1987/2776/31 1988/2775/31 2004/2797/31 2003/2798/31
f 1980/2772/31 1981/2777/31 1997/2799/31 1996/2794/31
f 1988/2775/31 1989/2778/31 2005/2800/31 2004/2797/31
f 1982/2779/31 1998/2801/31 1997/2799/31 1981/2777/31
f 1990/2780/31 2006/2785/31 2005/2800/31 1989/2778/31
f 1983/2781/31 1999/2787/31 1998/2801/31 1982/2779/31
f 1996/2794/309 1997/2799/285 2013/2802/285 2012/2803/309
f 2004/2797/298 2005/2800/300 2021/2804/300 2020/2805/298
f 1998/2801/288 2014/2806/288 2013/2802/285 1997/2799/285
f 2006/2785/302 2022/2807/302 2021/2804/300 2005/2800/300
f 1999/2787/25 2015/2808/25 2014/2806/288 1998/2801/288
f 2006/2785/302 2007/2784/27 2023/2809/27 2022/2807/302
f 1999/2787/25 2000/2786/291 2016/2810/291 2015/2808/25
f 2007/2784/27 2008/2788/305 2024/2811/305 2023/2809/27
f 2000/2786/291 2001/2789/293 2017/2812/293 2016/2810/291
f 2009/2790/307 2025/2813/307 2024/2811/305 2008/2788/305
f 2002/2791/295 2018/2814/295 2017/2812/293 2001/2789/293
f 2010/2792/282 2026/2815/282 2025/2813/307 2009/2790/307
f 2003/2793/35 2019/2816/35 2018/2814/295 2002/2791/295
f 1996/2794/309 2012/2803/309 2011/2817/5 1995/2795/5
f 2010/2792/282 1995/2796/5 2011/2818/5 2026/2815/282
f 2003/2798/35 2004/2797/298 2020/2805/298 2019/2819/35
f 2030/2820/302 2046/2821/302 2045/2822/300 2029/2823/300
f 2038/2824/288 2054/2825/288 2053/2826/285 2037/2827/285
f 2031/2828/27 2047/2829/27 2046/2821/302 2030/2820/302
f 2038/2824/288 2039/2830/25 2055/2831/25 2054/2825/288
f 2031/2828/27 2032/2832/305 2048/2833/305 2047/2829/27
f 2039/2830/25 2040/2834/291 2056/2835/291 2055/2831/25
f 2032/2832/305 2033/2836/307 2049/2837/307 2048/2833/305
f 2041/2838/293 2057/2839/293 2056/2835/291 2040/2834/291
f 2034/2840/282 2050/2841/282 2049/2837/307 2033/2836/307
f 2042/2842/295 2058/2843/295 2057/2839/293 2041/2838/293
f 2035/2844/5 2051/2845/5 2050/2841/282 2034/2840/282
f 2028/2846/298 2044/2847/298 2043/2848/35 2027/2849/35
f 2042/2842/295 2027/2850/35 2043/2851/35 2058/2843/295
f 2035/2852/5 2036/2853/309 2052/2854/309 2051/2855/5
f 2028/2846/298 2029/2823/300 2045/2822/300 2044/2847/298
f 2036/2853/309 2037/2827/285 2053/2826/285 2052/2854/309
f 2051/2855/31 2052/2854/31 2068/2856/31 2067/2857/31
f 2044/2847/31 2045/2822/31 2061/2858/31 2060/2859/31
f 2052/2854/31 2053/2826/31 2069/2860/31 2068/2856/31
f 2046/2821/31 2062/2861/31 2061/2858/31 2045/2822/31
f 2054/2825/31 2070/2862/31 2069/2860/31 2053/2826/31
f 2047/2829/31 2063/2863/31 2062/2861/31 2046/2821/31
f 2054/2825/31 2055/2831/31 2071/2864/31 2070/2862/31
f 2047/2829/31 2048/2833/31 2064/2865/31 2063/2863/31
f 2055/2831/31 2056/2835/31 2072/2866/31 2071/2864/31
f 2048/2833/31 2049/2837/31 2065/2867/31 2064/2865/31
f 2057/2839/31 2073/2868/31 2072/2866/31 2056/2835/31
f 2050/2841/31 2066/2869/31 2065/2867/31 2049/2837/31
f 2058/2843/31 2074/2870/31 2073/2868/31 2057/2839/31
f 2051/2845/31 2067/2871/31 2066/2869/31 2050/2841/31
f 2044/2847/31 2060/2859/31 2059/2872/31 2043/2848/31
f 2058/2843/31 2043/2851/31 2059/2873/31 2074/2870/31
f 2073/2868/307 2089/2874/307 2088/2875/305 2072/2866/305
f 2066/2869/295 2082/2876/295 2081/2877/293 2065/2867/293
f 2074/2870/282 2090/2878/282 2089/2874/307 2073/2868/307
f 2067/2871/35 2083/2879/35 2082/2876/295 2066/2869/295
f 2060/2859/309 2076/2880/309 2075/2881/5 2059/2872/5
f 2074/2870/282 2059/2873/5 2075/2882/5 2090/2878/282
f 2067/2857/35 2068/2856/298 2084/2883/298 2083/2884/35
f 2060/2859/309 2061/2858/285 2077/2885/285 2076/2880/309
f 2068/2856/298 2069/2860/300 2085/2886/300 2084/2883/298
f 2062/2861/288 2078/2887/288 2077/2885/285 2061/2858/285
f 2070/2862/302 2086/2888/302 2085/2886/300 2069/2860/300
f 2063/2863/25 2079/2889/25 2078/2887/288 2062/2861/288
f 2070/2862/302 2071/2864/27 2087/2890/27 2086/2888/302
f 2063/2863/25 2064/2865/291 2080/2891/291 2079/2889/25
f 2071/2864/27 2072/2866/305 2088/2875/305 2087/2890/27
f 2064/2865/291 2065/2867/293 2081/2877/293 2080/2891/291
f 2086/2888/31 2087/2890/31 2103/2892/31 2102/2893/31
f 2079/2889/31 2080/2891/31 2096/2894/31 2095/2895/31
f 2087/2890/31 2088/2875/31 2104/2896/31 2103/2892/31
f 2080/2891/31 2081/2877/31 2097/2897/31 2096/2894/31
f 2089/2874/31 2105/2898/31 2104/2896/31 2088/2875/31
f 2082/2876/31 2098/2899/31 2097/2897/31 2081/2877/31
f 2090/2878/31 2106/2900/31 2105/2898/31 2089/2874/31
f 2083/2879/31 2099/2901/31 2098/2899/31 2082/2876/31
f 2076/2880/31 2092/2902/31 2091/2903/31 2075/2881/31
f 2090/2878/31 2075/2882/31 2091/2904/31 2106/2900/31
f 2083/2884/31 2084/2883/31 2100/2905/31 2099/2906/31
f 2076/2880/31 2077/2885/31 2093/2907/31 2092/2902/31
f 2084/2883/31 2085/2886/31 2101/2908/31 2100/2905/31
f 2078/2887/31 2094/2909/31 2093/2907/31 2077/2885/31
f 2086/2888/31 2102/2893/31 2101/2908/31 2085/2886/31
f 2079/2889/31 2095/2895/31 2094/2909/31 2078/2887/31
f 2092/2902/309 2093/2907/285 2109/2910/285 2108/2911/309
f 2100/2905/298 2101/2908/300 2117/2912/300 2116/2913/298
f 2094/2909/288 2110/2914/288 2109/2910/285 2093/2907/285
f 2102/2893/302 2118/2915/302 2117/2912/300 2101/2908/300
f 2095/2895/25 2111/2916/25 2110/2914/288 2094/2909/288
f 2102/2893/302 2103/2892/27 2119/2917/27 2118/2915/302
f 2095/2895/25 2096/2894/291 2112/2918/291 2111/2916/25
f 2103/2892/27 2104/2896/305 2120/2919/305 2119/2917/27
f 2096/2894/291 2097/2897/293 2113/2920/293 2112/2918/291
f 2105/2898/307 2121/2921/307 2120/2919/305 2104/2896/305
f 2098/2899/295 2114/2922/295 2113/2920/293 2097/2897/293
f 2106/2900/282 2122/2923/282 2121/2921/307 2105/2898/307
f 2099/2901/35 2115/2924/35 2114/2922/295 2098/2899/295
f 2092/2902/309 2108/2911/309 2107/2925/5 2091/2903/5
f 2106/2900/282 2091/2904/5 2107/2926/5 2122/2923/282
f 2099/2906/35 2100/2905/298 2116/2913/298 2115/2927/35
f 2126/2928/5 2133/2929/309 2238/2930/309 2237/2931/5
f 2236/2932/394 2125/2933/395 2131/2934/396 2132/2935/397
f 2124/2936/5 2123/2937/398 2129/2938/399 2130/2939/309
f 2235/2940/400 2234/2941/401 2127/2942/402 2128/2943/403
f 2126/2944/404 2236/2932/394 2132/2935/397 2133/2945/405
f 2125/2933/395 2124/2936/5 2130/2939/309 2131/2934/396
f 2123/2937/398 2235/2940/400 2128/2943/403 2129/2938/399
f 2234/2941/401 2184/2946/31 2127/2942/402
f 2133/2945/405 2132/2935/397 2139/2947/406 2140/2948/407
f 2131/2934/396 2130/2939/309 2137/2949/285 2138/2950/408
f 2129/2938/399 2128/2943/403 2135/2951/409 2136/2952/410
f 2127/2942/402 2184/2946/31 2134/2953/411
f 2205/2954/302 2212/2955/27 2250/2956/27 2249/2957/302
f 2132/2935/397 2131/2934/396 2138/2950/408 2139/2947/406
f 2130/2939/309 2129/2938/399 2136/2952/410 2137/2949/285
f 2128/2943/403 2127/2942/402 2134/2953/411 2135/2951/409
f 2138/2950/408 2137/2949/285 2144/2958/288 2145/2959/412
f 2136/2952/410 2135/2951/409 2142/2960/413 2143/2961/414
f 2134/2953/411 2184/2946/31 2141/2962/415
f 2212/2955/27 2219/2963/305 2251/2964/305 2250/2956/27
f 2139/2947/406 2138/2950/408 2145/2959/412 2146/2965/416
f 2137/2949/285 2136/2952/410 2143/2961/414 2144/2958/288
f 2135/2951/409 2134/2953/411 2141/2962/415 2142/2960/413
f 2140/2948/407 2139/2947/406 2146/2965/416 2147/2966/417
f 2147/2967/288 2154/2968/25 2241/2969/25 2240/2970/288
f 2146/2965/416 2145/2959/412 2152/2971/418 2153/2972/419
f 2144/2958/288 2143/2961/414 2150/2973/420 2151/2974/25
f 2142/2960/413 2141/2962/415 2148/2975/421 2149/2976/422
f 2147/2966/417 2146/2965/416 2153/2972/419 2154/2977/423
f 2145/2959/412 2144/2958/288 2151/2974/25 2152/2971/418
f 2143/2961/414 2142/2960/413 2149/2976/422 2150/2973/420
f 2141/2962/415 2184/2946/31 2148/2975/421
f 2151/2974/25 2150/2973/420 2157/2978/424 2158/2979/291
f 2149/2976/422 2148/2975/421 2155/2980/425 2156/2981/426
f 2154/2977/423 2153/2972/419 2160/2982/427 2161/2983/428
f 2152/2971/418 2151/2974/25 2158/2979/291 2159/2984/429
f 2150/2973/420 2149/2976/422 2156/2981/426 2157/2978/424
f 2148/2975/421 2184/2946/31 2155/2980/425
f 2140/2985/285 2147/2967/288 2240/2970/288 2239/2986/285
f 2153/2972/419 2152/2971/418 2159/2984/429 2160/2982/427
f 2161/2983/428 2160/2982/427 2167/2987/430 2168/2988/431
f 2159/2984/429 2158/2979/291 2165/2989/293 2166/2990/432
f 2157/2978/424 2156/2981/426 2163/2991/433 2164/2992/434
f 2155/2980/425 2184/2946/31 2162/2993/435
f 2191/2994/298 2198/2995/300 2248/2996/300 2247/2997/298
f 2160/2982/427 2159/2984/429 2166/2990/432 2167/2987/430
f 2158/2979/291 2157/2978/424 2164/2992/434 2165/2989/293
f 2156/2981/426 2155/2980/425 2162/2993/435 2163/2991/433
f 2164/2992/434 2163/2991/433 2170/2998/436 2171/2999/437
f 2162/2993/435 2184/2946/31 2169/3000/438
f 2198/2995/300 2205/2954/302 2249/2957/302 2248/2996/300
f 2167/2987/430 2166/2990/432 2173/3001/439 2174/3002/440
f 2165/2989/293 2164/2992/434 2171/2999/437 2172/3003/295
f 2163/2991/433 2162/2993/435 2169/3000/438 2170/2998/436
f 2168/2988/431 2167/2987/430 2174/3002/440 2175/3004/441
f 2166/2990/432 2165/2989/293 2172/3003/295 2173/3001/439
f 2168/3005/293 2175/3006/295 2244/3007/295 2243/3008/293
f 2174/3002/440 2173/3001/439 2180/3009/442 2181/3010/443
f 2172/3003/295 2171/2999/437 2178/3011/444 2179/3012/35
f 2170/2998/436 2169/3000/438 2176/3013/445 2177/3014/446
f 2175/3004/441 2174/3002/440 2181/3010/443 2182/3015/447
f 2173/3001/439 2172/3003/295 2179/3012/35 2180/3009/442
f 2171/2999/437 2170/2998/436 2177/3014/446 2178/3011/444
f 2169/3000/438 2184/2946/31 2176/3013/445
f 2177/3016/446 2176/3017/445 2185/3018/448 2186/3019/449
f 2182/3020/447 2181/3021/443 2190/3022/450 2191/3023/451
f 2180/3024/442 2179/3025/35 2188/3026/298 2189/3027/452
f 2178/3028/444 2177/3016/446 2186/3019/449 2187/3029/453
f 2176/3017/445 2184/3030/31 2185/3018/448
f 2226/3031/307 2233/3032/282 2253/3033/282 2252/3034/307
f 2181/3021/443 2180/3024/442 2189/3027/452 2190/3022/450
f 2179/3025/35 2178/3028/444 2187/3029/453 2188/3026/298
f 2191/3023/451 2190/3022/450 2197/3035/454 2198/3036/455
f 2189/3027/452 2188/3026/298 2195/3037/300 2196/3038/456
f 2187/3029/453 2186/3019/449 2193/3039/457 2194/3040/458
f 2185/3018/448 2184/3030/31 2192/3041/459
f 2161/3042/291 2168/3005/293 2243/3008/293 2242/3043/291
f 2190/3022/450 2189/3027/452 2196/3038/456 2197/3035/454
f 2188/3026/298 2187/3029/453 2194/3040/458 2195/3037/300
f 2186/3019/449 2185/3018/448 2192/3041/459 2193/3039/457
f 2192/3041/459 2184/3030/31 2199/3044/460
f 2219/2963/305 2226/3031/307 2252/3034/307 2251/2964/305
f 2197/3035/454 2196/3038/456 2203/3045/461 2204/3046/462
f 2195/3037/300 2194/3040/458 2201/3047/463 2202/3048/302
f 2193/3039/457 2192/3041/459 2199/3044/460 2200/3049/464
f 2198/3036/455 2197/3035/454 2204/3046/462 2205/3050/465
f 2196/3038/456 2195/3037/300 2202/3048/302 2203/3045/461
f 2194/3040/458 2193/3039/457 2200/3049/464 2201/3047/463
f 2204/3046/462 2203/3045/461 2210/3051/466 2211/3052/467
f 2202/3048/302 2201/3047/463 2208/3053/468 2209/3054/27
f 2200/3049/464 2199/3044/460 2206/3055/469 2207/3056/470
f 2205/3050/465 2204/3046/462 2211/3052/467 2212/3057/471
f 2203/3045/461 2202/3048/302 2209/3054/27 2210/3051/466
f 2201/3047/463 2200/3049/464 2207/3056/470 2208/3053/468
f 2199/3044/460 2184/3030/31 2206/3055/469
f 2133/2929/309 2140/2985/285 2239/2986/285 2238/2930/309
f 2212/3057/471 2211/3052/467 2218/3058/472 2219/3059/473
f 2210/3051/466 2209/3054/27 2216/3060/305 2217/3061/474
f 2208/3053/468 2207/3056/470 2214/3062/475 2215/3063/476
f 2206/3055/469 2184/3030/31 2213/3064/477
f 2182/3065/35 2191/2994/298 2247/2997/298 2245/3066/35
f 2211/3052/467 2210/3051/466 2217/3061/474 2218/3058/472
f 2209/3054/27 2208/3053/468 2215/3063/476 2216/3060/305
f 2207/3056/470 2206/3055/469 2213/3064/477 2214/3062/475
f 2217/3061/474 2216/3060/305 2223/3067/307 2224/3068/478
f 2215/3063/476 2214/3062/475 2221/3069/479 2222/3070/480
f 2213/3064/477 2184/3030/31 2220/3071/481
f 2154/2968/25 2161/3042/291 2242/3043/291 2241/2969/25
f 2218/3058/472 2217/3061/474 2224/3068/478 2225/3072/482
f 2216/3060/305 2215/3063/476 2222/3070/480 2223/3067/307
f 2214/3062/475 2213/3064/477 2220/3071/481 2221/3069/479
f 2219/3059/473 2218/3058/472 2225/3072/482 2226/3073/483
f 2233/3032/282 2126/3074/5 2237/3075/5 2253/3033/282
f 2225/3072/482 2224/3068/478 2231/3076/484 2232/3077/485
f 2223/3067/307 2222/3070/480 2229/3078/486 2230/3079/282
f 2221/3069/479 2220/3071/481 2227/3080/487 2228/3081/488
f 2226/3073/483 2225/3072/482 2232/3077/485 2233/3082/489
f 2224/3068/478 2223/3067/307 2230/3079/282 2231/3076/484
f 2222/3070/480 2221/3069/479 2228/3081/488 2229/3078/486
f 2220/3071/481 2184/3030/31 2227/3080/487
f 2230/3079/282 2229/3078/486 2123/3083/398 2124/3084/5
f 2228/3081/488 2227/3080/487 2234/3085/401 2235/3086/400
f 2233/3082/489 2232/3077/485 2236/3087/394 2126/3088/404
f 2231/3076/484 2230/3079/282 2124/3084/5 2125/3089/395
f 2229/3078/486 2228/3081/488 2235/3086/400 2123/3083/398
f 2227/3080/487 2184/3030/31 2234/3085/401
f 2175/3006/295 2182/3090/35 2245/3091/35 2244/3007/295
f 2232/3077/485 2231/3076/484 2125/3089/395 2236/3087/394
f 2323/3092/490 2319/3093/491 2257/3094/492 2256/3095/493
f 2325/3096/494 2321/3097/495 2263/3098/496 2262/3099/497
f 2249/3100/498 2250/3101/499 2341/3102/500 2316/3103/501
f 2241/3104/502 2242/3105/503 2345/3106/504 2318/3107/505
f 2247/3108/506 2248/3109/507 2320/3110/508 2324/3111/509
f 2239/3112/510 2240/3113/511 2322/3114/512 2326/3115/513
f 2245/3116/514 2247/3108/506 2324/3111/509 2328/3117/515
f 2237/3118/516 2238/3119/517 2334/3120/518 2333/3121/519
f 2238/3119/517 2239/3112/510 2326/3115/513 2334/3120/518
f 2244/3122/520 2245/3123/514 2328/3124/515 2338/3125/521
f 2253/3126/522 2237/3127/516 2333/3128/519 2330/3129/523
f 2343/3130/524 2337/3131/525 2267/3132/526 2266/3133/527
f 2251/3134/528 2252/3135/529 2336/3136/530 2342/3137/531
f 2243/3138/532 2244/3122/520 2338/3125/521 2346/3139/533
f 2242/3105/503 2243/3138/532 2346/3139/533 2345/3106/504
f 2255/3140/534 2256/3095/535 2271/3141/536 2270/3142/537
f 2261/3143/538 2262/3099/539 2277/3144/540 2276/3145/541
f 2268/3146/542 2183/3147/543 2246/3148/544 2283/3149/545
f 2254/3150/546 2255/3140/534 2270/3142/537 2269/3151/547
f 2260/3152/548 2261/3153/538 2276/3154/541 2275/3155/549
f 2267/3132/550 2268/3146/542 2283/3149/545 2282/3156/551
f 2183/3157/543 2254/3150/546 2269/3151/547 2246/3158/544
f 2266/3133/552 2267/3132/550 2282/3156/551 2281/3159/553
f 2259/3160/554 2260/3152/548 2275/3155/549 2274/3161/555
f 2265/3162/556 2266/3133/552 2281/3159/553 2280/3163/557
f 2258/3164/558 2259/3160/554 2274/3161/555 2273/3165/559
f 2264/3166/560 2265/3162/556 2280/3163/557 2279/3167/561
f 2257/3094/562 2258/3164/558 2273/3165/559 2272/3168/563
f 2263/3098/564 2264/3166/560 2279/3167/561 2278/3169/565
f 2256/3095/535 2257/3094/562 2272/3168/563 2271/3141/536
f 2262/3099/539 2263/3098/564 2278/3169/565 2277/3144/540
f 2246/3158/544 2269/3151/547 2286/3170/566 2285/3171/567
f 2274/3161/555 2275/3155/549 2298/3172/568 2296/3173/569
f 2280/3163/557 2281/3159/553 2310/3174/570 2308/3175/571
f 2273/3165/559 2274/3161/555 2296/3173/569 2294/3176/572
f 2279/3167/561 2280/3163/557 2308/3175/571 2306/3177/573
f 2272/3168/563 2273/3165/559 2294/3176/572 2292/3178/574
f 2278/3169/565 2279/3167/561 2306/3177/573 2304/3179/575
f 2271/3141/536 2272/3168/563 2292/3178/574 2290/3180/576
f 2277/3144/540 2278/3169/565 2304/3179/575 2302/3181/577
f 2269/3151/547 2270/3142/537 2288/3182/578 2286/3170/566
f 2270/3142/537 2271/3141/536 2290/3180/576 2288/3182/578
f 2276/3145/541 2277/3144/540 2302/3181/577 2300/3183/579
f 2282/3156/551 2283/3149/545 2314/3184/580 2312/3185/581
f 2275/3155/549 2276/3154/541 2300/3186/579 2298/3172/568
f 2281/3159/553 2282/3156/551 2312/3185/581 2310/3174/570
f 2285/3171/567 2286/3170/566 2287/3187/582 2284/3188/583
f 2289/3189/584 2287/3187/582 2286/3170/566 2288/3182/578
f 2288/3182/578 2290/3180/576 2291/3190/585 2289/3189/584
f 2290/3180/576 2292/3178/574 2293/3191/586 2291/3190/585
f 2295/3192/587 2293/3191/586 2292/3178/574 2294/3176/572
f 2297/3193/588 2295/3192/587 2294/3176/572 2296/3173/569
f 2296/3173/569 2298/3172/568 2299/3194/589 2297/3193/588
f 2298/3172/568 2300/3186/579 2301/3195/590 2299/3194/589
f 2303/3196/591 2301/3197/590 2300/3183/579 2302/3181/577
f 2305/3198/592 2303/3196/591 2302/3181/577 2304/3179/575
f 2304/3179/575 2306/3177/573 2307/3199/593 2305/3198/592
f 2309/3200/594 2307/3199/593 2306/3177/573 2308/3175/571
f 2311/3201/595 2309/3200/594 2308/3175/571 2310/3174/570
f 2310/3174/570 2312/3185/581 2313/3202/596 2311/3201/595
f 2312/3185/581 2314/3184/580 2315/3203/597 2313/3202/596
f 2284/3204/583 2315/3203/597 2314/3184/580 2285/3205/567
f 2283/3149/545 2246/3148/544 2285/3205/567 2314/3184/580
f 2344/3206/598 2347/3207/599 2259/3160/600 2258/3164/601
f 2340/3208/602 2343/3130/524 2266/3133/527 2265/3162/603
f 2250/3101/499 2251/3134/528 2342/3137/531 2341/3102/500
f 2347/3207/599 2339/3209/604 2260/3152/605 2259/3160/600
f 2332/3210/606 2335/3211/607 2254/3150/608 2183/3157/609
f 2331/3212/610 2332/3213/606 2183/3147/609 2268/3146/611
f 2337/3131/525 2331/3212/610 2268/3146/611 2267/3132/526
f 2339/3209/604 2329/3214/612 2261/3153/613 2260/3152/605
f 2252/3135/529 2253/3126/522 2330/3129/523 2336/3136/530
f 2335/3211/607 2327/3215/614 2255/3140/615 2254/3150/608
f 2329/3216/612 2325/3096/494 2262/3099/497 2261/3143/613
f 2327/3215/614 2323/3092/490 2256/3095/493 2255/3140/615
f 2319/3093/491 2344/3206/598 2258/3164/601 2257/3094/492
f 2317/3217/616 2340/3208/602 2265/3162/603 2264/3166/617
f 2240/3113/511 2241/3104/502 2318/3107/505 2322/3114/512
f 2248/3109/507 2249/3100/498 2316/3103/501 2320/3110/508
f 2347/3207/599 2344/3206/598 2345/3106/504 2346/3139/533
f 2343/3130/524 2340/3208/602 2341/3102/500 2342/3137/531
f 2339/3209/604 2347/3207/599 2346/3139/533 2338/3125/521
f 2337/3131/525 2343/3130/524 2342/3137/531 2336/3136/530
f 2335/3211/607 2332/3210/606 2333/3121/519 2334/3120/518
f 2331/3212/610 2337/3131/525 2336/3136/530 2330/3129/523
f 2329/3214/612 2339/3209/604 2338/3125/521 2328/3124/515
f 2327/3215/614 2335/3211/607 2334/3120/518 2326/3115/513
f 2332/3213/606 2331/3212/610 2330/3129/523 2333/3128/519
f 2325/3096/494 2329/3216/612 2328/3117/515 2324/3111/509
f 2323/3092/490 2327/3215/614 2326/3115/513 2322/3114/512
f 2321/3097/495 2325/3096/494 2324/3111/509 2320/3110/508
f 2319/3093/491 2323/3092/490 2322/3114/512 2318/3107/505
f 2317/3217/616 2321/3097/495 2320/3110/508 2316/3103/501
f 2344/3206/598 2319/3093/491 2318/3107/505 2345/3106/504
f 2340/3208/602 2317/3217/616 2316/3103/501 2341/3102/500
f 2321/3097/495 2317/3217/616 2264/3166/617 2263/3098/496
f 2349/64/25 82/3218/25 80/187/25
f 82/3218/25 2349/64/25 2348/165/25
f 85/82/27 86/167/27 2350/3219/27
f 85/82/27 2350/3219/27 87/3220/27 84/83/27
f 2351/303/27 144/208/27 146/3221/27
f 146/3221/27 144/208/27 143/330/27
f 2352/3222/25 149/222/62 148/226/25 151/3223/25
f 150/306/25 149/222/62 2352/3222/25
f 63/67/25 65/3224/25 62/68/25
f 63/67/25 64/146/25 65/3224/25
f 128/3225/27 126/3226/27 125/204/27
f 127/287/27 126/3227/27 128/3225/27
f 132/288/25 131/209/61 133/3228/25
f 133/3228/25 131/209/61 130/219/25
f 68/69/27 69/147/27 70/3229/27
f 70/3229/27 67/70/27 68/69/27
o LightBar
v -1.324240 5.628708 0.177821
v 1.324241 5.628708 0.177821
v -1.324239 5.592898 0.184944
v 1.324241 5.592897 0.184944
v -1.324239 5.562540 0.205228
v 1.324241 5.562540 0.205228
v -1.324239 5.542255 0.235587
v 1.324241 5.542255 0.235587
v -1.324239 5.535132 0.271397
v 1.324241 5.535131 0.271396
v -1.324239 5.542255 0.307206
v 1.324241 5.542255 0.307206
v -1.324239 5.562540 0.337565
v 1.324241 5.562540 0.337565
v -1.324239 5.592898 0.357849
v 1.324241 5.592897 0.357849
v -1.324239 5.628708 0.364972
v 1.324241 5.628708 0.364972
v -1.324239 5.664518 0.357849
v 1.324241 5.664517 0.357849
v -1.324239 5.694876 0.337565
v 1.324241 5.694876 0.337565
v -1.324240 5.715160 0.307206
v 1.324241 5.715160 0.307206
v -1.324240 5.722283 0.271397
v 1.324241 5.722283 0.271396
v -1.324240 5.715160 0.235587
v 1.324241 5.715160 0.235587
v -1.324240 5.694876 0.205228
v 1.324241 5.694876 0.205228
v -1.324240 5.664518 0.184944
v 1.324241 5.664517 0.184944
vn -0.6657 -0.0000 -0.7462
vn 0.6657 -0.0000 -0.7462
vn 0.6657 -0.2856 -0.6894
vn -0.6657 -0.2856 -0.6894
vn 0.6657 -0.5276 -0.5276
vn -0.6657 -0.5276 -0.5276
vn 0.6657 -0.6894 -0.2856
vn -0.6657 -0.6894 -0.2856
vn 0.6657 -0.7462 -0.0000
vn -0.6657 -0.7462 -0.0000
vn 0.6657 -0.6894 0.2856
vn -0.6657 -0.6894 0.2856
vn 0.6657 -0.5276 0.5276
vn -0.6657 -0.5276 0.5276
vn 0.6657 -0.2856 0.6894
vn -0.6657 -0.2856 0.6894
vn 0.6657 -0.0000 0.7462
vn -0.6657 -0.0000 0.7462
vn 0.6657 0.2856 0.6894
vn -0.6657 0.2856 0.6894
vn 0.6657 0.5276 0.5276
vn -0.6657 0.5276 0.5276
vn 0.6657 0.6894 0.2856
vn -0.6657 0.6894 0.2856
vn 0.6657 0.7462 -0.0000
vn -0.6657 0.7462 -0.0000
vn 0.6657 0.6894 -0.2856
vn -0.6657 0.6894 -0.2856
vn 0.6657 0.5276 -0.5276
vn -0.6657 0.5276 -0.5276
vn 0.6657 0.2856 -0.6894
vn -0.6657 0.2856 -0.6894
vt 0.080145 0.539488
vt 0.080145 0.557777
vt 0.077859 0.557777
vt 0.077859 0.539488
vt 0.075573 0.557777
vt 0.075573 0.539488
vt 0.073286 0.557777
vt 0.073286 0.539488
vt 0.071000 0.557777
vt 0.071000 0.539488
vt 0.068714 0.557777
vt 0.068714 0.539488
vt 0.066428 0.557777
vt 0.066428 0.539488
vt 0.064142 0.557777
vt 0.064142 0.539488
vt 0.061856 0.557777
vt 0.061856 0.539488
vt 0.059570 0.557777
vt 0.059570 0.539488
vt 0.057284 0.557777
vt 0.057284 0.539488
vt 0.054998 0.557777
vt 0.054998 0.539488
vt 0.052712 0.557777
vt 0.052712 0.539488
vt 0.050426 0.557777
vt 0.050426 0.539488
vt 0.048139 0.557777
vt 0.048139 0.539488
vt 0.056071 0.538454
vt 0.052712 0.539122
vt 0.049352 0.538454
vt 0.046504 0.536551
vt 0.044601 0.533703
vt 0.043933 0.530343
vt 0.044601 0.526984
vt 0.046504 0.524136
vt 0.049352 0.522233
vt 0.052712 0.521565
vt 0.056071 0.522233
vt 0.058919 0.524136
vt 0.060822 0.526984
vt 0.061490 0.530343
vt 0.060822 0.533703
vt 0.058919 0.536551
vt 0.045853 0.557777
vt 0.045853 0.539488
vt 0.043567 0.557777
vt 0.043567 0.539488
vt 0.071000 0.539122
vt 0.074360 0.538454
vt 0.077208 0.536551
vt 0.079111 0.533703
vt 0.079779 0.530343
vt 0.079111 0.526984
vt 0.077208 0.524136
vt 0.074360 0.522233
vt 0.071000 0.521565
vt 0.067641 0.522233
vt 0.064793 0.524136
vt 0.062890 0.526984
vt 0.062222 0.530343
vt 0.062890 0.533703
vt 0.064793 0.536551
vt 0.067641 0.538454
s 1
usemtl LightBar
f 2353/3230/618 2354/3231/619 2356/3232/620 2355/3233/621
f 2355/3233/621 2356/3232/620 2358/3234/622 2357/3235/623
f 2357/3235/623 2358/3234/622 2360/3236/624 2359/3237/625
f 2359/3237/625 2360/3236/624 2362/3238/626 2361/3239/627
f 2361/3239/627 2362/3238/626 2364/3240/628 2363/3241/629
f 2363/3241/629 2364/3240/628 2366/3242/630 2365/3243/631
f 2365/3243/631 2366/3242/630 2368/3244/632 2367/3245/633
f 2367/3245/633 2368/3244/632 2370/3246/634 2369/3247/635
f 2369/3247/635 2370/3246/634 2372/3248/636 2371/3249/637
f 2371/3249/637 2372/3248/636 2374/3250/638 2373/3251/639
f 2373/3251/639 2374/3250/638 2376/3252/640 2375/3253/641
f 2375/3253/641 2376/3252/640 2378/3254/642 2377/3255/643
f 2377/3255/643 2378/3254/642 2380/3256/644 2379/3257/645
f 2379/3257/645 2380/3256/644 2382/3258/646 2381/3259/647
f 2356/3260/620 2354/3261/619 2384/3262/648 2382/3263/646 2380/3264/644 2378/3265/642 2376/3266/640 2374/3267/638 2372/3268/636 2370/3269/634 2368/3270/632 2366/3271/630 2364/3272/628 2362/3273/626 2360/3274/624 2358/3275/622
f 2381/3259/647 2382/3258/646 2384/3276/648 2383/3277/649
f 2383/3277/649 2384/3276/648 2354/3278/619 2353/3279/618
f 2353/3280/618 2355/3281/621 2357/3282/623 2359/3283/625 2361/3284/627 2363/3285/629 2365/3286/631 2367/3287/633 2369/3288/635 2371/3289/637 2373/3290/639 2375/3291/641 2377/3292/643 2379/3293/645 2381/3294/647 2383/3295/649
